transaction_id,timestamp,day,merchant_id,merchant_category,merchant_volume_tier,customer_id,customer_tenure_days,customer_tx_count_30d,customer_avg_tx_size,customer_refund_rate,amount,payment_method,bank_name,card_bin,hour_of_day,day_of_week,is_weekend,velocity_1h,velocity_24h,velocity_7d,device_change_flag,geo_mismatch_flag,is_cross_border,3ds_used,is_fraud,is_flagged,is_false_positive,settlement_time_hours
TXN0000000,2024-01-02T18:29:00,1,M0086,Retail,high,C00690,20,2,922,0.0354,476.46,card,Canara,429133,18,1,0,0,0,0,0,0,0,0,0,0,1,20
TXN0000001,2024-01-02T21:55:00,1,M0088,Food,low,C00628,6,1,1373,0.0525,974.0,netbanking,SBI,547556,21,1,0,0,0,0,0,0,0,0,0,0,1,63
TXN0000002,2024-01-02T23:10:00,1,M0136,Logistics,mid,C00742,283,15,7773,0.2377,13000.94,wallet,Axis,472986,23,1,0,0,0,0,0,0,0,0,0,0,0,37
TXN0000003,2024-01-02T07:19:00,1,M0075,Retail,mid,C00798,897,108,3896,0.0264,6850.7,wallet,SBI,463560,7,1,0,12,0,0,0,1,0,1,0,1,1,38
TXN0000004,2024-01-02T18:00:00,1,M0100,Retail,low,C01211,878,79,20212,0.0123,9506.15,wallet,SBI,418455,18,1,0,0,0,0,0,0,0,0,0,0,0,58
TXN0000005,2024-01-02T15:27:00,1,M0087,Logistics,mid,C00557,161,5,6949,0.0163,17510.82,netbanking,Axis,574302,15,1,0,0,0,0,0,0,0,0,1,1,0,39
TXN0000006,2024-01-02T10:46:00,1,M0107,SaaS,mid,C00116,766,100,4386,0.0115,8013.03,wallet,Axis,553559,10,1,0,0,0,0,0,0,0,0,0,0,0,54
TXN0000007,2024-01-02T14:38:00,1,M0068,B2B,low,C00212,74,19,2080,0.1389,22804.07,card,Yes,552075,14,1,0,0,0,0,0,0,0,0,0,0,1,38
TXN0000008,2024-01-02T18:54:00,1,M0100,Retail,low,C01471,226,11,7159,0.0178,7099.51,card,HDFC,565287,18,1,0,0,0,0,0,0,0,1,0,0,0,70
TXN0000009,2024-01-02T09:52:00,1,M0105,SaaS,high,C00058,6,2,1129,0.0777,5574.26,card,Axis,546401,9,1,0,0,0,0,0,0,0,0,0,0,0,32
TXN0000010,2024-01-02T08:31:00,1,M0189,SaaS,mid,C00821,7,4,1949,0.2503,5177.82,wallet,Yes,563001,8,1,0,0,0,0,0,0,0,1,0,0,0,36
TXN0000011,2024-01-02T10:28:00,1,M0051,Food,low,C00542,75,16,6280,0.0499,7215.39,card,PNB,562128,10,1,0,0,0,0,0,0,0,1,0,0,0,17
TXN0000012,2024-01-02T10:22:00,1,M0182,Retail,high,C01224,168,17,1803,0.2423,3288.93,card,Canara,410688,10,1,0,0,0,0,0,0,0,1,0,0,0,29
TXN0000013,2024-01-02T09:56:00,1,M0006,Food,low,C01012,10,1,716,0.1008,299.04,card,PNB,448773,9,1,0,13,0,0,0,0,0,0,0,0,0,52
TXN0000014,2024-01-02T23:51:00,1,M0147,SaaS,mid,C00792,275,6,6658,0.0466,9342.96,card,SBI,425328,23,1,0,0,0,0,0,0,0,0,0,0,0,44
TXN0000015,2024-01-02T19:14:00,1,M0181,Food,high,C00974,94,15,2436,0.1347,1685.14,wallet,PNB,416949,19,1,0,0,0,0,0,0,0,1,0,0,0,47
TXN0000016,2024-01-02T13:45:00,1,M0114,Logistics,mid,C01144,168,13,3064,0.1729,39879.04,upi,Canara,512939,13,1,0,0,0,0,0,0,0,0,1,1,0,37
TXN0000017,2024-01-02T16:21:00,1,M0055,Services,mid,C01355,92,17,3704,0.1002,3237.19,upi,Yes,553995,16,1,0,0,0,0,0,0,0,0,0,0,0,51
TXN0000018,2024-01-02T08:38:00,1,M0016,Services,high,C01084,249,17,5055,0.1159,3847.72,wallet,PNB,499953,8,1,0,12,0,0,0,0,0,1,0,0,0,33
TXN0000019,2024-01-02T12:16:00,1,M0046,SaaS,high,C00196,24,2,996,0.022,866.96,upi,HDFC,546047,12,1,0,0,0,0,0,0,0,0,0,0,0,22
TXN0000020,2024-01-02T10:51:00,1,M0000,Logistics,low,C01083,194,5,2367,0.1078,4121.0,card,Yes,550466,10,1,0,0,0,0,0,0,0,0,0,0,0,66
TXN0000021,2024-01-02T12:39:00,1,M0197,Food,low,C00363,794,55,16873,0.0015,9202.97,card,SBI,426141,12,1,0,0,0,0,0,1,0,0,1,1,0,51
TXN0000022,2024-01-02T11:28:00,1,M0086,Retail,high,C00931,17,3,1151,0.1314,4844.56,upi,Canara,572925,11,1,0,0,0,0,0,0,0,0,0,0,1,18
TXN0000023,2024-01-02T13:36:00,1,M0133,SaaS,mid,C00186,244,6,5780,0.0759,4471.0,wallet,PNB,498845,13,1,0,0,0,0,0,0,0,1,0,0,0,18
TXN0000024,2024-01-02T13:50:00,1,M0082,B2B,high,C01149,892,51,7931,0.0336,25766.42,netbanking,SBI,568016,13,1,0,0,0,0,0,0,0,1,1,1,0,13
TXN0000025,2024-01-02T14:52:00,1,M0012,Food,low,C00620,957,114,3817,0.0332,1922.9,card,Axis,586754,14,1,0,0,0,0,0,0,0,0,0,0,0,43
TXN0000026,2024-01-02T21:13:00,1,M0052,Logistics,mid,C01169,23,1,727,0.1133,9107.14,card,Yes,505371,21,1,0,0,0,0,0,0,0,1,0,0,0,27
TXN0000027,2024-01-02T20:19:00,1,M0159,Services,low,C01369,11,1,1181,0.2256,4441.7,wallet,Kotak,557320,20,1,0,0,0,0,0,0,1,0,0,0,0,14
TXN0000028,2024-01-02T06:07:00,1,M0178,Logistics,low,C00919,9,1,623,0.0317,2282.69,wallet,Kotak,540577,6,1,0,0,0,0,0,0,0,0,0,0,0,28
TXN0000029,2024-01-02T08:05:00,1,M0027,Services,high,C00244,71,7,6606,0.0884,1962.86,upi,Axis,514281,8,1,0,0,0,0,0,0,0,0,0,0,0,21
TXN0000030,2024-01-02T13:12:00,1,M0113,Services,high,C01222,809,61,11869,0.0028,17477.46,upi,PNB,499623,13,1,0,0,0,0,0,0,0,1,0,0,0,16
TXN0000031,2024-01-02T17:01:00,1,M0057,Food,high,C00376,201,16,3820,0.0317,2813.47,upi,SBI,589813,17,1,0,7,0,0,1,0,0,0,0,1,0,21
TXN0000032,2024-01-02T14:52:00,1,M0026,Retail,high,C01401,98,5,3761,0.048,2010.04,wallet,PNB,474047,14,1,0,0,0,0,0,0,0,0,1,1,0,70
TXN0000033,2024-01-02T10:40:00,1,M0191,Logistics,high,C00486,240,17,7027,0.0457,17904.38,netbanking,SBI,496489,10,1,0,0,0,0,0,0,0,0,0,0,0,31
TXN0000034,2024-01-02T14:14:00,1,M0036,Retail,low,C00087,17,3,684,0.0884,1380.49,wallet,Yes,488552,14,1,0,0,0,0,0,0,0,0,0,0,0,58
TXN0000035,2024-01-02T14:55:00,1,M0135,Retail,low,C00421,155,8,1375,0.2041,780.17,wallet,ICICI,542299,14,1,0,0,0,0,0,0,0,0,0,0,0,65
TXN0000036,2024-01-02T10:56:00,1,M0198,Food,mid,C01277,952,104,4871,0.0312,2532.55,card,PNB,550750,10,1,0,0,0,0,0,0,0,1,0,0,0,38
TXN0000037,2024-01-02T18:31:00,1,M0081,Logistics,high,C00959,25,3,1865,0.1485,3099.51,upi,Yes,423579,18,1,0,0,0,0,0,0,0,0,0,0,1,24
TXN0000038,2024-01-02T05:39:00,1,M0190,Services,low,C00308,260,13,2367,0.0514,5794.76,card,SBI,508838,5,1,0,0,0,0,0,0,0,0,0,0,0,38
TXN0000039,2024-01-02T23:44:00,1,M0040,SaaS,mid,C01150,262,18,3152,0.0977,2408.54,card,HDFC,553662,23,1,0,6,0,0,0,0,0,0,0,0,0,71
TXN0000040,2024-01-02T02:31:00,1,M0112,Logistics,mid,C01197,114,5,6492,0.0567,12286.03,upi,Axis,566257,2,1,0,8,0,0,0,0,0,0,0,1,0,72
TXN0000041,2024-01-02T01:57:00,1,M0021,SaaS,mid,C00726,937,113,7763,0.0556,7593.5,card,HDFC,570237,1,1,0,0,0,0,0,0,0,0,0,1,0,40
TXN0000042,2024-01-02T06:35:00,1,M0110,Food,high,C00691,6,2,1968,0.0842,2266.82,card,Canara,499619,6,1,0,0,0,0,0,1,0,0,1,1,0,29
TXN0000043,2024-01-02T19:50:00,1,M0178,Logistics,low,C00768,814,112,17112,0.0026,6798.11,upi,Yes,533376,19,1,0,13,0,0,0,0,0,1,0,0,0,20
TXN0000044,2024-01-02T05:36:00,1,M0195,Food,high,C00219,7,1,1716,0.0124,912.11,wallet,Yes,574309,5,1,0,0,0,0,0,0,0,1,0,0,1,57
TXN0000045,2024-01-02T06:27:00,1,M0035,SaaS,mid,C00408,869,99,18671,0.0294,3150.02,card,Canara,475514,6,1,0,0,0,0,0,0,0,0,0,0,0,67
TXN0000046,2024-01-02T07:34:00,1,M0015,Services,low,C00906,217,13,6576,0.0693,3323.87,netbanking,PNB,532816,7,1,0,0,0,0,0,0,0,1,0,0,0,28
TXN0000047,2024-01-02T22:16:00,1,M0088,Food,low,C00493,111,5,7036,0.1376,4291.73,wallet,HDFC,595105,22,1,0,0,0,0,0,0,0,0,0,0,0,61
TXN0000048,2024-01-02T05:16:00,1,M0092,Food,low,C01429,6,4,1564,0.0259,2109.41,card,SBI,411193,5,1,0,0,0,0,0,0,0,0,0,0,0,68
TXN0000049,2024-01-02T20:28:00,1,M0118,Retail,mid,C00664,257,11,5259,0.0795,9602.41,netbanking,HDFC,513870,20,1,0,0,0,0,0,0,0,0,0,0,0,23
TXN0000050,2024-01-02T01:30:00,1,M0038,B2B,mid,C01214,977,64,11845,0.0205,51087.3,wallet,Canara,513470,1,1,0,0,0,0,0,0,0,0,1,1,0,43
TXN0000051,2024-01-02T22:45:00,1,M0170,Logistics,mid,C00122,285,15,6138,0.0613,8927.16,netbanking,PNB,560334,22,1,0,0,0,0,0,0,0,1,0,0,0,30
TXN0000052,2024-01-02T07:36:00,1,M0087,Logistics,mid,C01484,139,7,4556,0.043,6434.22,card,Yes,566165,7,1,0,0,0,0,1,0,0,0,1,1,0,62
TXN0000053,2024-01-02T17:57:00,1,M0071,Retail,low,C01136,979,55,14910,0.0392,3931.08,wallet,HDFC,482171,17,1,0,0,0,0,0,0,0,1,0,0,0,60
TXN0000054,2024-01-02T12:57:00,1,M0037,Retail,mid,C01277,952,104,4871,0.0312,2495.42,upi,Canara,464640,12,1,0,0,1,1,0,0,0,1,0,0,0,34
TXN0000055,2024-01-02T22:31:00,1,M0158,Retail,low,C00988,21,3,1506,0.0789,2688.78,card,Kotak,465071,22,1,0,0,0,0,0,0,0,0,0,0,0,64
TXN0000056,2024-01-02T02:41:00,1,M0002,B2B,low,C00610,941,55,13937,0.0074,22107.04,wallet,Yes,428244,2,1,0,0,0,0,0,0,0,0,1,1,0,24
TXN0000057,2024-01-02T07:01:00,1,M0180,Food,low,C01242,801,109,18019,0.0054,8884.76,wallet,SBI,485618,7,1,0,0,0,0,0,0,0,0,0,0,0,53
TXN0000058,2024-01-02T20:03:00,1,M0072,SaaS,high,C00663,8,3,1840,0.0977,1777.57,netbanking,Yes,488646,20,1,0,0,0,0,0,0,0,0,0,0,1,16
TXN0000059,2024-01-02T15:25:00,1,M0126,B2B,low,C00820,792,100,15240,0.0131,33210.93,netbanking,Axis,462721,15,1,0,0,0,0,0,0,0,0,1,1,0,13
TXN0000060,2024-01-02T04:14:00,1,M0013,Logistics,high,C01316,288,6,4550,0.0271,15418.18,netbanking,Canara,406163,4,1,0,0,0,0,0,0,0,0,1,1,0,47
TXN0000061,2024-01-02T11:05:00,1,M0017,B2B,low,C00082,239,14,1179,0.0479,13354.8,netbanking,PNB,441907,11,1,0,0,0,0,0,0,0,0,0,0,0,28
TXN0000062,2024-01-02T07:18:00,1,M0085,SaaS,mid,C00400,99,11,6695,0.0759,3103.14,card,Axis,599166,7,1,0,0,0,0,0,0,0,0,0,0,0,65
TXN0000063,2024-01-02T10:29:00,1,M0176,SaaS,low,C01380,83,11,3115,0.0312,1047.13,netbanking,HDFC,456734,10,1,0,0,0,0,0,1,0,0,1,1,0,25
TXN0000064,2024-01-02T23:38:00,1,M0127,Food,low,C01474,15,4,808,0.0462,677.96,upi,HDFC,402939,23,1,0,7,0,0,0,0,0,0,0,0,0,31
TXN0000065,2024-01-02T16:27:00,1,M0113,Services,high,C00781,193,11,3984,0.0716,1941.76,card,ICICI,566909,16,1,0,0,0,0,0,0,0,0,0,0,0,13
TXN0000066,2024-01-02T09:44:00,1,M0121,Food,low,C00357,887,100,18431,0.0124,11575.9,wallet,PNB,445881,9,1,0,0,0,0,1,0,0,0,1,1,0,14
TXN0000067,2024-01-02T08:17:00,1,M0168,Food,high,C00129,806,92,5670,0.0205,6976.56,wallet,Canara,460691,8,1,0,0,0,0,0,0,0,0,1,1,0,30
TXN0000068,2024-01-02T12:10:00,1,M0093,SaaS,mid,C00181,300,16,7184,0.0367,5046.96,netbanking,Kotak,438701,12,1,0,0,0,0,0,0,0,0,0,0,0,43
TXN0000069,2024-01-02T07:59:00,1,M0172,Food,mid,C01110,168,20,6680,0.0808,2115.06,netbanking,SBI,550390,7,1,0,0,0,0,0,0,0,0,0,0,0,25
TXN0000070,2024-01-02T07:32:00,1,M0177,Food,low,C00811,93,6,5755,0.0401,1562.23,wallet,ICICI,485324,7,1,0,0,0,0,0,0,0,0,0,0,0,47
TXN0000071,2024-01-02T14:47:00,1,M0101,Food,low,C01071,123,9,6974,0.0782,5071.31,upi,Canara,437841,14,1,0,0,0,0,0,0,0,0,0,0,1,31
TXN0000072,2024-01-02T15:52:00,1,M0061,Services,low,C00831,205,13,3911,0.051,2866.81,upi,PNB,493720,15,1,0,0,0,0,1,0,0,1,1,1,0,50
TXN0000073,2024-01-02T12:37:00,1,M0076,Services,high,C00702,223,10,5735,0.0252,3990.36,wallet,ICICI,510808,12,1,0,0,0,0,0,0,0,0,0,0,0,34
TXN0000074,2024-01-02T22:48:00,1,M0175,Food,low,C01004,144,8,1025,0.0719,2074.21,card,Canara,409002,22,1,0,0,0,0,0,0,0,0,0,0,0,57
TXN0000075,2024-01-02T16:37:00,1,M0115,Services,high,C00443,854,55,13516,0.0083,9682.68,upi,Kotak,553527,16,1,0,0,0,0,0,0,0,0,0,0,0,23
TXN0000076,2024-01-02T16:53:00,1,M0115,Services,high,C00600,115,20,4717,0.0706,4926.47,card,Yes,579053,16,1,0,0,0,0,0,0,0,0,0,0,0,57
TXN0000077,2024-01-02T22:38:00,1,M0113,Services,high,C01435,239,13,5654,0.071,3074.41,netbanking,ICICI,509739,22,1,0,0,0,0,0,0,0,1,1,1,0,47
TXN0000078,2024-01-02T12:32:00,1,M0179,Services,low,C00864,22,3,937,0.0258,7074.99,netbanking,Kotak,525273,12,1,0,0,0,0,0,0,0,0,0,0,0,23
TXN0000079,2024-01-02T18:25:00,1,M0149,Services,low,C00846,300,16,7520,0.1088,3556.63,card,Yes,463878,18,1,0,0,0,0,1,1,0,0,1,1,0,24
TXN0000080,2024-01-02T08:35:00,1,M0169,Food,low,C00972,154,6,1551,0.1387,1142.52,upi,SBI,464767,8,1,0,0,0,0,0,0,0,0,0,0,0,52
TXN0000081,2024-01-02T18:02:00,1,M0092,Food,low,C00461,24,1,1074,0.0982,1654.73,card,Canara,561191,18,1,0,0,0,0,0,0,0,0,0,0,0,38
TXN0000082,2024-01-02T10:49:00,1,M0165,Services,low,C01301,159,18,3902,0.0381,1535.63,netbanking,Canara,570437,10,1,0,0,0,0,0,0,0,0,0,0,0,31
TXN0000083,2024-01-02T21:32:00,1,M0137,B2B,mid,C01239,20,3,1092,0.1306,17818.56,netbanking,ICICI,581252,21,1,0,0,0,0,0,0,0,0,0,0,1,45
TXN0000084,2024-01-02T21:20:00,1,M0157,SaaS,mid,C01293,247,18,5415,0.1497,3751.2,card,SBI,580442,21,1,0,0,0,0,0,0,0,0,0,0,0,35
TXN0000085,2024-01-02T12:33:00,1,M0182,Retail,high,C01111,200,20,5413,0.0781,4236.81,wallet,Yes,464391,12,1,0,0,0,0,0,0,0,0,0,0,0,71
TXN0000086,2024-01-02T15:16:00,1,M0145,SaaS,low,C00940,81,14,7902,0.1297,4760.98,netbanking,PNB,452216,15,1,0,0,0,0,0,0,0,0,0,0,0,52
TXN0000087,2024-01-02T10:08:00,1,M0125,Retail,low,C01219,19,3,1090,0.1517,876.56,wallet,Axis,410469,10,1,0,0,0,0,0,0,0,0,0,0,0,12
TXN0000088,2024-01-02T09:38:00,1,M0028,Retail,mid,C00691,6,2,1968,0.0842,1667.36,wallet,Axis,542006,9,1,0,0,1,1,0,0,0,0,0,0,0,17
TXN0000089,2024-01-02T19:14:00,1,M0146,Food,mid,C01257,986,89,16081,0.0186,8309.5,wallet,Axis,460864,19,1,0,10,0,0,0,0,0,1,0,0,0,57
TXN0000090,2024-01-02T12:56:00,1,M0113,Services,high,C00906,217,13,6576,0.0693,1989.62,wallet,SBI,505907,12,1,0,0,1,1,0,0,0,0,0,0,0,37
TXN0000091,2024-01-02T22:43:00,1,M0070,Services,low,C00509,13,2,1637,0.1018,930.93,wallet,PNB,423451,22,1,0,0,0,0,0,0,0,0,0,0,0,29
TXN0000092,2024-01-02T19:41:00,1,M0093,SaaS,mid,C00532,185,11,3626,0.1331,2349.71,upi,Kotak,420776,19,1,0,9,0,0,0,0,0,1,0,0,0,21
TXN0000093,2024-01-02T21:14:00,1,M0075,Retail,mid,C00290,20,3,1897,0.2062,3666.49,card,Kotak,543638,21,1,0,0,0,0,0,0,0,0,0,0,0,22
TXN0000094,2024-01-03T18:17:00,2,M0004,Logistics,low,C00400,99,11,6695,0.0759,12162.98,upi,Yes,445034,18,2,0,0,0,1,0,0,0,0,0,0,0,13
TXN0000095,2024-01-03T08:30:00,2,M0128,B2B,high,C01033,8,1,749,0.0884,44721.62,card,Canara,445913,8,2,0,0,0,0,0,0,0,0,1,1,0,22
TXN0000096,2024-01-03T11:00:00,2,M0163,Logistics,high,C01241,62,14,1279,0.1155,10778.34,netbanking,PNB,597035,11,2,0,0,0,0,0,0,0,0,0,0,0,22
TXN0000097,2024-01-03T20:24:00,2,M0128,B2B,high,C01023,277,12,6737,0.1289,38512.16,card,Kotak,503903,20,2,0,0,0,0,0,0,0,1,0,1,0,26
TXN0000098,2024-01-03T12:56:00,2,M0112,Logistics,mid,C00517,15,2,1142,0.0701,7867.74,wallet,PNB,420479,12,2,0,0,0,0,0,0,0,0,0,0,1,44
TXN0000099,2024-01-03T13:00:00,2,M0141,Logistics,low,C00977,20,3,913,0.0585,6186.88,wallet,Yes,562993,13,2,0,12,0,0,0,0,0,0,0,0,1,63
TXN0000100,2024-01-03T13:48:00,2,M0132,Food,mid,C01199,175,11,7389,0.0768,2052.82,wallet,Kotak,437736,13,2,0,0,0,0,0,0,0,0,0,0,0,17
TXN0000101,2024-01-03T04:00:00,2,M0157,SaaS,mid,C00786,74,7,3571,0.0818,1774.29,upi,ICICI,442832,4,2,0,0,0,0,0,0,0,1,0,0,0,42
TXN0000102,2024-01-03T21:31:00,2,M0016,Services,high,C00448,10,3,1642,0.0153,453.53,netbanking,Yes,538073,21,2,0,0,0,0,0,0,0,0,0,0,0,57
TXN0000103,2024-01-03T18:15:00,2,M0150,Retail,mid,C01065,288,10,5394,0.1014,10409.71,netbanking,Kotak,427917,18,2,0,0,0,0,1,0,0,0,1,1,0,66
TXN0000104,2024-01-03T06:34:00,2,M0056,Retail,low,C00509,13,2,1637,0.1018,1980.77,netbanking,HDFC,514196,6,2,0,0,1,1,0,0,0,0,0,0,0,38
TXN0000105,2024-01-03T10:31:00,2,M0121,Food,low,C00062,23,4,1800,0.1931,990.68,card,Yes,555568,10,2,0,0,0,0,0,0,0,1,0,0,1,17
TXN0000106,2024-01-03T20:59:00,2,M0021,SaaS,mid,C00017,816,60,12299,0.0135,3593.5,card,Kotak,496145,20,2,0,0,0,0,0,0,0,0,1,1,0,56
TXN0000107,2024-01-03T20:21:00,2,M0091,Logistics,high,C01364,5,3,568,0.1317,8408.98,wallet,ICICI,470079,20,2,0,0,0,0,0,0,0,0,0,0,0,45
TXN0000108,2024-01-03T15:16:00,2,M0018,SaaS,high,C01254,203,9,7566,0.0232,3457.17,wallet,Canara,494044,15,2,0,0,0,0,0,0,0,0,0,0,0,53
TXN0000109,2024-01-03T18:54:00,2,M0180,Food,low,C00821,7,4,1949,0.2503,407.89,wallet,SBI,439145,18,2,0,0,0,1,0,0,0,1,0,0,1,33
TXN0000110,2024-01-03T12:07:00,2,M0176,SaaS,low,C00655,24,1,1087,0.1257,1528.2,wallet,Axis,490462,12,2,0,0,0,0,0,0,0,1,0,0,1,66
TXN0000111,2024-01-03T16:25:00,2,M0064,Food,high,C00797,781,70,11551,0.0148,3249.16,card,HDFC,443038,16,2,0,0,0,0,0,0,0,0,0,0,0,43
TXN0000112,2024-01-03T10:12:00,2,M0085,SaaS,mid,C00303,64,7,1112,0.0787,1186.54,card,Axis,438746,10,2,0,13,0,0,0,0,0,0,0,0,0,59
TXN0000113,2024-01-03T13:37:00,2,M0190,Services,low,C01034,206,20,3242,0.1247,2299.03,wallet,HDFC,474576,13,2,0,0,0,0,0,0,0,0,0,0,0,52
TXN0000114,2024-01-03T12:56:00,2,M0016,Services,high,C00971,17,3,524,0.1054,3601.02,netbanking,PNB,469564,12,2,0,9,0,0,0,0,1,1,0,0,0,26
TXN0000115,2024-01-03T22:51:00,2,M0115,Services,high,C00489,6,4,1320,0.1016,2000.88,upi,Canara,552089,22,2,0,0,0,0,0,0,0,0,0,0,0,30
TXN0000116,2024-01-03T08:41:00,2,M0199,SaaS,mid,C00237,75,20,6400,0.086,2505.63,netbanking,Kotak,508940,8,2,0,0,0,0,0,0,0,0,0,0,0,58
TXN0000117,2024-01-03T14:04:00,2,M0041,B2B,low,C00740,151,10,1433,0.0615,15125.99,card,ICICI,518303,14,2,0,0,0,0,0,0,0,0,0,0,0,65
TXN0000118,2024-01-03T16:17:00,2,M0199,SaaS,mid,C01094,932,69,17616,0.0048,9032.89,card,SBI,489679,16,2,0,7,0,0,0,0,0,0,0,0,0,46
TXN0000119,2024-01-03T11:48:00,2,M0049,Services,mid,C00980,292,12,7565,0.1281,4387.66,card,Canara,546134,11,2,0,0,0,0,0,0,0,0,0,0,0,53
TXN0000120,2024-01-03T01:42:00,2,M0094,SaaS,high,C00407,219,13,7005,0.033,1941.19,upi,SBI,524106,1,2,0,0,0,0,0,0,0,0,1,1,0,58
TXN0000121,2024-01-03T09:34:00,2,M0194,Retail,mid,C00697,211,15,4432,0.0478,7821.02,card,Kotak,489113,9,2,0,0,0,0,0,0,0,0,0,0,0,45
TXN0000122,2024-01-03T11:01:00,2,M0093,SaaS,mid,C00153,187,16,7531,0.082,4336.15,netbanking,Yes,483443,11,2,0,0,0,0,0,0,0,1,0,0,0,25
TXN0000123,2024-01-03T19:35:00,2,M0149,Services,low,C00161,185,11,2004,0.0423,1878.28,upi,PNB,597211,19,2,0,0,0,0,0,0,0,0,0,0,0,68
TXN0000124,2024-01-03T05:04:00,2,M0107,SaaS,mid,C00190,104,19,5367,0.0534,4101.12,wallet,ICICI,469280,5,2,0,0,0,0,0,0,0,0,1,1,0,69
TXN0000125,2024-01-03T21:44:00,2,M0063,SaaS,high,C00167,951,114,4815,0.0341,2438.79,wallet,HDFC,578627,21,2,0,0,0,0,0,0,0,1,0,0,0,62
TXN0000126,2024-01-03T12:39:00,2,M0186,B2B,mid,C00384,5,4,1105,0.0554,22824.87,upi,PNB,466846,12,2,0,0,0,0,0,0,0,0,0,0,1,19
TXN0000127,2024-01-03T07:11:00,2,M0103,Services,low,C01209,15,4,790,0.0451,1401.61,card,Axis,472495,7,2,0,7,0,0,0,0,0,0,0,0,0,53
TXN0000128,2024-01-03T12:09:00,2,M0053,Retail,low,C01468,266,20,7538,0.0121,4383.4,card,Axis,502029,12,2,0,0,0,0,0,0,0,0,0,0,0,66
TXN0000129,2024-01-03T12:16:00,2,M0169,Food,low,C00497,964,108,22229,0.0384,9388.25,netbanking,SBI,474303,12,2,0,0,0,0,0,1,0,0,1,1,0,12
TXN0000130,2024-01-03T10:14:00,2,M0121,Food,low,C01084,249,17,5055,0.1159,1289.17,card,Canara,500815,10,2,0,0,0,1,0,0,0,0,0,0,1,44
TXN0000131,2024-01-03T09:42:00,2,M0164,Logistics,high,C00296,15,3,1112,0.0281,8667.13,card,Canara,538497,9,2,0,0,0,0,0,0,1,0,0,0,1,32
TXN0000132,2024-01-03T10:30:00,2,M0196,Retail,low,C01412,93,13,3187,0.0774,4587.88,netbanking,ICICI,499594,10,2,0,0,0,0,0,0,0,1,0,0,0,27
TXN0000133,2024-01-03T18:34:00,2,M0083,B2B,low,C00093,16,3,624,0.0975,40444.97,card,Axis,507671,18,2,0,0,0,0,0,0,0,1,1,1,0,38
TXN0000134,2024-01-03T09:13:00,2,M0136,Logistics,mid,C00148,86,15,2092,0.0132,10206.36,upi,Yes,462051,9,2,0,0,0,0,0,0,0,1,0,0,0,28
TXN0000135,2024-01-03T09:10:00,2,M0153,Food,low,C01099,7,3,792,0.1452,478.78,card,Kotak,400024,9,2,0,0,0,0,0,0,0,0,0,0,1,34
TXN0000136,2024-01-03T17:40:00,2,M0192,B2B,mid,C00926,78,16,1245,0.1055,24782.39,card,SBI,477332,17,2,0,0,0,0,0,0,0,0,1,1,0,26
TXN0000137,2024-01-03T18:48:00,2,M0158,Retail,low,C00275,197,10,5545,0.0476,5789.48,wallet,ICICI,422236,18,2,0,0,0,0,0,0,0,1,0,0,0,21
TXN0000138,2024-01-03T08:45:00,2,M0106,Services,high,C00222,96,12,4387,0.0371,3151.8,card,Axis,517718,8,2,0,0,0,0,0,0,0,0,0,0,0,62
TXN0000139,2024-01-03T21:51:00,2,M0113,Services,high,C00571,11,2,917,0.0974,1364.2,upi,SBI,414101,21,2,0,0,0,0,1,0,0,0,1,1,0,72
TXN0000140,2024-01-03T14:47:00,2,M0028,Retail,mid,C01147,236,10,6707,0.0762,3640.28,upi,Axis,541296,14,2,0,0,0,0,1,0,0,0,1,1,0,46
TXN0000141,2024-01-03T19:02:00,2,M0023,Services,low,C00531,823,67,12489,0.0024,4635.37,upi,Yes,520821,19,2,0,0,0,0,0,0,0,1,0,0,0,66
TXN0000142,2024-01-03T18:51:00,2,M0086,Retail,high,C00061,128,6,7251,0.1482,2388.56,upi,SBI,492625,18,2,0,0,0,0,1,0,0,0,0,1,1,62
TXN0000143,2024-01-03T08:34:00,2,M0129,Services,low,C01322,135,8,2793,0.0247,2318.05,upi,Yes,499469,8,2,0,0,0,0,0,0,0,0,0,0,0,41
TXN0000144,2024-01-03T10:21:00,2,M0006,Food,low,C00090,885,113,6805,0.0021,2745.45,netbanking,Yes,573362,10,2,0,0,0,0,0,0,0,0,0,0,0,22
TXN0000145,2024-01-03T03:30:00,2,M0147,SaaS,mid,C00768,814,112,17112,0.0026,15526.9,upi,SBI,432968,3,2,0,0,1,1,0,1,0,1,1,1,0,15
TXN0000146,2024-01-03T20:58:00,2,M0031,Food,mid,C00802,160,17,7837,0.0897,2517.33,card,PNB,588266,20,2,0,0,0,0,1,0,0,0,0,1,0,16
TXN0000147,2024-01-03T07:25:00,2,M0102,Retail,high,C00548,224,15,1904,0.043,978.2,wallet,SBI,496536,7,2,0,0,0,0,0,0,0,0,0,0,0,39
TXN0000148,2024-01-03T06:55:00,2,M0054,Retail,mid,C00213,741,100,11338,0.0295,2858.3,upi,SBI,505717,6,2,0,0,0,0,0,1,0,0,1,1,0,35
TXN0000149,2024-01-03T22:58:00,2,M0087,Logistics,mid,C01113,181,9,1902,0.0152,11037.46,upi,Axis,591569,22,2,0,0,0,0,0,0,0,1,0,0,0,56
TXN0000150,2024-01-03T05:44:00,2,M0128,B2B,high,C01062,298,6,4793,0.2582,20181.72,card,Axis,493077,5,2,0,0,0,0,0,0,0,0,1,1,0,49
TXN0000151,2024-01-03T20:07:00,2,M0080,Logistics,low,C01451,139,19,1913,0.1121,7749.5,card,HDFC,506600,20,2,0,0,0,0,0,0,0,0,0,0,0,17
TXN0000152,2024-01-03T22:24:00,2,M0192,B2B,mid,C01253,293,20,2557,0.2042,40578.96,card,HDFC,407706,22,2,0,0,0,0,0,0,0,0,1,1,0,38
TXN0000153,2024-01-03T21:15:00,2,M0028,Retail,mid,C01125,10,1,633,0.0515,605.32,upi,Axis,502697,21,2,0,0,0,0,0,0,0,0,0,0,0,20
TXN0000154,2024-01-03T07:33:00,2,M0014,Logistics,high,C00156,171,13,6238,0.025,8615.03,wallet,Axis,444721,7,2,0,0,0,0,0,0,0,1,0,0,0,25
TXN0000155,2024-01-03T12:21:00,2,M0155,SaaS,mid,C01232,24,1,1095,0.0993,1154.99,upi,Yes,565276,12,2,0,0,0,0,1,0,0,0,0,1,0,27
TXN0000156,2024-01-03T18:33:00,2,M0126,B2B,low,C00809,22,1,606,0.0443,2583.1,upi,Axis,494718,18,2,0,0,0,0,0,0,0,0,1,1,0,17
TXN0000157,2024-01-03T06:47:00,2,M0195,Food,high,C00055,7,2,505,0.0761,450.04,upi,Canara,564201,6,2,0,0,0,0,0,0,0,0,0,0,0,47
TXN0000158,2024-01-03T22:07:00,2,M0164,Logistics,high,C00292,13,1,1840,0.0605,13616.92,card,PNB,412090,22,2,0,0,0,0,0,0,0,0,0,0,0,51
TXN0000159,2024-01-03T15:03:00,2,M0185,Food,high,C00254,18,3,1362,0.0629,918.4,netbanking,SBI,505606,15,2,0,0,0,0,0,0,0,0,0,0,1,51
TXN0000160,2024-01-03T11:49:00,2,M0160,Services,mid,C00861,1000,68,16236,0.0134,18757.57,netbanking,SBI,540316,11,2,0,0,0,0,0,0,0,0,0,0,0,52
TXN0000161,2024-01-03T10:49:00,2,M0145,SaaS,low,C00508,167,16,3990,0.0381,1124.67,card,Kotak,437038,10,2,0,0,0,0,0,0,0,0,0,0,0,48
TXN0000162,2024-01-03T23:30:00,2,M0143,Logistics,mid,C00112,205,7,1430,0.0376,5989.59,card,Axis,485400,23,2,0,0,0,0,0,0,0,0,0,0,0,35
TXN0000163,2024-01-03T16:35:00,2,M0166,SaaS,mid,C00499,239,13,3033,0.0473,4976.51,wallet,Yes,407848,16,2,0,0,0,0,0,0,0,0,0,0,0,21
TXN0000164,2024-01-03T07:42:00,2,M0103,Services,low,C01209,15,4,790,0.0451,3887.21,upi,SBI,449882,7,2,0,13,1,1,0,0,0,0,0,0,0,33
TXN0000165,2024-01-03T09:34:00,2,M0192,B2B,mid,C00246,158,9,7475,0.1369,19128.06,card,HDFC,401707,9,2,0,0,0,0,0,0,0,0,0,0,1,50
TXN0000166,2024-01-03T16:52:00,2,M0100,Retail,low,C00797,781,70,11551,0.0148,7056.05,upi,Kotak,565114,16,2,0,1,1,1,0,0,0,0,1,1,0,32
TXN0000167,2024-01-03T15:12:00,2,M0013,Logistics,high,C00928,10,3,1635,0.0628,7411.33,netbanking,Kotak,404408,15,2,0,0,0,0,0,0,0,0,1,1,0,50
TXN0000168,2024-01-03T12:08:00,2,M0072,SaaS,high,C00800,21,2,1716,0.1505,431.88,wallet,PNB,412502,12,2,0,0,0,0,0,0,0,0,0,0,0,71
TXN0000169,2024-01-03T11:33:00,2,M0154,Retail,low,C00136,918,106,18128,0.0252,15023.75,netbanking,SBI,453115,11,2,0,0,0,0,0,0,0,0,1,1,0,18
TXN0000170,2024-01-03T08:57:00,2,M0119,Retail,high,C01115,113,12,1457,0.1206,4495.36,netbanking,SBI,522612,8,2,0,0,0,0,0,0,0,0,0,0,0,34
TXN0000171,2024-01-03T20:34:00,2,M0096,Food,mid,C00248,151,17,4537,0.044,1498.87,upi,PNB,472192,20,2,0,0,0,0,0,0,0,1,0,0,0,40
TXN0000172,2024-01-03T12:06:00,2,M0052,Logistics,mid,C01396,132,14,4168,0.1527,7198.0,wallet,SBI,426827,12,2,0,0,0,0,0,0,0,1,0,0,0,71
TXN0000173,2024-01-03T19:50:00,2,M0107,SaaS,mid,C00351,767,93,8574,0.0491,5472.32,card,Yes,507066,19,2,0,0,0,0,0,0,0,1,0,0,0,60
TXN0000174,2024-01-03T14:40:00,2,M0115,Services,high,C00046,899,95,17868,0.007,10421.8,card,HDFC,495705,14,2,0,0,0,0,0,0,0,0,0,0,0,21
TXN0000175,2024-01-03T15:20:00,2,M0021,SaaS,mid,C01349,21,2,1757,0.1363,2268.02,wallet,ICICI,580026,15,2,0,0,0,0,1,0,0,0,1,1,0,58
TXN0000176,2024-01-03T10:25:00,2,M0018,SaaS,high,C01070,15,4,1722,0.1733,524.62,upi,SBI,433259,10,2,0,0,0,0,0,0,0,1,0,0,0,33
TXN0000177,2024-01-03T19:27:00,2,M0008,Retail,low,C01239,20,3,1092,0.1306,2320.72,upi,ICICI,474335,19,2,0,0,1,1,0,0,0,0,0,0,0,44
TXN0000178,2024-01-03T11:11:00,2,M0117,SaaS,low,C00073,293,17,4162,0.1695,3842.15,wallet,ICICI,560962,11,2,0,0,0,0,0,0,0,0,0,0,0,41
TXN0000179,2024-01-04T19:36:00,3,M0156,Services,mid,C01089,837,118,6807,0.0,5067.04,netbanking,HDFC,504488,19,3,0,0,0,0,0,0,0,0,0,0,0,62
TXN0000180,2024-01-04T03:57:00,3,M0060,Services,high,C00755,8,2,1515,0.1589,1333.75,card,Kotak,542021,3,3,0,0,0,0,0,0,0,0,1,1,0,66
TXN0000181,2024-01-04T08:22:00,3,M0095,Food,low,C00549,6,2,719,0.0845,579.46,card,Axis,543178,8,3,0,0,0,0,0,0,0,0,0,0,0,71
TXN0000182,2024-01-04T16:58:00,3,M0026,Retail,high,C00696,22,2,823,0.2265,1455.44,wallet,Axis,582084,16,3,0,0,0,0,0,0,0,0,0,0,0,62
TXN0000183,2024-01-04T02:41:00,3,M0175,Food,low,C00757,18,3,1376,0.032,1534.24,wallet,Kotak,468604,2,3,0,0,0,0,0,0,0,1,1,1,0,52
TXN0000184,2024-01-04T08:53:00,3,M0159,Services,low,C00245,79,14,2330,0.0808,3293.28,netbanking,Yes,453030,8,3,0,0,0,0,0,0,0,0,0,0,0,35
TXN0000185,2024-01-04T19:33:00,3,M0158,Retail,low,C00439,200,16,1597,0.205,3821.69,upi,Kotak,422842,19,3,0,0,0,0,0,0,0,0,0,0,0,41
TXN0000186,2024-01-04T14:38:00,3,M0098,Retail,mid,C01260,748,94,5318,0.0544,5971.75,card,SBI,486741,14,3,0,0,0,0,0,0,0,0,0,0,0,61
TXN0000187,2024-01-04T18:32:00,3,M0109,Services,low,C00852,87,8,7747,0.1301,2869.24,netbanking,Yes,592122,18,3,0,0,0,0,0,0,0,0,0,0,0,62
TXN0000188,2024-01-04T13:19:00,3,M0081,Logistics,high,C01459,135,16,1193,0.0681,13266.75,upi,SBI,480436,13,3,0,0,0,0,0,0,0,1,0,0,0,53
TXN0000189,2024-01-04T03:13:00,3,M0059,Logistics,mid,C00148,86,15,2092,0.0132,3952.89,wallet,SBI,530963,3,3,0,0,1,1,0,0,0,0,0,0,0,71
TXN0000190,2024-01-04T12:18:00,3,M0056,Retail,low,C00866,21,3,753,0.0237,1407.34,upi,Axis,445317,12,3,0,0,0,0,0,0,0,0,0,0,1,18
TXN0000191,2024-01-04T19:00:00,3,M0188,Logistics,mid,C00273,104,14,6033,0.1228,7335.7,wallet,Yes,406350,19,3,0,0,0,0,0,0,0,0,0,0,0,37
TXN0000192,2024-01-04T18:57:00,3,M0132,Food,mid,C01446,83,11,7007,0.0191,1787.04,upi,Yes,437341,18,3,0,0,0,0,0,0,0,0,0,0,0,61
TXN0000193,2024-01-04T09:06:00,3,M0171,Retail,low,C00928,10,3,1635,0.0628,1451.75,card,SBI,407672,9,3,0,0,1,1,0,0,0,1,0,0,1,48
TXN0000194,2024-01-04T08:06:00,3,M0145,SaaS,low,C01259,95,11,5481,0.2295,2025.24,netbanking,Axis,551415,8,3,0,0,0,0,0,0,0,0,0,0,0,32
TXN0000195,2024-01-04T17:29:00,3,M0142,Retail,mid,C00630,19,2,690,0.1924,1213.38,wallet,ICICI,447306,17,3,0,0,0,0,0,0,0,0,0,0,1,66
TXN0000196,2024-01-04T10:42:00,3,M0149,Services,low,C00898,80,7,5412,0.0121,4140.1,card,SBI,439122,10,3,0,0,0,0,0,0,0,0,0,0,0,18
TXN0000197,2024-01-04T20:35:00,3,M0034,Retail,high,C00746,139,16,2138,0.1821,1398.66,wallet,Yes,579200,20,3,0,0,0,0,1,0,0,0,0,1,0,57
TXN0000198,2024-01-04T15:25:00,3,M0095,Food,low,C01366,185,10,4878,0.1548,2890.84,card,PNB,569189,15,3,0,0,0,0,0,0,0,0,1,1,0,62
TXN0000199,2024-01-04T09:46:00,3,M0146,Food,mid,C00656,24,3,1063,0.0277,1406.69,upi,ICICI,479374,9,3,0,0,0,0,0,0,0,1,0,0,0,67
TXN0000200,2024-01-04T08:00:00,3,M0188,Logistics,mid,C01047,82,16,3732,0.0328,4145.77,card,ICICI,454328,8,3,0,0,0,0,0,0,0,0,0,0,0,71
TXN0000201,2024-01-04T07:07:00,3,M0179,Services,low,C00942,268,13,2561,0.1229,2084.76,wallet,SBI,589529,7,3,0,0,0,0,0,0,0,0,0,0,0,45
TXN0000202,2024-01-04T15:46:00,3,M0194,Retail,mid,C00896,126,19,3236,0.055,4995.53,upi,SBI,473936,15,3,0,8,0,0,0,0,0,1,0,0,0,13
TXN0000203,2024-01-04T21:55:00,3,M0142,Retail,mid,C01398,9,4,1905,0.069,1753.61,card,Yes,491743,21,3,0,0,0,0,0,1,0,0,1,1,0,16
TXN0000204,2024-01-04T10:49:00,3,M0189,SaaS,mid,C01341,25,1,695,0.0686,1585.64,netbanking,Yes,501546,10,3,0,0,0,0,0,0,0,0,0,0,1,25
TXN0000205,2024-01-04T08:14:00,3,M0006,Food,low,C00531,823,67,12489,0.0024,5863.37,wallet,Axis,434075,8,3,0,0,1,1,0,0,0,1,0,0,0,53
TXN0000206,2024-01-04T03:03:00,3,M0027,Services,high,C00701,19,4,1356,0.0281,11448.34,netbanking,ICICI,497226,3,3,0,0,0,0,0,0,0,0,0,1,0,34
TXN0000207,2024-01-04T09:30:00,3,M0095,Food,low,C00583,15,2,1989,0.0074,1270.56,upi,HDFC,454321,9,3,0,0,0,0,0,0,0,0,0,0,0,62
TXN0000208,2024-01-04T09:05:00,3,M0105,SaaS,high,C01134,289,7,5087,0.0305,1897.19,upi,Yes,584629,9,3,0,0,0,0,0,0,0,1,0,0,0,44
TXN0000209,2024-01-04T12:14:00,3,M0010,SaaS,high,C00836,932,88,5871,0.004,3315.47,upi,Axis,406498,12,3,0,0,0,0,0,0,1,0,0,0,0,34
TXN0000210,2024-01-04T17:38:00,3,M0136,Logistics,mid,C01081,245,20,7234,0.042,15435.11,wallet,SBI,515206,17,3,0,0,0,0,1,0,0,0,1,1,0,68
TXN0000211,2024-01-04T19:44:00,3,M0100,Retail,low,C00894,209,14,1372,0.0327,2327.95,netbanking,HDFC,597943,19,3,0,0,0,0,1,0,0,1,1,1,0,40
TXN0000212,2024-01-04T09:01:00,3,M0150,Retail,mid,C00994,11,4,839,0.0526,2030.5,netbanking,HDFC,482587,9,3,0,0,0,0,0,0,0,0,0,0,0,16
TXN0000213,2024-01-04T10:53:00,3,M0081,Logistics,high,C00352,777,93,22465,0.0638,18917.63,upi,PNB,500197,10,3,0,13,0,0,0,0,0,0,0,0,0,18
TXN0000214,2024-01-04T13:36:00,3,M0105,SaaS,high,C00782,940,90,5111,0.0167,2276.9,upi,Canara,403843,13,3,0,0,0,0,0,0,0,0,0,0,0,28
TXN0000215,2024-01-04T05:29:00,3,M0042,Logistics,mid,C00882,253,6,5671,0.095,6445.41,upi,Axis,496829,5,3,0,10,0,0,0,0,0,0,0,0,1,48
TXN0000216,2024-01-04T14:57:00,3,M0131,Logistics,high,C01219,19,3,1090,0.1517,15568.28,upi,ICICI,543292,14,3,0,0,0,1,0,0,0,0,0,0,0,31
TXN0000217,2024-01-04T21:56:00,3,M0136,Logistics,mid,C00283,217,9,7429,0.0668,7540.17,upi,Kotak,541582,21,3,0,8,0,0,0,0,0,0,0,0,1,42
TXN0000218,2024-01-04T08:36:00,3,M0170,Logistics,mid,C00191,237,13,5997,0.1009,15861.44,card,PNB,546719,8,3,0,0,0,0,0,0,0,1,0,0,0,58
TXN0000219,2024-01-04T15:17:00,3,M0192,B2B,mid,C00803,10,1,1321,0.1485,54021.09,upi,Canara,544663,15,3,0,0,0,0,0,1,0,1,1,1,0,30
TXN0000220,2024-01-04T17:22:00,3,M0172,Food,mid,C01415,250,20,2725,0.1037,1891.42,wallet,Kotak,559861,17,3,0,0,0,0,0,0,0,0,0,0,0,58
TXN0000221,2024-01-04T13:09:00,3,M0067,Food,mid,C01252,732,96,16370,0.0138,7775.13,netbanking,Axis,565233,13,3,0,0,0,0,1,0,0,0,1,1,0,20
TXN0000222,2024-01-04T11:44:00,3,M0000,Logistics,low,C01029,18,2,615,0.0338,11540.06,upi,PNB,405781,11,3,0,0,0,0,0,0,0,1,0,0,1,31
TXN0000223,2024-01-04T23:40:00,3,M0018,SaaS,high,C00439,200,16,1597,0.205,650.97,card,HDFC,466718,23,3,0,0,1,1,0,0,0,0,0,0,0,37
TXN0000224,2024-01-04T10:09:00,3,M0085,SaaS,mid,C01434,25,1,1438,0.0566,2355.22,upi,Canara,598077,10,3,0,0,0,0,0,0,0,0,0,0,0,71
TXN0000225,2024-01-04T09:34:00,3,M0191,Logistics,high,C00133,8,1,1855,0.0839,11618.44,netbanking,ICICI,516090,9,3,0,0,0,0,0,0,0,0,0,0,1,18
TXN0000226,2024-01-04T15:16:00,3,M0057,Food,high,C00668,824,82,12652,0.0095,31992.91,wallet,Kotak,532834,15,3,0,0,0,0,0,0,0,0,1,1,0,69
TXN0000227,2024-01-04T10:42:00,3,M0023,Services,low,C00670,6,4,1295,0.065,1919.19,wallet,Yes,464591,10,3,0,0,0,0,0,1,0,0,1,1,0,56
TXN0000228,2024-01-04T12:46:00,3,M0011,Food,low,C00719,167,19,7043,0.1785,1839.02,card,ICICI,534917,12,3,0,0,0,0,0,0,0,0,0,0,0,50
TXN0000229,2024-01-04T15:41:00,3,M0014,Logistics,high,C00776,14,4,962,0.1036,7856.77,netbanking,PNB,513073,15,3,0,0,0,0,0,0,0,1,0,0,0,62
TXN0000230,2024-01-04T20:31:00,3,M0111,Logistics,low,C00536,12,4,1407,0.0616,15682.66,upi,PNB,434303,20,3,0,0,0,0,0,0,0,0,0,0,0,28
TXN0000231,2024-01-04T17:03:00,3,M0103,Services,low,C00780,270,19,3194,0.1202,1913.74,upi,SBI,439886,17,3,0,0,0,0,0,0,0,0,0,0,0,63
TXN0000232,2024-01-04T16:19:00,3,M0115,Services,high,C00876,132,11,2499,0.2469,7498.42,netbanking,PNB,415720,16,3,0,11,0,0,0,0,1,0,0,0,0,46
TXN0000233,2024-01-04T11:45:00,3,M0003,SaaS,low,C00221,849,90,21922,0.0167,10952.39,netbanking,Canara,435365,11,3,0,0,0,0,0,0,0,0,0,0,0,28
TXN0000234,2024-01-04T09:48:00,3,M0042,Logistics,mid,C01307,948,86,13577,0.0086,5387.66,card,Yes,469396,9,3,0,0,0,0,0,0,0,1,0,0,0,20
TXN0000235,2024-01-04T13:56:00,3,M0031,Food,mid,C01375,827,66,13174,0.001,8862.98,wallet,Yes,593925,13,3,0,0,0,0,0,0,0,1,0,0,0,68
TXN0000236,2024-01-04T21:28:00,3,M0019,Services,mid,C00228,23,2,1481,0.0503,1572.91,wallet,Axis,463673,21,3,0,0,0,0,0,0,0,0,0,0,0,55
TXN0000237,2024-01-04T20:35:00,3,M0190,Services,low,C00340,144,11,7606,0.0222,5490.17,wallet,Axis,410932,20,3,0,0,0,0,0,0,0,0,0,0,0,24
TXN0000238,2024-01-04T09:46:00,3,M0008,Retail,low,C00791,123,13,7424,0.2396,8523.01,wallet,Canara,524300,9,3,0,7,0,0,0,0,0,0,0,0,0,16
TXN0000239,2024-01-04T11:16:00,3,M0108,Food,high,C00707,138,10,6761,0.0794,1757.19,upi,HDFC,568240,11,3,0,0,0,0,0,0,0,0,0,0,0,63
TXN0000240,2024-01-04T07:34:00,3,M0185,Food,high,C01371,76,11,7758,0.0835,2547.8,card,HDFC,480235,7,3,0,0,0,0,0,0,0,0,0,0,0,49
TXN0000241,2024-01-04T19:43:00,3,M0179,Services,low,C00272,20,3,1722,0.0965,3848.74,netbanking,SBI,453407,19,3,0,0,0,0,0,0,0,0,0,0,1,49
TXN0000242,2024-01-04T18:09:00,3,M0115,Services,high,C00333,64,17,7405,0.1213,5612.96,upi,Axis,443983,18,3,0,0,0,0,0,0,0,1,0,0,0,19
TXN0000243,2024-01-04T07:58:00,3,M0003,SaaS,low,C00379,9,2,1731,0.1003,1190.98,upi,Kotak,449637,7,3,0,0,0,0,0,1,0,0,1,1,0,30
TXN0000244,2024-01-04T21:41:00,3,M0015,Services,low,C01483,8,4,533,0.0062,1095.96,card,Axis,482539,21,3,0,0,0,0,0,0,0,0,0,0,0,49
TXN0000245,2024-01-04T01:53:00,3,M0080,Logistics,low,C01385,233,17,3459,0.019,2351.27,wallet,Canara,419538,1,3,0,0,0,0,0,0,0,0,1,1,0,14
TXN0000246,2024-01-04T01:41:00,3,M0111,Logistics,low,C00886,7,2,1128,0.0251,7382.25,wallet,Yes,426364,1,3,0,0,0,0,0,0,0,0,0,1,1,70
TXN0000247,2024-01-04T13:00:00,3,M0151,Food,low,C00550,194,13,1402,0.0991,1867.75,wallet,SBI,501820,13,3,0,0,0,0,0,0,0,0,0,0,0,45
TXN0000248,2024-01-04T20:36:00,3,M0059,Logistics,mid,C01105,6,2,864,0.0973,6799.32,wallet,SBI,495163,20,3,0,0,0,0,0,0,0,1,1,1,0,41
TXN0000249,2024-01-04T02:05:00,3,M0096,Food,mid,C00047,8,2,892,0.0391,1097.82,upi,Kotak,420620,2,3,0,0,0,0,0,0,0,1,0,0,1,72
TXN0000250,2024-01-04T13:07:00,3,M0146,Food,mid,C00754,16,4,1368,0.0617,1712.96,card,Kotak,424091,13,3,0,0,0,0,0,0,0,0,0,0,1,72
TXN0000251,2024-01-04T15:30:00,3,M0035,SaaS,mid,C00892,96,16,5427,0.0698,2485.99,card,ICICI,545110,15,3,0,0,0,0,0,0,0,1,0,0,0,43
TXN0000252,2024-01-04T00:36:00,3,M0011,Food,low,C00653,167,16,7539,0.0503,3642.46,netbanking,PNB,472118,0,3,0,6,0,0,0,0,0,0,0,0,0,25
TXN0000253,2024-01-04T08:10:00,3,M0034,Retail,high,C00570,877,51,14248,0.0283,16448.71,card,SBI,580577,8,3,0,13,0,0,0,0,0,0,0,0,0,17
TXN0000254,2024-01-04T18:00:00,3,M0034,Retail,high,C00859,229,9,5706,0.017,7721.75,upi,ICICI,550565,18,3,0,0,0,0,1,0,0,1,1,1,0,23
TXN0000255,2024-01-04T18:02:00,3,M0118,Retail,mid,C00223,948,113,4536,0.0514,2522.63,netbanking,HDFC,401206,18,3,0,7,0,0,0,0,0,1,0,0,0,56
TXN0000256,2024-01-04T10:45:00,3,M0167,SaaS,low,C00177,65,7,4221,0.1108,6744.18,wallet,Yes,434473,10,3,0,0,0,0,0,0,0,1,0,0,0,42
TXN0000257,2024-01-04T22:50:00,3,M0196,Retail,low,C00236,165,9,7902,0.1522,3726.41,upi,Kotak,487107,22,3,0,0,0,0,0,0,0,0,0,0,0,47
TXN0000258,2024-01-04T05:57:00,3,M0169,Food,low,C01250,832,75,11273,0.0124,4402.53,card,PNB,538920,5,3,0,0,0,0,0,0,0,0,0,0,0,46
TXN0000259,2024-01-04T14:14:00,3,M0111,Logistics,low,C00079,234,12,5076,0.0979,15858.21,netbanking,PNB,436149,14,3,0,0,0,0,0,0,0,0,0,0,0,15
TXN0000260,2024-01-04T10:05:00,3,M0114,Logistics,mid,C00909,174,15,1042,0.0534,6573.64,upi,HDFC,529337,10,3,0,0,0,0,0,0,0,0,0,0,0,13
TXN0000261,2024-01-04T22:06:00,3,M0170,Logistics,mid,C01228,179,16,4503,0.0867,5711.75,wallet,HDFC,580024,22,3,0,0,0,0,0,0,0,1,0,0,0,13
TXN0000262,2024-01-04T10:58:00,3,M0103,Services,low,C01468,266,20,7538,0.0121,25862.38,netbanking,Yes,415603,10,3,0,0,1,1,0,0,1,0,1,1,0,60
TXN0000263,2024-01-04T08:56:00,3,M0179,Services,low,C00103,278,11,4523,0.0905,1407.7,wallet,ICICI,516114,8,3,0,0,0,0,0,0,0,0,0,0,0,41
TXN0000264,2024-01-04T18:43:00,3,M0152,Retail,high,C01127,140,17,6944,0.0594,2303.88,netbanking,Axis,479708,18,3,0,1,0,0,0,0,0,1,1,1,0,56
TXN0000265,2024-01-04T21:56:00,3,M0148,SaaS,mid,C00242,10,1,1523,0.2298,621.09,upi,Axis,571426,21,3,0,0,0,0,1,0,0,0,1,1,0,69
TXN0000266,2024-01-04T09:23:00,3,M0044,Logistics,low,C01117,9,1,1001,0.0185,4373.73,wallet,HDFC,568853,9,3,0,0,0,0,0,0,1,0,1,1,0,72
TXN0000267,2024-01-04T12:16:00,3,M0140,Logistics,high,C00120,246,9,2935,0.0355,4383.87,card,Kotak,480414,12,3,0,0,0,0,0,1,0,0,1,1,0,35
TXN0000268,2024-01-04T08:20:00,3,M0057,Food,high,C00042,186,15,2489,0.1032,714.61,netbanking,Kotak,434080,8,3,0,0,0,0,0,1,0,1,1,1,0,18
TXN0000269,2024-01-04T15:42:00,3,M0117,SaaS,low,C01100,9,4,1652,0.2786,779.45,upi,PNB,577410,15,3,0,0,0,0,0,0,0,1,0,0,1,52
TXN0000270,2024-01-04T09:00:00,3,M0195,Food,high,C01107,127,7,7462,0.0038,4556.29,wallet,Yes,597718,9,3,0,0,0,0,0,0,0,0,0,0,0,62
TXN0000271,2024-01-04T08:10:00,3,M0139,Logistics,low,C00923,237,15,7979,0.1001,7558.66,upi,SBI,519950,8,3,0,0,0,0,0,0,0,0,0,0,0,16
TXN0000272,2024-01-05T18:00:00,4,M0118,Retail,mid,C00948,163,14,3671,0.0629,4860.43,upi,Canara,589474,18,4,0,0,0,0,0,0,1,0,0,0,0,18
TXN0000273,2024-01-05T09:23:00,4,M0111,Logistics,low,C00217,967,119,16897,0.0128,28064.52,wallet,HDFC,585815,9,4,0,0,0,0,0,0,0,0,0,0,0,33
TXN0000274,2024-01-05T15:13:00,4,M0060,Services,high,C00980,292,12,7565,0.1281,6675.52,netbanking,HDFC,572322,15,4,0,0,0,1,0,0,0,0,0,0,0,22
TXN0000275,2024-01-05T14:40:00,4,M0184,Logistics,high,C00976,5,1,1132,0.0574,9249.39,card,ICICI,417311,14,4,0,0,0,0,0,0,0,0,0,0,0,35
TXN0000276,2024-01-05T16:47:00,4,M0147,SaaS,mid,C01233,239,11,5229,0.0346,6637.31,card,SBI,587941,16,4,0,0,0,0,1,0,0,0,1,1,0,71
TXN0000277,2024-01-05T17:02:00,4,M0032,Food,low,C01424,95,7,5911,0.177,5596.13,upi,Yes,587497,17,4,0,0,0,0,0,0,0,1,0,0,0,65
TXN0000278,2024-01-05T14:39:00,4,M0112,Logistics,mid,C00935,186,20,3198,0.089,8491.78,upi,Canara,478259,14,4,0,0,0,0,0,0,0,0,0,0,0,67
TXN0000279,2024-01-05T07:50:00,4,M0040,SaaS,mid,C01192,732,56,11509,0.0446,10975.6,wallet,SBI,439540,7,4,0,0,0,0,0,1,0,0,1,1,0,24
TXN0000280,2024-01-05T11:35:00,4,M0030,B2B,high,C00859,229,9,5706,0.017,24674.31,card,ICICI,549508,11,4,0,9,1,1,0,0,0,0,0,0,0,35
TXN0000281,2024-01-05T18:19:00,4,M0015,Services,low,C00620,957,114,3817,0.0332,5338.64,upi,Kotak,569665,18,4,0,0,0,1,0,0,0,1,0,0,0,24
TXN0000282,2024-01-05T19:05:00,4,M0033,Logistics,low,C00345,5,4,1662,0.0094,6763.39,netbanking,SBI,426584,19,4,0,0,0,0,0,0,0,0,0,0,0,52
TXN0000283,2024-01-05T06:39:00,4,M0010,SaaS,high,C01093,201,11,7691,0.0981,6059.62,card,Yes,462763,6,4,0,0,0,0,0,0,0,0,0,0,0,30
TXN0000284,2024-01-05T11:15:00,4,M0117,SaaS,low,C00382,183,7,3754,0.1617,8234.28,wallet,PNB,407337,11,4,0,0,0,0,0,0,0,0,0,0,0,35
TXN0000285,2024-01-05T16:31:00,4,M0119,Retail,high,C01490,5,4,570,0.0627,1066.98,card,Yes,462895,16,4,0,0,0,0,0,0,0,0,0,0,0,66
TXN0000286,2024-01-05T18:24:00,4,M0069,SaaS,high,C00804,23,1,528,0.1041,562.53,upi,Yes,562090,18,4,0,0,0,0,1,0,0,0,1,1,0,17
TXN0000287,2024-01-05T10:23:00,4,M0087,Logistics,mid,C00379,9,2,1731,0.1003,16240.71,netbanking,ICICI,469650,10,4,0,0,0,1,0,0,0,1,0,0,1,64
TXN0000288,2024-01-05T09:57:00,4,M0073,SaaS,high,C00107,756,86,22674,0.0092,17322.53,wallet,Axis,427328,9,4,0,0,0,0,0,0,0,0,0,0,0,13
TXN0000289,2024-01-05T13:33:00,4,M0007,Food,mid,C01093,201,11,7691,0.0981,7409.68,card,Axis,495092,13,4,0,0,1,1,0,0,0,0,0,0,0,59
TXN0000290,2024-01-05T12:17:00,4,M0045,Food,high,C00886,7,2,1128,0.0251,2167.13,upi,PNB,489505,12,4,0,0,0,1,0,0,0,0,0,0,0,26
TXN0000291,2024-01-05T11:20:00,4,M0113,Services,high,C00947,734,113,24589,0.037,12524.64,netbanking,SBI,515167,11,4,0,0,0,0,0,0,0,1,1,1,0,71
TXN0000292,2024-01-05T04:01:00,4,M0094,SaaS,high,C00666,124,11,1278,0.1892,1941.3,wallet,HDFC,558391,4,4,0,0,0,0,0,0,0,0,0,0,0,56
TXN0000293,2024-01-05T15:05:00,4,M0031,Food,mid,C00445,21,1,696,0.0372,1329.3,upi,SBI,550893,15,4,0,0,0,0,0,0,0,0,0,0,1,62
TXN0000294,2024-01-05T15:52:00,4,M0063,SaaS,high,C00704,116,9,5699,0.0142,1871.47,card,SBI,400373,15,4,0,0,0,0,0,0,0,0,0,0,0,56
TXN0000295,2024-01-05T09:27:00,4,M0177,Food,low,C00454,11,3,933,0.0749,1260.24,wallet,ICICI,532557,9,4,0,0,0,0,0,0,0,0,0,0,0,24
TXN0000296,2024-01-05T08:06:00,4,M0097,Services,low,C00079,234,12,5076,0.0979,1903.34,wallet,PNB,585454,8,4,0,0,1,1,0,0,0,0,0,0,0,28
TXN0000297,2024-01-05T18:08:00,4,M0199,SaaS,mid,C00824,11,2,1295,0.1478,1207.26,upi,Kotak,466520,18,4,0,0,0,0,0,0,0,0,0,0,1,54
TXN0000298,2024-01-05T11:03:00,4,M0189,SaaS,mid,C01159,941,100,3249,0.047,654.48,wallet,Axis,417476,11,4,0,0,0,0,0,0,0,1,0,0,0,15
TXN0000299,2024-01-05T07:15:00,4,M0069,SaaS,high,C00812,82,15,6818,0.1273,5815.58,upi,Axis,501021,7,4,0,0,0,0,0,1,0,0,1,1,0,44
TXN0000300,2024-01-05T17:42:00,4,M0073,SaaS,high,C01359,892,117,5562,0.035,2655.41,upi,SBI,564156,17,4,0,0,0,0,1,0,0,0,1,1,0,39
TXN0000301,2024-01-05T21:21:00,4,M0184,Logistics,high,C00548,224,15,1904,0.043,3061.29,wallet,Yes,448460,21,4,0,0,0,1,0,0,0,0,0,0,0,63
TXN0000302,2024-01-05T08:00:00,4,M0035,SaaS,mid,C00037,235,8,7522,0.0703,2784.78,wallet,PNB,521309,8,4,0,0,0,0,0,0,0,0,0,0,0,37
TXN0000303,2024-01-05T06:27:00,4,M0009,Retail,low,C01159,941,100,3249,0.047,7007.66,netbanking,Canara,570065,6,4,0,1,1,1,0,0,0,0,0,0,1,65
TXN0000304,2024-01-05T06:49:00,4,M0163,Logistics,high,C00425,783,99,24545,0.0148,15828.35,card,ICICI,553640,6,4,0,0,0,0,0,0,0,0,0,0,0,61
TXN0000305,2024-01-05T10:40:00,4,M0089,Food,low,C00995,165,7,1895,0.1327,2081.88,wallet,Canara,505097,10,4,0,0,0,0,0,0,0,0,0,0,0,40
TXN0000306,2024-01-05T20:27:00,4,M0079,Retail,high,C00182,15,4,1563,0.0823,1831.99,wallet,Kotak,548123,20,4,0,0,0,0,1,0,0,1,0,1,1,41
TXN0000307,2024-01-05T16:08:00,4,M0112,Logistics,mid,C00161,185,11,2004,0.0423,2829.95,upi,SBI,538678,16,4,0,0,0,1,0,0,0,0,1,1,0,25
TXN0000308,2024-01-05T10:18:00,4,M0109,Services,low,C00613,294,20,7531,0.0191,4101.47,netbanking,Yes,597582,10,4,0,0,0,0,0,0,0,0,0,0,0,71
TXN0000309,2024-01-05T06:57:00,4,M0074,Services,high,C00453,155,5,5534,0.0173,3458.64,wallet,Kotak,459353,6,4,0,0,0,0,0,0,0,1,0,0,0,38
TXN0000310,2024-01-05T16:35:00,4,M0067,Food,mid,C00035,14,1,1685,0.0108,1348.74,netbanking,ICICI,465320,16,4,0,0,0,0,0,0,0,0,0,0,0,69
TXN0000311,2024-01-05T08:55:00,4,M0194,Retail,mid,C01169,23,1,727,0.1133,1519.98,wallet,Yes,488258,8,4,0,0,0,1,1,0,0,0,1,1,0,66
TXN0000312,2024-01-05T19:24:00,4,M0199,SaaS,mid,C00257,237,11,4924,0.0529,1912.07,upi,Axis,592371,19,4,0,0,0,0,0,0,0,0,0,0,0,37
TXN0000313,2024-01-05T10:21:00,4,M0091,Logistics,high,C01082,907,96,17695,0.0238,23202.36,netbanking,Yes,544847,10,4,0,0,0,0,0,0,0,1,0,0,0,32
TXN0000314,2024-01-05T21:35:00,4,M0101,Food,low,C00794,294,13,3464,0.0308,1564.8,card,Kotak,519935,21,4,0,0,0,0,0,0,0,1,0,0,0,25
TXN0000315,2024-01-05T13:44:00,4,M0167,SaaS,low,C00220,162,19,2919,0.0824,1825.68,card,Kotak,499989,13,4,0,0,0,0,0,0,0,0,0,0,0,21
TXN0000316,2024-01-05T12:12:00,4,M0167,SaaS,low,C00183,101,17,6050,0.1691,3315.77,netbanking,PNB,502457,12,4,0,0,0,0,0,0,0,0,0,0,0,33
TXN0000317,2024-01-05T23:39:00,4,M0186,B2B,mid,C00326,91,5,1505,0.2531,16261.96,card,Axis,466489,23,4,0,0,0,0,0,0,0,0,1,1,0,58
TXN0000318,2024-01-05T12:59:00,4,M0177,Food,low,C00251,10,4,1419,0.1389,1507.26,card,Kotak,568232,12,4,0,0,0,0,0,0,0,1,0,0,0,72
TXN0000319,2024-01-05T09:31:00,4,M0044,Logistics,low,C00472,10,4,545,0.0467,13395.08,wallet,ICICI,552443,9,4,0,1,0,0,0,0,0,0,1,1,0,70
TXN0000320,2024-01-05T20:26:00,4,M0197,Food,low,C00033,253,5,3025,0.0321,1515.58,netbanking,Kotak,508506,20,4,0,0,0,0,0,0,0,0,0,0,0,50
TXN0000321,2024-01-05T14:34:00,4,M0046,SaaS,high,C00540,122,5,1344,0.0962,617.05,upi,Yes,500998,14,4,0,0,0,0,0,0,0,0,0,0,0,57
TXN0000322,2024-01-05T09:15:00,4,M0065,B2B,high,C01038,6,1,755,0.0897,30007.46,upi,Axis,582685,9,4,0,1,0,0,0,0,0,0,1,1,0,38
TXN0000323,2024-01-05T18:59:00,4,M0190,Services,low,C01257,986,89,16081,0.0186,9300.99,upi,Canara,426744,18,4,0,0,0,1,0,0,0,1,0,0,0,43
TXN0000324,2024-01-05T08:01:00,4,M0099,B2B,low,C00521,13,2,672,0.1413,12758.56,card,Axis,593996,8,4,0,0,0,0,0,0,0,0,0,0,0,64
TXN0000325,2024-01-05T12:57:00,4,M0050,Logistics,high,C00414,216,6,1095,0.0964,16119.11,upi,Yes,560917,12,4,0,0,0,0,0,0,0,0,0,0,0,55
TXN0000326,2024-01-05T08:43:00,4,M0089,Food,low,C00146,81,16,1554,0.283,2961.07,wallet,Axis,470256,8,4,0,0,0,0,0,0,0,0,0,0,0,42
TXN0000327,2024-01-05T08:26:00,4,M0081,Logistics,high,C00349,156,16,5473,0.0569,5931.51,netbanking,ICICI,418700,8,4,0,11,0,0,0,0,0,0,0,0,0,71
TXN0000328,2024-01-05T10:48:00,4,M0196,Retail,low,C00840,273,17,1417,0.0485,1391.63,netbanking,SBI,411205,10,4,0,0,0,0,0,0,0,1,0,0,0,54
TXN0000329,2024-01-05T14:06:00,4,M0066,Food,mid,C01276,24,3,1037,0.1616,957.73,upi,ICICI,446341,14,4,0,14,0,0,0,0,0,1,0,0,0,65
TXN0000330,2024-01-05T16:56:00,4,M0044,Logistics,low,C00156,171,13,6238,0.025,8807.84,upi,Yes,468719,16,4,0,0,0,1,0,0,0,1,0,0,0,31
TXN0000331,2024-01-05T04:24:00,4,M0078,B2B,high,C00273,104,14,6033,0.1228,73921.21,netbanking,Yes,593134,4,4,0,0,1,1,0,0,0,0,1,1,0,30
TXN0000332,2024-01-05T12:08:00,4,M0102,Retail,high,C00636,76,15,2705,0.1601,3588.6,upi,HDFC,474533,12,4,0,0,0,0,0,0,0,1,0,0,1,25
TXN0000333,2024-01-05T20:55:00,4,M0028,Retail,mid,C00576,741,55,11106,0.0526,18390.56,upi,SBI,534660,20,4,0,0,0,0,0,0,0,1,0,0,0,47
TXN0000334,2024-01-05T11:47:00,4,M0005,Logistics,high,C00116,766,100,4386,0.0115,5828.77,upi,HDFC,484348,11,4,0,0,0,1,0,0,0,0,0,0,0,23
TXN0000335,2024-01-05T11:44:00,4,M0069,SaaS,high,C00500,105,20,3571,0.0765,2511.3,wallet,SBI,519901,11,4,0,0,0,0,0,0,0,0,0,0,0,66
TXN0000336,2024-01-05T18:13:00,4,M0058,B2B,low,C00363,794,55,16873,0.0015,37157.65,wallet,SBI,504241,18,4,0,0,0,1,0,0,0,1,0,1,0,47
TXN0000337,2024-01-05T08:57:00,4,M0078,B2B,high,C00222,96,12,4387,0.0371,12037.48,upi,Canara,485292,8,4,0,0,0,1,0,0,0,0,0,0,0,72
TXN0000338,2024-01-05T13:06:00,4,M0179,Services,low,C00040,183,19,4568,0.2166,1596.97,netbanking,Axis,419676,13,4,0,0,0,0,0,0,0,0,0,0,0,40
TXN0000339,2024-01-05T07:37:00,4,M0104,Food,low,C00239,8,2,993,0.0332,826.3,card,PNB,498794,7,4,0,0,0,0,0,0,0,0,0,0,0,37
TXN0000340,2024-01-05T11:53:00,4,M0136,Logistics,mid,C00787,228,7,4251,0.029,19363.2,netbanking,PNB,564698,11,4,0,0,0,0,0,0,0,0,1,1,0,59
TXN0000341,2024-01-05T12:40:00,4,M0076,Services,high,C00279,256,20,5503,0.1075,5543.52,upi,Canara,480476,12,4,0,13,0,0,0,0,0,0,0,0,1,47
TXN0000342,2024-01-05T11:04:00,4,M0090,Logistics,mid,C01404,136,6,5880,0.0288,13850.06,netbanking,Axis,504508,11,4,0,0,0,0,0,0,0,0,0,0,0,46
TXN0000343,2024-01-05T02:18:00,4,M0027,Services,high,C00779,231,10,1152,0.1462,1393.11,upi,SBI,504456,2,4,0,0,0,0,0,0,0,0,0,0,0,37
TXN0000344,2024-01-05T01:34:00,4,M0102,Retail,high,C00593,288,9,4220,0.0945,5846.27,upi,Yes,526475,1,4,0,14,0,0,0,0,0,0,0,0,0,47
TXN0000345,2024-01-05T19:47:00,4,M0060,Services,high,C01267,15,3,1733,0.143,3150.79,wallet,Yes,403335,19,4,0,0,0,0,0,0,0,1,1,1,0,55
TXN0000346,2024-01-05T07:56:00,4,M0088,Food,low,C01474,15,4,808,0.0462,565.82,card,Canara,541914,7,4,0,0,0,1,0,0,0,0,0,0,0,30
TXN0000347,2024-01-05T13:46:00,4,M0110,Food,high,C00919,9,1,623,0.0317,821.54,card,PNB,497612,13,4,0,0,0,1,0,0,0,1,1,1,0,26
TXN0000348,2024-01-05T04:30:00,4,M0069,SaaS,high,C00605,13,3,1579,0.0919,544.3,card,ICICI,484831,4,4,0,0,0,0,0,0,0,0,0,0,1,39
TXN0000349,2024-01-05T08:54:00,4,M0122,Retail,low,C00280,751,106,20902,0.0051,8406.42,wallet,PNB,479580,8,4,0,0,0,0,0,0,0,0,0,0,0,32
TXN0000350,2024-01-05T08:54:00,4,M0095,Food,low,C01223,878,78,4053,0.0134,1461.78,card,HDFC,400871,8,4,0,0,0,0,0,0,0,0,0,0,0,54
TXN0000351,2024-01-05T21:40:00,4,M0047,Logistics,low,C00187,270,12,1258,0.1298,12415.79,netbanking,Yes,444818,21,4,0,0,0,0,0,0,0,0,0,0,0,22
TXN0000352,2024-01-05T15:28:00,4,M0174,SaaS,low,C00709,766,99,13908,0.0162,7589.97,upi,Kotak,517502,15,4,0,0,0,0,0,0,0,1,1,1,0,26
TXN0000353,2024-01-05T07:28:00,4,M0195,Food,high,C00749,21,1,1460,0.0459,1410.58,wallet,Axis,468146,7,4,0,0,0,0,0,0,0,0,0,0,0,25
TXN0000354,2024-01-05T03:12:00,4,M0009,Retail,low,C00682,233,9,7070,0.098,2719.8,wallet,HDFC,534474,3,4,0,0,0,0,0,0,0,0,0,0,0,23
TXN0000355,2024-01-05T14:12:00,4,M0142,Retail,mid,C00139,21,2,1395,0.0205,1620.73,netbanking,Axis,485835,14,4,0,0,0,0,0,1,0,0,1,1,0,63
TXN0000356,2024-01-05T07:27:00,4,M0131,Logistics,high,C00102,143,17,5893,0.0911,4073.13,wallet,ICICI,481367,7,4,0,0,0,0,0,0,0,0,0,0,0,20
TXN0000357,2024-01-05T15:27:00,4,M0150,Retail,mid,C01238,107,9,7705,0.1555,10263.09,wallet,Axis,551372,15,4,0,6,0,0,0,0,1,0,0,0,0,65
TXN0000358,2024-01-06T11:33:00,5,M0041,B2B,low,C00194,804,87,4378,0.0061,39007.2,wallet,Yes,514829,11,5,1,0,0,0,0,0,0,0,0,1,0,35
TXN0000359,2024-01-06T11:33:00,5,M0198,Food,mid,C01004,144,8,1025,0.0719,496.63,upi,SBI,478443,11,5,1,13,0,1,0,0,0,1,0,0,0,50
TXN0000360,2024-01-06T18:33:00,5,M0115,Services,high,C00167,951,114,4815,0.0341,2450.76,wallet,ICICI,421757,18,5,1,0,0,1,0,0,0,1,0,0,0,13
TXN0000361,2024-01-06T19:07:00,5,M0053,Retail,low,C01081,245,20,7234,0.042,4923.43,card,ICICI,516731,19,5,1,11,0,1,0,0,0,1,0,0,1,32
TXN0000362,2024-01-06T18:05:00,5,M0037,Retail,mid,C01147,236,10,6707,0.0762,5152.06,upi,Yes,451159,18,5,1,0,0,1,0,0,0,0,1,1,0,59
TXN0000363,2024-01-06T14:00:00,5,M0190,Services,low,C00248,151,17,4537,0.044,2406.1,wallet,HDFC,550462,14,5,1,0,0,1,0,0,0,0,0,0,0,64
TXN0000364,2024-01-06T04:20:00,5,M0136,Logistics,mid,C00206,15,3,1692,0.1412,30444.98,card,PNB,598580,4,5,1,0,0,0,0,0,0,0,0,1,1,17
TXN0000365,2024-01-06T11:15:00,5,M0055,Services,mid,C01413,15,2,630,0.1079,1182.48,wallet,ICICI,496132,11,5,1,0,0,0,0,0,0,1,0,0,0,54
TXN0000366,2024-01-06T19:15:00,5,M0063,SaaS,high,C00176,890,74,8221,0.0135,14348.66,card,Axis,523610,19,5,1,0,0,0,0,0,0,0,0,0,0,66
TXN0000367,2024-01-06T10:15:00,5,M0040,SaaS,mid,C01115,113,12,1457,0.1206,1726.25,wallet,Yes,566358,10,5,1,7,0,1,0,0,0,0,0,0,0,67
TXN0000368,2024-01-06T22:07:00,5,M0162,Services,high,C00613,294,20,7531,0.0191,4859.1,wallet,SBI,533460,22,5,1,0,0,1,0,1,0,1,1,1,0,28
TXN0000369,2024-01-06T14:37:00,5,M0173,Food,high,C00554,25,3,1881,0.1038,1210.44,upi,SBI,445385,14,5,1,0,0,0,0,0,0,0,0,0,0,29
TXN0000370,2024-01-06T10:22:00,5,M0157,SaaS,mid,C01042,11,2,1733,0.1162,1375.11,card,HDFC,568244,10,5,1,0,0,0,0,0,0,0,0,0,0,47
TXN0000371,2024-01-06T13:33:00,5,M0030,B2B,high,C00216,198,9,6353,0.0248,19928.45,netbanking,Canara,517835,13,5,1,0,0,0,0,0,1,1,0,0,0,26
TXN0000372,2024-01-06T07:22:00,5,M0183,Retail,mid,C00017,816,60,12299,0.0135,9854.94,upi,Kotak,417778,7,5,1,0,0,1,0,0,0,1,0,0,0,67
TXN0000373,2024-01-06T11:29:00,5,M0059,Logistics,mid,C00174,247,16,4266,0.0312,14587.95,card,SBI,470968,11,5,1,0,0,0,0,0,0,0,0,0,0,65
TXN0000374,2024-01-06T17:19:00,5,M0141,Logistics,low,C01317,274,6,6197,0.1133,3340.31,wallet,Kotak,550558,17,5,1,0,0,0,0,0,0,1,0,0,0,35
TXN0000375,2024-01-06T16:11:00,5,M0020,B2B,low,C01015,763,93,15353,0.0415,92272.58,wallet,ICICI,580235,16,5,1,0,0,0,0,0,0,1,1,1,0,12
TXN0000376,2024-01-06T08:59:00,5,M0038,B2B,mid,C01118,9,3,1462,0.0622,16550.83,netbanking,Axis,507287,8,5,1,0,0,0,0,0,0,0,0,0,1,12
TXN0000377,2024-01-06T05:31:00,5,M0086,Retail,high,C00952,62,10,3676,0.0357,2978.02,card,SBI,424516,5,5,1,6,0,0,0,0,0,0,0,0,0,36
TXN0000378,2024-01-06T06:24:00,5,M0144,Retail,low,C00084,95,8,6140,0.1283,6944.87,wallet,ICICI,549285,6,5,1,0,0,0,0,0,0,0,0,0,0,16
TXN0000379,2024-01-06T11:09:00,5,M0121,Food,low,C00012,140,18,5966,0.0165,3163.47,netbanking,SBI,456275,11,5,1,0,0,0,0,0,0,1,0,0,1,17
TXN0000380,2024-01-06T10:52:00,5,M0036,Retail,low,C01360,872,68,17327,0.0162,17516.47,card,SBI,523292,10,5,1,0,0,0,0,0,0,0,0,0,0,50
TXN0000381,2024-01-06T16:17:00,5,M0076,Services,high,C01474,15,4,808,0.0462,15857.14,upi,Yes,540777,16,5,1,0,0,2,0,0,0,0,1,1,0,22
TXN0000382,2024-01-06T19:56:00,5,M0110,Food,high,C01106,884,86,14415,0.044,16622.17,upi,Kotak,481778,19,5,1,0,0,0,0,0,0,1,0,0,0,59
TXN0000383,2024-01-06T06:36:00,5,M0059,Logistics,mid,C00897,64,9,6295,0.0343,22458.83,upi,HDFC,505818,6,5,1,0,0,0,1,0,0,0,1,1,0,45
TXN0000384,2024-01-06T18:14:00,5,M0196,Retail,low,C00412,998,78,24949,0.0394,29798.5,wallet,Yes,471911,18,5,1,0,0,0,0,0,0,1,1,1,0,66
TXN0000385,2024-01-06T21:09:00,5,M0002,B2B,low,C00344,151,12,6452,0.123,42120.02,netbanking,PNB,518865,21,5,1,6,0,0,0,0,0,1,0,1,1,12
TXN0000386,2024-01-06T14:05:00,5,M0000,Logistics,low,C01057,5,2,514,0.1246,8518.36,card,SBI,579702,14,5,1,0,0,0,0,0,0,0,0,0,0,59
TXN0000387,2024-01-06T17:47:00,5,M0148,SaaS,mid,C01378,23,4,818,0.0869,1166.46,upi,PNB,525836,17,5,1,0,0,0,1,0,0,0,1,1,0,14
TXN0000388,2024-01-06T16:15:00,5,M0012,Food,low,C00047,8,2,892,0.0391,2306.04,netbanking,Kotak,486435,16,5,1,7,0,1,0,0,0,0,0,0,0,63
TXN0000389,2024-01-06T01:23:00,5,M0079,Retail,high,C00307,10,1,525,0.1779,297.73,netbanking,PNB,513231,1,5,1,0,0,0,0,0,0,0,0,0,1,18
TXN0000390,2024-01-06T17:34:00,5,M0014,Logistics,high,C01127,140,17,6944,0.0594,36358.02,wallet,SBI,408829,17,5,1,0,0,1,0,0,0,0,0,1,1,16
TXN0000391,2024-01-06T11:12:00,5,M0127,Food,low,C00536,12,4,1407,0.0616,941.55,card,Yes,428097,11,5,1,0,0,1,0,0,0,0,0,0,0,72
TXN0000392,2024-01-06T10:36:00,5,M0017,B2B,low,C01286,75,13,3108,0.007,9748.33,wallet,PNB,406168,10,5,1,0,0,0,0,1,0,1,1,1,0,27
TXN0000393,2024-01-06T17:47:00,5,M0133,SaaS,mid,C00293,25,3,1986,0.1281,1524.04,netbanking,Yes,403022,17,5,1,0,0,0,0,0,0,0,0,0,1,60
TXN0000394,2024-01-06T04:56:00,5,M0083,B2B,low,C00459,61,15,3016,0.1617,16060.17,upi,Yes,462022,4,5,1,0,0,0,0,0,1,0,0,1,1,59
TXN0000395,2024-01-06T19:16:00,5,M0160,Services,mid,C00419,844,108,13878,0.0154,17347.01,card,Canara,575158,19,5,1,0,0,0,0,0,0,0,0,0,0,12
TXN0000396,2024-01-06T11:22:00,5,M0130,Food,low,C00802,160,17,7837,0.0897,14425.1,netbanking,Kotak,524074,11,5,1,13,0,1,0,0,0,1,0,0,0,22
TXN0000397,2024-01-06T03:59:00,5,M0148,SaaS,mid,C00123,211,6,3883,0.0949,3180.54,card,Yes,471270,3,5,1,0,0,0,0,0,0,0,1,1,0,31
TXN0000398,2024-01-06T08:21:00,5,M0185,Food,high,C00858,77,7,3771,0.0765,5818.35,netbanking,Kotak,568510,8,5,1,0,0,0,0,0,0,0,0,0,0,18
TXN0000399,2024-01-06T14:05:00,5,M0171,Retail,low,C01454,216,11,5677,0.16,6825.21,card,ICICI,538473,14,5,1,0,0,0,0,0,0,0,0,0,0,38
TXN0000400,2024-01-06T20:01:00,5,M0137,B2B,mid,C00047,8,2,892,0.0391,53857.88,netbanking,ICICI,590370,20,5,1,0,1,2,0,0,0,0,1,1,0,19
TXN0000401,2024-01-06T19:15:00,5,M0181,Food,high,C00822,175,15,6992,0.2517,8721.92,upi,Canara,544378,19,5,1,0,0,0,0,0,0,0,0,0,0,70
TXN0000402,2024-01-06T21:13:00,5,M0012,Food,low,C00164,66,16,5538,0.1122,1767.8,wallet,HDFC,596402,21,5,1,0,0,0,0,0,0,0,0,0,0,36
TXN0000403,2024-01-06T18:03:00,5,M0039,Logistics,mid,C00726,937,113,7763,0.0556,18645.28,upi,ICICI,454010,18,5,1,0,0,1,0,0,0,0,0,0,0,33
TXN0000404,2024-01-06T16:53:00,5,M0135,Retail,low,C00339,982,119,13127,0.0037,20911.44,upi,ICICI,561367,16,5,1,9,0,0,0,0,0,0,0,0,0,20
TXN0000405,2024-01-06T15:24:00,5,M0051,Food,low,C01386,785,103,16955,0.0407,13342.36,upi,SBI,475181,15,5,1,0,0,0,0,0,0,0,0,0,0,57
TXN0000406,2024-01-06T22:02:00,5,M0140,Logistics,high,C00750,260,8,5929,0.0549,18095.33,wallet,SBI,442537,22,5,1,0,0,0,0,1,0,1,1,1,0,49
TXN0000407,2024-01-06T14:54:00,5,M0009,Retail,low,C00787,228,7,4251,0.029,5271.66,netbanking,SBI,423446,14,5,1,0,0,1,0,0,0,0,0,0,0,65
TXN0000408,2024-01-06T00:59:00,5,M0104,Food,low,C00610,941,55,13937,0.0074,12699.66,netbanking,Axis,584239,0,5,1,0,0,1,0,1,0,1,1,1,0,46
TXN0000409,2024-01-06T10:04:00,5,M0056,Retail,low,C01183,243,15,2751,0.0611,1161.44,upi,Yes,459934,10,5,1,0,0,0,1,0,0,1,1,1,0,70
TXN0000410,2024-01-06T19:35:00,5,M0018,SaaS,high,C00772,10,1,1602,0.0467,1348.16,upi,ICICI,400823,19,5,1,0,0,0,0,0,0,0,0,0,1,68
TXN0000411,2024-01-06T18:09:00,5,M0194,Retail,mid,C00565,261,17,2212,0.0312,4899.12,upi,SBI,543132,18,5,1,0,0,0,0,0,0,0,0,0,0,70
TXN0000412,2024-01-06T14:48:00,5,M0126,B2B,low,C00674,731,115,19078,0.0133,46157.45,wallet,SBI,459528,14,5,1,0,0,0,0,0,0,1,1,1,0,30
TXN0000413,2024-01-06T18:29:00,5,M0074,Services,high,C00891,261,9,3495,0.0819,2903.4,wallet,Axis,526131,18,5,1,0,0,0,0,0,0,1,0,0,0,18
TXN0000414,2024-01-06T01:11:00,5,M0124,Retail,low,C00651,21,1,1571,0.0791,1573.31,card,Yes,468042,1,5,1,0,0,0,0,0,0,0,0,0,1,45
TXN0000415,2024-01-06T13:19:00,5,M0103,Services,low,C00302,195,5,3958,0.0569,6133.05,card,Yes,454590,13,5,1,0,0,0,0,0,0,0,0,0,0,37
TXN0000416,2024-01-06T07:57:00,5,M0121,Food,low,C00855,10,1,1044,0.075,1253.69,wallet,Axis,446233,7,5,1,0,0,0,0,0,0,0,0,0,0,35
TXN0000417,2024-01-06T02:33:00,5,M0199,SaaS,mid,C00481,9,3,1477,0.2252,916.55,upi,Yes,450292,2,5,1,11,0,0,0,0,0,0,0,0,0,38
TXN0000418,2024-01-06T20:31:00,5,M0115,Services,high,C00118,24,4,1912,0.1164,4406.28,card,Canara,455065,20,5,1,0,0,0,0,0,0,0,0,0,1,20
TXN0000419,2024-01-06T13:38:00,5,M0116,Services,low,C01492,24,1,1137,0.1009,6142.82,wallet,Axis,408488,13,5,1,0,0,0,0,0,0,0,0,0,1,65
TXN0000420,2024-01-06T20:47:00,5,M0108,Food,high,C01184,214,11,5319,0.0395,4510.25,upi,HDFC,510704,20,5,1,0,0,0,0,0,0,0,0,0,0,40
TXN0000421,2024-01-06T20:43:00,5,M0118,Retail,mid,C00039,99,18,2442,0.1739,1919.4,netbanking,Kotak,498758,20,5,1,0,0,0,1,1,0,0,1,1,0,67
TXN0000422,2024-01-06T12:15:00,5,M0112,Logistics,mid,C00327,221,7,5770,0.1545,14006.05,netbanking,Yes,428501,12,5,1,0,0,0,1,0,0,1,1,1,0,50
TXN0000423,2024-01-06T18:11:00,5,M0057,Food,high,C00260,765,102,19361,0.0032,9623.14,upi,Kotak,547642,18,5,1,0,0,0,1,0,0,1,1,1,0,65
TXN0000424,2024-01-06T10:10:00,5,M0110,Food,high,C01471,226,11,7159,0.0178,3471.71,wallet,HDFC,532557,10,5,1,0,0,1,0,0,0,0,0,0,0,64
TXN0000425,2024-01-06T08:49:00,5,M0000,Logistics,low,C00857,994,96,3975,0.0102,22769.7,card,SBI,441124,8,5,1,0,0,0,0,0,0,1,0,0,0,25
TXN0000426,2024-01-06T05:09:00,5,M0044,Logistics,low,C00013,300,11,3983,0.0544,17702.86,netbanking,HDFC,459254,5,5,1,0,0,0,0,0,0,0,0,1,0,64
TXN0000427,2024-01-06T15:48:00,5,M0141,Logistics,low,C01147,236,10,6707,0.0762,3904.59,card,ICICI,433115,15,5,1,14,1,2,0,0,0,0,0,0,1,60
TXN0000428,2024-01-06T12:21:00,5,M0069,SaaS,high,C00185,236,5,5889,0.0713,1547.6,card,ICICI,526123,12,5,1,0,0,0,0,0,0,0,0,0,0,29
TXN0000429,2024-01-06T15:55:00,5,M0040,SaaS,mid,C00134,24,2,1976,0.0714,3131.48,card,ICICI,526253,15,5,1,0,0,0,0,0,0,0,0,0,0,20
TXN0000430,2024-01-06T19:40:00,5,M0108,Food,high,C00561,25,3,576,0.1278,666.21,upi,HDFC,549705,19,5,1,0,0,0,0,0,0,0,0,0,0,68
TXN0000431,2024-01-06T05:10:00,5,M0136,Logistics,mid,C00550,194,13,1402,0.0991,6579.62,card,ICICI,552538,5,5,1,0,0,1,1,0,0,1,1,1,0,54
TXN0000432,2024-01-06T14:40:00,5,M0012,Food,low,C01059,819,59,15027,0.0351,15974.04,netbanking,Yes,583608,14,5,1,0,0,0,0,0,0,0,0,0,0,49
TXN0000433,2024-01-06T13:27:00,5,M0046,SaaS,high,C00015,18,4,1887,0.0832,989.56,upi,Yes,561876,13,5,1,0,0,0,0,0,0,1,0,0,0,41
TXN0000434,2024-01-06T18:47:00,5,M0183,Retail,mid,C01111,200,20,5413,0.0781,2801.91,card,HDFC,593896,18,5,1,0,0,1,0,0,0,0,0,0,0,20
TXN0000435,2024-01-06T21:55:00,5,M0168,Food,high,C01197,114,5,6492,0.0567,5719.69,upi,SBI,492449,21,5,1,0,0,1,0,0,0,0,0,0,0,52
TXN0000436,2024-01-06T08:48:00,5,M0103,Services,low,C00344,151,12,6452,0.123,4407.19,card,HDFC,403524,8,5,1,1,1,1,0,0,0,0,0,0,0,37
TXN0000437,2024-01-06T11:16:00,5,M0043,Logistics,high,C01420,162,18,3883,0.1507,8826.8,upi,HDFC,588003,11,5,1,0,0,0,0,0,0,1,0,0,0,59
TXN0000438,2024-01-06T18:34:00,5,M0194,Retail,mid,C00172,224,14,4956,0.0526,4129.25,upi,SBI,520954,18,5,1,0,0,0,0,0,0,1,0,0,0,37
TXN0000439,2024-01-06T12:53:00,5,M0071,Retail,low,C00819,79,12,7293,0.1004,1372.6,netbanking,HDFC,403860,12,5,1,0,0,0,0,1,0,1,1,1,0,23
TXN0000440,2024-01-06T12:09:00,5,M0051,Food,low,C00555,100,19,3886,0.0597,2033.84,netbanking,Kotak,586791,12,5,1,0,0,0,0,0,0,0,1,1,0,20
TXN0000441,2024-01-06T20:18:00,5,M0051,Food,low,C01465,199,13,5560,0.1649,1687.26,upi,PNB,581546,20,5,1,0,0,0,0,0,0,1,0,0,0,30
TXN0000442,2024-01-06T07:35:00,5,M0046,SaaS,high,C01277,952,104,4871,0.0312,2501.65,netbanking,Axis,516731,7,5,1,0,0,2,0,0,0,0,0,0,0,16
TXN0000443,2024-01-06T12:21:00,5,M0196,Retail,low,C01016,260,18,7622,0.0549,3172.74,netbanking,Axis,499221,12,5,1,0,0,0,0,0,0,1,0,0,0,47
TXN0000444,2024-01-06T08:27:00,5,M0145,SaaS,low,C00084,95,8,6140,0.1283,2402.56,netbanking,Yes,526277,8,5,1,0,1,1,0,0,0,1,1,1,0,17
TXN0000445,2024-01-06T14:01:00,5,M0100,Retail,low,C01487,880,97,23236,0.0125,9196.88,wallet,ICICI,476965,14,5,1,0,0,0,1,0,0,0,1,1,0,70
TXN0000446,2024-01-07T18:53:00,6,M0067,Food,mid,C00564,116,9,1413,0.1264,1428.55,upi,Yes,572784,18,6,1,0,0,0,0,0,0,0,0,0,0,45
TXN0000447,2024-01-07T21:09:00,6,M0095,Food,low,C01059,819,59,15027,0.0351,14302.93,netbanking,HDFC,582846,21,6,1,0,0,1,0,0,0,0,1,1,0,47
TXN0000448,2024-01-07T11:56:00,6,M0098,Retail,mid,C00041,872,107,10990,0.0263,5082.89,wallet,Canara,574554,11,6,1,0,0,0,0,0,0,0,0,0,1,42
TXN0000449,2024-01-07T17:26:00,6,M0179,Services,low,C00246,158,9,7475,0.1369,5810.26,wallet,Yes,457155,17,6,1,0,0,1,0,0,0,0,0,0,0,50
TXN0000450,2024-01-07T11:19:00,6,M0011,Food,low,C00793,792,118,10745,0.0392,5557.75,netbanking,HDFC,575831,11,6,1,11,0,0,0,0,0,0,0,0,0,20
TXN0000451,2024-01-07T19:27:00,6,M0030,B2B,high,C01422,271,19,2285,0.0622,22216.29,upi,PNB,442692,19,6,1,0,0,0,0,0,0,0,0,0,1,69
TXN0000452,2024-01-07T13:39:00,6,M0003,SaaS,low,C00971,17,3,524,0.1054,1234.29,card,Axis,521543,13,6,1,0,0,1,0,0,0,0,0,0,0,71
TXN0000453,2024-01-07T15:10:00,6,M0001,Retail,high,C01093,201,11,7691,0.0981,3190.57,card,Yes,479295,15,6,1,0,0,2,0,0,0,0,0,0,0,56
TXN0000454,2024-01-07T15:26:00,6,M0004,Logistics,low,C00231,970,90,9656,0.0095,4551.51,card,Kotak,460817,15,6,1,0,0,0,0,0,0,0,0,0,0,61
TXN0000455,2024-01-07T17:52:00,6,M0071,Retail,low,C01348,868,116,13563,0.0197,20466.28,card,ICICI,490109,17,6,1,0,0,0,0,0,0,0,0,0,0,67
TXN0000456,2024-01-07T09:49:00,6,M0193,B2B,low,C00106,22,3,1872,0.0279,7278.78,wallet,HDFC,557044,9,6,1,0,0,0,0,0,0,0,0,0,1,31
TXN0000457,2024-01-07T13:34:00,6,M0010,SaaS,high,C00913,120,7,7354,0.1533,6987.81,wallet,SBI,570729,13,6,1,0,0,0,0,1,0,1,1,1,0,31
TXN0000458,2024-01-07T13:42:00,6,M0134,Services,low,C00668,824,82,12652,0.0095,15711.58,upi,PNB,428882,13,6,1,0,0,1,0,0,0,0,0,0,0,37
TXN0000459,2024-01-07T19:15:00,6,M0033,Logistics,low,C00031,114,19,3677,0.0731,10592.1,card,Yes,555939,19,6,1,0,0,0,0,0,0,0,0,0,0,53
TXN0000460,2024-01-07T21:09:00,6,M0064,Food,high,C00684,263,8,4737,0.1664,10555.2,card,Axis,520200,21,6,1,0,0,0,0,0,0,1,1,1,0,47
TXN0000461,2024-01-07T21:03:00,6,M0068,B2B,low,C01167,151,10,2963,0.1531,18074.32,netbanking,HDFC,492256,21,6,1,0,0,0,0,0,0,0,0,0,0,39
TXN0000462,2024-01-07T19:50:00,6,M0065,B2B,high,C01026,84,9,3649,0.1314,58111.98,card,ICICI,492347,19,6,1,0,0,0,0,0,0,0,1,1,0,43
TXN0000463,2024-01-07T08:08:00,6,M0063,SaaS,high,C01060,157,10,4057,0.1045,2328.15,netbanking,Canara,574739,8,6,1,0,0,0,1,0,0,1,0,1,1,15
TXN0000464,2024-01-07T08:26:00,6,M0065,B2B,high,C00380,17,3,1440,0.0452,27688.82,netbanking,PNB,559979,8,6,1,0,0,0,0,0,0,0,0,0,1,72
TXN0000465,2024-01-07T17:50:00,6,M0153,Food,low,C01346,8,1,1368,0.0887,2417.91,wallet,SBI,497561,17,6,1,0,0,0,0,0,0,0,0,0,0,31
TXN0000466,2024-01-07T13:55:00,6,M0031,Food,mid,C00505,18,4,1607,0.0104,887.08,card,PNB,402580,13,6,1,0,0,0,0,0,0,0,0,0,1,30
TXN0000467,2024-01-07T12:25:00,6,M0076,Services,high,C00101,290,7,3638,0.1309,5647.31,upi,Axis,478779,12,6,1,0,0,0,0,0,0,1,0,0,0,63
TXN0000468,2024-01-07T03:39:00,6,M0147,SaaS,mid,C01015,763,93,15353,0.0415,16132.85,card,Kotak,402977,3,6,1,0,1,1,0,0,0,0,1,1,0,53
TXN0000469,2024-01-07T19:01:00,6,M0038,B2B,mid,C00113,166,13,2765,0.0701,24486.24,wallet,SBI,548998,19,6,1,0,0,0,0,0,0,0,1,1,0,46
TXN0000470,2024-01-07T13:56:00,6,M0008,Retail,low,C01329,214,5,6916,0.0088,10445.52,wallet,ICICI,537938,13,6,1,0,0,0,0,1,0,0,1,1,0,42
TXN0000471,2024-01-07T18:54:00,6,M0039,Logistics,mid,C01334,8,4,1842,0.0547,27793.26,card,Canara,573139,18,6,1,0,0,0,0,0,0,0,1,1,0,18
TXN0000472,2024-01-07T15:04:00,6,M0003,SaaS,low,C00106,22,3,1872,0.0279,1524.13,upi,Axis,535170,15,6,1,0,1,1,0,0,0,1,0,0,0,14
TXN0000473,2024-01-07T19:19:00,6,M0048,SaaS,mid,C00610,941,55,13937,0.0074,26628.3,wallet,PNB,433730,19,6,1,0,0,2,0,0,0,0,1,1,0,16
TXN0000474,2024-01-07T06:48:00,6,M0001,Retail,high,C01416,206,7,6172,0.1246,7832.86,card,Yes,420567,6,6,1,9,0,0,0,0,0,0,0,0,0,28
TXN0000475,2024-01-07T11:00:00,6,M0009,Retail,low,C01239,20,3,1092,0.1306,3733.08,wallet,Yes,465241,11,6,1,0,0,2,0,0,0,1,0,0,0,37
TXN0000476,2024-01-07T05:00:00,6,M0012,Food,low,C01324,148,17,6773,0.0247,3727.07,card,SBI,446716,5,6,1,0,0,0,0,0,0,0,0,0,0,55
TXN0000477,2024-01-07T18:47:00,6,M0053,Retail,low,C01205,6,1,1678,0.0732,1238.34,wallet,HDFC,439728,18,6,1,0,0,0,0,0,0,1,0,0,0,56
TXN0000478,2024-01-07T16:45:00,6,M0086,Retail,high,C00185,236,5,5889,0.0713,9190.19,netbanking,HDFC,531894,16,6,1,0,0,1,0,0,0,0,0,0,0,60
TXN0000479,2024-01-07T22:35:00,6,M0196,Retail,low,C00884,81,15,4291,0.1355,3307.46,upi,ICICI,452348,22,6,1,10,0,0,0,0,0,0,0,0,0,63
TXN0000480,2024-01-07T09:21:00,6,M0099,B2B,low,C00775,14,3,1392,0.0331,12490.63,card,SBI,404742,9,6,1,13,0,0,0,0,0,0,0,0,0,42
TXN0000481,2024-01-07T11:17:00,6,M0173,Food,high,C00014,91,14,5154,0.0628,1781.74,upi,Canara,596795,11,6,1,0,0,0,0,0,0,0,0,0,0,16
TXN0000482,2024-01-07T09:56:00,6,M0158,Retail,low,C01172,822,88,3332,0.0419,2341.95,netbanking,Axis,403567,9,6,1,0,0,0,0,0,0,0,0,0,0,59
TXN0000483,2024-01-07T19:58:00,6,M0136,Logistics,mid,C00616,911,58,7892,0.0092,5168.48,upi,Yes,411538,19,6,1,12,0,0,0,0,0,0,0,0,0,53
TXN0000484,2024-01-07T00:34:00,6,M0022,Retail,low,C01325,235,12,1237,0.041,2252.51,upi,SBI,495639,0,6,1,0,0,0,1,0,0,0,1,1,0,33
TXN0000485,2024-01-07T17:23:00,6,M0040,SaaS,mid,C01410,23,4,940,0.1409,1974.97,netbanking,Canara,477404,17,6,1,14,0,0,0,0,0,1,0,0,0,29
TXN0000486,2024-01-07T15:44:00,6,M0161,Services,mid,C01209,15,4,790,0.0451,1304.34,wallet,Yes,564954,15,6,1,0,0,2,0,0,0,1,1,1,0,68
TXN0000487,2024-01-07T20:38:00,6,M0072,SaaS,high,C00676,205,16,3731,0.1246,2066.46,upi,PNB,436579,20,6,1,0,0,0,0,0,0,0,0,0,0,40
TXN0000488,2024-01-07T18:57:00,6,M0002,B2B,low,C00606,221,7,4962,0.1239,21582.8,card,HDFC,417786,18,6,1,0,0,0,1,0,0,0,1,1,0,52
TXN0000489,2024-01-07T12:22:00,6,M0023,Services,low,C00866,21,3,753,0.0237,2119.39,upi,PNB,469262,12,6,1,0,0,1,0,0,0,0,0,0,0,18
TXN0000490,2024-01-07T17:07:00,6,M0174,SaaS,low,C00655,24,1,1087,0.1257,1103.8,wallet,Axis,512639,17,6,1,0,0,1,0,0,0,0,0,0,0,47
TXN0000491,2024-01-07T14:25:00,6,M0060,Services,high,C00398,5,2,752,0.1093,2096.25,wallet,Canara,591636,14,6,1,0,0,0,1,0,0,1,1,1,0,66
TXN0000492,2024-01-07T02:23:00,6,M0001,Retail,high,C01315,189,15,3261,0.0741,1737.99,wallet,Kotak,467915,2,6,1,0,0,0,0,0,0,0,0,0,0,70
TXN0000493,2024-01-07T11:51:00,6,M0034,Retail,high,C00659,113,16,1445,0.1625,1432.36,card,Axis,588987,11,6,1,0,0,0,0,0,0,0,0,0,0,21
TXN0000494,2024-01-07T14:16:00,6,M0011,Food,low,C00279,256,20,5503,0.1075,2266.93,netbanking,Canara,572973,14,6,1,0,0,1,1,0,0,0,1,1,0,21
TXN0000495,2024-01-07T19:55:00,6,M0155,SaaS,mid,C00018,850,89,10361,0.0377,10501.1,upi,Axis,544471,19,6,1,0,0,0,0,0,0,1,0,0,0,12
TXN0000496,2024-01-07T18:27:00,6,M0183,Retail,mid,C00805,90,12,6845,0.0346,3296.12,upi,PNB,505331,18,6,1,0,0,0,0,0,0,0,0,0,0,13
TXN0000497,2024-01-07T09:51:00,6,M0113,Services,high,C00007,283,18,6084,0.1851,2989.61,upi,HDFC,567854,9,6,1,0,0,0,0,1,0,0,1,1,0,58
TXN0000498,2024-01-07T16:55:00,6,M0013,Logistics,high,C00270,170,17,1239,0.1579,14230.34,upi,HDFC,464254,16,6,1,12,0,0,0,0,0,1,0,0,0,44
TXN0000499,2024-01-07T21:56:00,6,M0169,Food,low,C00730,110,5,1684,0.0888,2428.53,card,Canara,596230,21,6,1,0,0,0,0,0,0,0,0,0,0,29
TXN0000500,2024-01-07T17:56:00,6,M0153,Food,low,C00158,205,6,5956,0.039,3399.99,card,SBI,434547,17,6,1,0,0,0,0,0,0,0,0,0,0,28
TXN0000501,2024-01-07T14:45:00,6,M0097,Services,low,C00207,289,14,6654,0.0346,3234.59,upi,HDFC,583449,14,6,1,0,0,0,0,0,0,0,0,0,0,39
TXN0000502,2024-01-07T14:33:00,6,M0189,SaaS,mid,C01431,750,96,16088,0.0245,5443.39,wallet,ICICI,534582,14,6,1,0,0,0,0,0,0,0,0,0,0,70
TXN0000503,2024-01-07T16:03:00,6,M0032,Food,low,C00419,844,108,13878,0.0154,6358.43,netbanking,Yes,505070,16,6,1,0,1,1,0,0,0,0,0,0,0,48
TXN0000504,2024-01-07T10:27:00,6,M0153,Food,low,C01098,21,2,1988,0.0213,886.57,wallet,ICICI,413289,10,6,1,13,0,0,0,0,0,1,0,0,1,68
TXN0000505,2024-01-07T00:26:00,6,M0036,Retail,low,C00854,25,3,1185,0.0337,901.21,netbanking,Yes,597029,0,6,1,0,0,0,0,0,0,0,0,0,0,34
TXN0000506,2024-01-07T00:03:00,6,M0025,Food,mid,C00352,777,93,22465,0.0638,7464.9,netbanking,Kotak,485221,0,6,1,7,0,1,0,0,0,1,0,0,0,28
TXN0000507,2024-01-07T15:59:00,6,M0077,Services,high,C00532,185,11,3626,0.1331,1433.84,wallet,HDFC,591414,15,6,1,9,0,1,0,0,0,1,0,0,0,27
TXN0000508,2024-01-07T21:32:00,6,M0104,Food,low,C00397,20,3,885,0.0456,1302.45,netbanking,ICICI,455729,21,6,1,0,0,0,1,0,0,0,0,1,0,49
TXN0000509,2024-01-07T13:31:00,6,M0197,Food,low,C00887,8,3,791,0.0813,1780.01,netbanking,PNB,559748,13,6,1,0,0,0,0,0,0,1,0,0,1,32
TXN0000510,2024-01-07T11:44:00,6,M0010,SaaS,high,C00950,23,4,1808,0.0475,438.12,netbanking,HDFC,436793,11,6,1,0,0,0,0,0,0,0,0,0,0,22
TXN0000511,2024-01-07T20:54:00,6,M0183,Retail,mid,C01263,11,4,1896,0.0942,1627.43,upi,Canara,450124,20,6,1,0,0,0,0,1,0,1,1,1,0,26
TXN0000512,2024-01-07T12:34:00,6,M0024,B2B,mid,C01154,150,18,5285,0.0879,53226.51,wallet,Kotak,580023,12,6,1,0,0,0,0,0,0,1,1,1,0,12
TXN0000513,2024-01-07T15:50:00,6,M0128,B2B,high,C01069,740,66,8096,0.0128,35869.81,card,SBI,512554,15,6,1,0,0,0,0,0,0,0,1,1,0,58
TXN0000514,2024-01-07T08:26:00,6,M0140,Logistics,high,C00771,123,12,6309,0.0529,26623.48,card,ICICI,497394,8,6,1,0,0,0,0,0,0,0,0,0,0,71
TXN0000515,2024-01-07T10:09:00,6,M0195,Food,high,C00184,241,14,4890,0.1259,2667.45,card,SBI,520630,10,6,1,0,0,0,0,0,0,1,0,0,0,42
TXN0000516,2024-01-07T19:03:00,6,M0030,B2B,high,C00922,111,11,7432,0.022,13819.54,wallet,HDFC,575924,19,6,1,0,0,0,0,1,0,1,1,1,0,41
TXN0000517,2024-01-07T15:28:00,6,M0114,Logistics,mid,C01189,130,15,7174,0.0537,8668.42,wallet,Axis,521312,15,6,1,0,0,0,0,0,0,0,0,0,1,16
TXN0000518,2024-01-07T10:32:00,6,M0082,B2B,high,C01011,969,71,17623,0.0588,39751.85,wallet,Axis,537658,10,6,1,0,0,0,0,0,0,1,1,1,0,13
TXN0000519,2024-01-07T14:43:00,6,M0175,Food,low,C00980,292,12,7565,0.1281,3698.67,upi,ICICI,440550,14,6,1,0,0,2,0,0,0,0,1,1,0,46
TXN0000520,2024-01-07T18:32:00,6,M0133,SaaS,mid,C01318,11,3,1462,0.0305,949.37,upi,HDFC,519192,18,6,1,0,0,0,0,0,0,1,0,0,0,61
TXN0000521,2024-01-07T15:14:00,6,M0037,Retail,mid,C01207,103,11,3847,0.1379,3479.92,netbanking,HDFC,510290,15,6,1,0,0,0,0,0,0,0,0,0,0,51
TXN0000522,2024-01-07T18:28:00,6,M0105,SaaS,high,C01062,298,6,4793,0.2582,2285.81,netbanking,Canara,577240,18,6,1,0,0,1,0,0,0,0,0,0,0,53
TXN0000523,2024-01-07T20:14:00,6,M0023,Services,low,C01074,6,4,1334,0.1,2285.44,netbanking,Canara,413475,20,6,1,0,0,0,0,0,0,0,0,0,1,60
TXN0000524,2024-01-07T14:28:00,6,M0039,Logistics,mid,C00464,277,10,7203,0.1165,17419.75,wallet,Canara,540961,14,6,1,0,0,0,0,0,0,0,1,1,0,26
TXN0000525,2024-01-07T11:32:00,6,M0163,Logistics,high,C00619,137,11,5301,0.0478,23535.68,card,PNB,590219,11,6,1,0,0,0,0,0,0,0,1,1,0,64
TXN0000526,2024-01-07T15:30:00,6,M0005,Logistics,high,C00135,132,19,2916,0.0791,2916.52,card,Canara,461216,15,6,1,0,0,0,0,0,0,0,0,0,0,47
TXN0000527,2024-01-07T19:21:00,6,M0198,Food,mid,C00426,215,12,3241,0.083,2597.45,netbanking,Kotak,540913,19,6,1,11,0,0,0,0,0,0,0,0,0,36
TXN0000528,2024-01-07T18:54:00,6,M0006,Food,low,C00955,271,17,5954,0.1364,6173.96,wallet,Kotak,594176,18,6,1,0,0,0,0,0,0,0,0,0,0,19
TXN0000529,2024-01-07T21:57:00,6,M0108,Food,high,C00130,930,66,22498,0.0304,10645.6,netbanking,Kotak,575019,21,6,1,0,0,0,0,0,0,0,0,0,0,15
TXN0000530,2024-01-07T17:51:00,6,M0180,Food,low,C01209,15,4,790,0.0451,446.9,card,Axis,407516,17,6,1,0,1,3,1,0,0,0,1,1,0,66
TXN0000531,2024-01-07T11:52:00,6,M0162,Services,high,C00712,22,1,1648,0.1887,3202.14,upi,HDFC,436582,11,6,1,0,0,0,0,0,0,0,0,0,0,70
TXN0000532,2024-01-07T17:14:00,6,M0061,Services,low,C00569,66,14,2386,0.1049,4398.86,netbanking,HDFC,424585,17,6,1,0,0,0,0,0,0,0,0,0,0,16
TXN0000533,2024-01-07T11:17:00,6,M0083,B2B,low,C00306,139,18,6979,0.0673,31518.95,wallet,Yes,513844,11,6,1,0,0,0,0,0,0,1,1,1,0,63
TXN0000534,2024-01-07T13:08:00,6,M0096,Food,mid,C00107,756,86,22674,0.0092,6119.17,card,SBI,527393,13,6,1,0,0,1,1,0,0,0,0,1,0,68
TXN0000535,2024-01-07T09:54:00,6,M0067,Food,mid,C00189,240,9,5249,0.0397,2434.42,netbanking,Kotak,579135,9,6,1,0,0,0,0,0,0,0,0,0,0,42
TXN0000536,2024-01-07T14:19:00,6,M0036,Retail,low,C00369,128,16,1165,0.0715,1973.61,card,SBI,493742,14,6,1,13,0,0,0,0,0,1,0,0,0,62
TXN0000537,2024-01-07T19:13:00,6,M0150,Retail,mid,C00937,921,82,21040,0.0016,12375.15,card,HDFC,583072,19,6,1,0,0,0,0,0,0,0,0,0,0,15
TXN0000538,2024-01-07T22:05:00,6,M0015,Services,low,C00204,104,17,7774,0.0827,9245.58,upi,Canara,543786,22,6,1,0,0,0,0,0,0,0,0,0,1,14
TXN0000539,2024-01-07T12:08:00,6,M0157,SaaS,mid,C01375,827,66,13174,0.001,5856.0,card,ICICI,497592,12,6,1,0,0,1,0,0,0,1,0,0,0,59
TXN0000540,2024-01-08T16:21:00,7,M0003,SaaS,low,C00827,171,18,1761,0.0162,1332.0,upi,PNB,507179,16,0,0,0,0,0,1,0,0,1,1,1,0,16
TXN0000541,2024-01-08T01:55:00,7,M0065,B2B,high,C00654,260,13,1503,0.1147,40960.65,card,Kotak,409793,1,0,0,0,0,0,0,0,0,0,1,1,0,67
TXN0000542,2024-01-08T11:08:00,7,M0150,Retail,mid,C00267,149,14,3810,0.0835,2126.42,card,ICICI,450447,11,0,0,0,0,0,0,0,0,1,0,0,0,23
TXN0000543,2024-01-08T15:21:00,7,M0132,Food,mid,C00775,14,3,1392,0.0331,743.47,wallet,HDFC,445419,15,0,0,0,0,1,0,0,0,0,0,0,0,39
TXN0000544,2024-01-08T15:30:00,7,M0049,Services,mid,C00548,224,15,1904,0.043,954.07,wallet,ICICI,487715,15,0,0,0,0,2,0,0,0,0,0,0,0,37
TXN0000545,2024-01-08T13:57:00,7,M0094,SaaS,high,C00680,76,14,5093,0.1005,3371.77,netbanking,Axis,465329,13,0,0,0,0,0,0,0,0,0,0,0,0,35
TXN0000546,2024-01-08T16:21:00,7,M0040,SaaS,mid,C00590,749,116,6582,0.0124,2634.6,card,SBI,475926,16,0,0,0,0,0,0,0,0,0,0,0,0,60
TXN0000547,2024-01-08T08:29:00,7,M0099,B2B,low,C01011,969,71,17623,0.0588,14388.03,wallet,Yes,531127,8,0,0,0,1,1,0,0,0,1,0,0,0,48
TXN0000548,2024-01-08T14:18:00,7,M0006,Food,low,C00845,903,109,7297,0.0375,6563.45,card,ICICI,426609,14,0,0,0,0,0,0,0,0,0,0,0,0,53
TXN0000549,2024-01-08T02:51:00,7,M0050,Logistics,high,C01422,271,19,2285,0.0622,8300.36,wallet,HDFC,545734,2,0,0,0,1,1,0,0,0,0,0,1,0,29
TXN0000550,2024-01-08T08:49:00,7,M0146,Food,mid,C00425,783,99,24545,0.0148,28755.7,netbanking,Yes,596779,8,0,0,0,0,1,0,0,0,0,0,0,1,24
TXN0000551,2024-01-08T14:51:00,7,M0153,Food,low,C00222,96,12,4387,0.0371,2202.58,wallet,PNB,588378,14,0,0,0,0,2,0,0,0,0,0,0,0,51
TXN0000552,2024-01-08T09:14:00,7,M0104,Food,low,C00924,19,1,1515,0.0429,1756.02,card,Kotak,591727,9,0,0,0,0,0,1,0,0,0,1,1,0,17
TXN0000553,2024-01-08T18:43:00,7,M0049,Services,mid,C00463,23,3,774,0.0897,1820.22,wallet,Canara,557416,18,0,0,0,0,0,0,0,0,1,0,0,1,28
TXN0000554,2024-01-08T14:42:00,7,M0139,Logistics,low,C00186,244,6,5780,0.0759,5442.41,wallet,PNB,431213,14,0,0,0,0,1,1,0,0,0,0,1,0,14
TXN0000555,2024-01-08T09:09:00,7,M0191,Logistics,high,C00148,86,15,2092,0.0132,22620.75,card,Yes,451768,9,0,0,0,0,2,0,0,0,1,0,0,0,42
TXN0000556,2024-01-08T06:50:00,7,M0144,Retail,low,C01374,5,2,1806,0.0599,4340.01,upi,SBI,479548,6,0,0,0,0,0,0,0,0,0,0,0,0,12
TXN0000557,2024-01-08T10:07:00,7,M0041,B2B,low,C01066,151,11,1906,0.0889,27691.25,upi,Axis,514331,10,0,0,0,0,0,0,0,0,0,1,1,0,43
TXN0000558,2024-01-08T06:35:00,7,M0097,Services,low,C00603,212,10,4730,0.2417,6494.49,netbanking,SBI,465405,6,0,0,0,0,0,1,0,0,1,0,1,0,30
TXN0000559,2024-01-08T10:21:00,7,M0012,Food,low,C00155,243,18,2365,0.2072,2002.82,card,Yes,446006,10,0,0,0,0,0,0,1,0,0,1,1,0,31
TXN0000560,2024-01-08T13:51:00,7,M0019,Services,mid,C00004,9,3,830,0.1613,1207.7,netbanking,Axis,415297,13,0,0,0,0,0,0,0,0,1,0,0,1,52
TXN0000561,2024-01-08T21:58:00,7,M0179,Services,low,C01496,193,13,7225,0.0594,3977.27,wallet,PNB,434935,21,0,0,0,0,0,0,0,0,0,0,0,0,35
TXN0000562,2024-01-08T22:55:00,7,M0006,Food,low,C00530,869,86,24248,0.023,8765.49,upi,PNB,507263,22,0,0,0,0,0,1,0,0,1,1,1,0,29
TXN0000563,2024-01-08T00:26:00,7,M0194,Retail,mid,C00205,974,91,11128,0.0001,6603.47,card,Kotak,403452,0,0,0,0,0,0,0,0,0,0,0,0,0,67
TXN0000564,2024-01-08T00:05:00,7,M0039,Logistics,mid,C01077,24,1,1382,0.0444,9359.46,card,Yes,574853,0,0,0,0,0,0,0,1,0,0,1,1,0,61
TXN0000565,2024-01-08T12:09:00,7,M0080,Logistics,low,C00397,20,3,885,0.0456,3403.47,netbanking,ICICI,567655,12,0,0,0,1,1,0,0,0,0,1,1,0,43
TXN0000566,2024-01-08T09:08:00,7,M0142,Retail,mid,C00083,24,4,1086,0.0349,2167.86,upi,Yes,598981,9,0,0,0,0,0,1,0,0,0,0,1,1,60
TXN0000567,2024-01-08T11:29:00,7,M0024,B2B,mid,C01343,14,3,808,0.014,14450.58,card,Yes,530474,11,0,0,0,0,0,0,0,0,0,0,0,1,57
TXN0000568,2024-01-08T07:14:00,7,M0006,Food,low,C01379,877,76,14212,0.0235,8288.11,netbanking,Yes,544847,7,0,0,0,0,0,0,0,0,0,0,0,0,43
TXN0000569,2024-01-08T02:48:00,7,M0095,Food,low,C01213,63,16,3466,0.121,2727.51,card,PNB,403872,2,0,0,0,0,0,0,0,0,0,0,0,0,36
TXN0000570,2024-01-08T18:23:00,7,M0084,B2B,mid,C00860,135,18,4293,0.257,23348.01,netbanking,HDFC,436703,18,0,0,0,0,0,1,0,0,0,1,1,0,44
TXN0000571,2024-01-08T15:40:00,7,M0071,Retail,low,C00398,5,2,752,0.1093,1568.37,netbanking,SBI,463016,15,0,0,0,0,1,0,0,0,0,0,0,0,23
TXN0000572,2024-01-08T09:29:00,7,M0054,Retail,mid,C00617,275,10,5677,0.1505,4316.29,netbanking,HDFC,500708,9,0,0,0,0,0,0,0,0,0,0,0,0,63
TXN0000573,2024-01-08T12:15:00,7,M0096,Food,mid,C00030,17,1,671,0.1258,485.08,netbanking,SBI,537720,12,0,0,0,0,0,0,0,0,1,0,0,0,13
TXN0000574,2024-01-08T20:39:00,7,M0035,SaaS,mid,C01239,20,3,1092,0.1306,1055.92,card,ICICI,494157,20,0,0,0,0,3,0,0,0,0,0,0,1,69
TXN0000575,2024-01-08T23:00:00,7,M0103,Services,low,C00783,10,3,1906,0.1498,3314.96,netbanking,HDFC,448482,23,0,0,0,0,0,0,0,0,0,0,0,1,54
TXN0000576,2024-01-08T09:23:00,7,M0149,Services,low,C00099,24,1,1989,0.1715,1610.84,card,Yes,512797,9,0,0,0,0,0,0,0,0,1,1,1,0,65
TXN0000577,2024-01-08T17:04:00,7,M0087,Logistics,mid,C00771,123,12,6309,0.0529,21176.48,netbanking,Yes,590567,17,0,0,0,0,1,0,0,0,1,0,0,0,59
TXN0000578,2024-01-08T13:04:00,7,M0059,Logistics,mid,C00169,92,14,6033,0.1224,7166.82,netbanking,Axis,577649,13,0,0,0,0,0,0,0,0,0,0,0,0,70
TXN0000579,2024-01-08T22:45:00,7,M0020,B2B,low,C01372,164,10,6204,0.1709,23167.43,card,ICICI,583577,22,0,0,0,0,0,1,0,0,0,1,1,0,15
TXN0000580,2024-01-08T21:01:00,7,M0104,Food,low,C01356,217,20,2714,0.0307,1673.06,card,ICICI,436191,21,0,0,0,0,0,0,0,0,0,0,0,0,58
TXN0000581,2024-01-08T21:05:00,7,M0072,SaaS,high,C01325,235,12,1237,0.041,1245.84,card,SBI,463776,21,0,0,0,0,1,0,0,0,1,0,0,0,21
TXN0000582,2024-01-08T13:24:00,7,M0066,Food,mid,C00895,131,18,2727,0.1277,1103.59,wallet,PNB,489783,13,0,0,0,0,0,0,0,0,0,0,0,0,33
TXN0000583,2024-01-08T03:24:00,7,M0053,Retail,low,C01072,856,104,9501,0.0112,14222.75,card,Yes,416675,3,0,0,0,0,0,0,0,0,0,1,1,0,29
TXN0000584,2024-01-08T09:53:00,7,M0080,Logistics,low,C00707,138,10,6761,0.0794,2436.86,card,SBI,473054,9,0,0,0,0,1,0,0,0,0,0,0,0,57
TXN0000585,2024-01-08T07:00:00,7,M0094,SaaS,high,C00246,158,9,7475,0.1369,1891.42,wallet,SBI,596789,7,0,0,0,1,2,0,0,0,0,0,0,0,43
TXN0000586,2024-01-08T14:13:00,7,M0045,Food,high,C01223,878,78,4053,0.0134,4159.36,card,SBI,451349,14,0,0,0,0,1,0,0,0,0,0,0,0,47
TXN0000587,2024-01-08T10:22:00,7,M0176,SaaS,low,C01432,91,8,2195,0.2033,3016.7,card,Axis,570322,10,0,0,0,0,0,0,0,0,1,0,0,0,30
TXN0000588,2024-01-08T17:09:00,7,M0115,Services,high,C01137,796,106,15017,0.0135,5749.91,wallet,Axis,506691,17,0,0,0,0,0,0,0,0,0,0,0,0,66
TXN0000589,2024-01-08T23:56:00,7,M0133,SaaS,mid,C00873,280,8,6689,0.038,2786.52,wallet,Kotak,542380,23,0,0,0,0,0,0,0,0,0,0,0,0,25
TXN0000590,2024-01-08T21:32:00,7,M0108,Food,high,C00924,19,1,1515,0.0429,1550.28,netbanking,Kotak,513997,21,0,0,0,1,1,0,0,0,0,0,0,0,13
TXN0000591,2024-01-08T17:03:00,7,M0143,Logistics,mid,C00758,105,5,6522,0.0926,19537.63,upi,ICICI,428385,17,0,0,0,0,0,0,0,0,1,0,0,0,19
TXN0000592,2024-01-08T16:45:00,7,M0121,Food,low,C00706,63,18,2785,0.0298,3364.01,upi,HDFC,473884,16,0,0,0,0,0,0,0,0,1,0,0,0,34
TXN0000593,2024-01-08T16:53:00,7,M0103,Services,low,C00788,272,13,5066,0.0347,7912.75,upi,HDFC,427029,16,0,0,0,0,0,0,0,0,0,0,0,0,32
TXN0000594,2024-01-08T19:35:00,7,M0097,Services,low,C00577,64,16,6605,0.0782,4546.18,card,Canara,583953,19,0,0,0,0,0,0,0,0,1,0,0,0,35
TXN0000595,2024-01-08T22:07:00,7,M0132,Food,mid,C00797,781,70,11551,0.0148,4192.17,upi,Canara,410927,22,0,0,0,0,2,0,0,0,0,0,0,0,33
TXN0000596,2024-01-08T16:04:00,7,M0137,B2B,mid,C00424,209,20,5164,0.1548,21098.58,card,Kotak,441739,16,0,0,0,0,0,0,0,0,0,0,0,0,18
TXN0000597,2024-01-08T05:21:00,7,M0119,Retail,high,C01434,25,1,1438,0.0566,1887.79,netbanking,Axis,441311,5,0,0,0,0,1,0,0,0,0,0,0,1,42
TXN0000598,2024-01-08T16:16:00,7,M0193,B2B,low,C00786,74,7,3571,0.0818,20615.71,card,HDFC,542702,16,0,0,0,0,1,0,0,0,1,0,0,0,70
TXN0000599,2024-01-08T19:35:00,7,M0001,Retail,high,C01096,246,10,6304,0.0403,1733.11,netbanking,SBI,483634,19,0,0,0,0,0,0,0,0,0,0,0,0,53
TXN0000600,2024-01-08T05:28:00,7,M0129,Services,low,C00798,897,108,3896,0.0264,900.59,card,HDFC,491435,5,0,0,0,0,1,0,0,0,0,1,1,0,64
TXN0000601,2024-01-08T18:53:00,7,M0177,Food,low,C01356,217,20,2714,0.0307,1585.36,netbanking,PNB,505548,18,0,0,1,1,1,0,0,0,0,0,0,0,14
TXN0000602,2024-01-08T19:12:00,7,M0155,SaaS,mid,C01248,819,99,16764,0.0629,12997.32,wallet,Yes,451452,19,0,0,0,0,0,0,0,0,0,0,0,0,56
TXN0000603,2024-01-08T18:15:00,7,M0046,SaaS,high,C00260,765,102,19361,0.0032,23500.31,upi,ICICI,486180,18,0,0,0,0,1,0,0,0,0,0,0,0,14
TXN0000604,2024-01-08T03:25:00,7,M0017,B2B,low,C00812,82,15,6818,0.1273,23775.01,wallet,Axis,457843,3,0,0,0,0,1,0,0,0,0,1,1,0,57
TXN0000605,2024-01-08T08:18:00,7,M0052,Logistics,mid,C00733,19,4,1406,0.0532,8129.14,netbanking,Axis,440833,8,0,0,0,0,0,0,0,0,1,0,0,0,72
TXN0000606,2024-01-08T12:09:00,7,M0126,B2B,low,C01418,16,4,1350,0.0837,7827.18,netbanking,HDFC,410327,12,0,0,0,0,0,0,0,0,0,0,0,0,59
TXN0000607,2024-01-08T16:05:00,7,M0172,Food,mid,C01347,944,101,3303,0.0072,909.39,upi,PNB,570839,16,0,0,0,0,0,0,0,0,1,0,0,0,53
TXN0000608,2024-01-08T20:54:00,7,M0178,Logistics,low,C01485,738,85,24212,0.0582,13065.43,upi,HDFC,537972,20,0,0,0,0,0,0,0,0,0,1,1,0,16
TXN0000609,2024-01-08T19:19:00,7,M0141,Logistics,low,C00908,186,16,5237,0.1913,10954.31,card,HDFC,562958,19,0,0,0,0,0,0,0,0,1,0,0,0,28
TXN0000610,2024-01-08T06:49:00,7,M0180,Food,low,C00451,19,4,1309,0.0308,1334.53,netbanking,Canara,582821,6,0,0,8,0,0,0,0,0,0,0,0,1,66
TXN0000611,2024-01-08T23:55:00,7,M0000,Logistics,low,C00711,292,16,1422,0.0271,14133.13,card,HDFC,560660,23,0,0,0,0,0,1,0,0,0,1,1,0,50
TXN0000612,2024-01-08T06:37:00,7,M0114,Logistics,mid,C01267,15,3,1733,0.143,10074.36,upi,PNB,527355,6,0,0,0,0,1,0,0,0,0,0,0,1,18
TXN0000613,2024-01-08T07:33:00,7,M0130,Food,low,C01014,296,20,1740,0.211,1073.41,card,Canara,505255,7,0,0,12,0,0,0,0,0,1,0,0,0,39
TXN0000614,2024-01-08T13:36:00,7,M0110,Food,high,C00890,739,84,21155,0.0579,7801.2,upi,Canara,476397,13,0,0,0,0,0,0,0,0,1,0,0,0,32
TXN0000615,2024-01-08T15:30:00,7,M0144,Retail,low,C01096,246,10,6304,0.0403,2417.84,upi,Yes,407687,15,0,0,1,1,1,0,0,0,0,0,0,0,72
TXN0000616,2024-01-08T21:24:00,7,M0074,Services,high,C00255,186,11,4750,0.0264,5656.54,upi,Canara,421044,21,0,0,0,0,0,0,0,0,0,0,0,0,31
TXN0000617,2024-01-08T17:11:00,7,M0134,Services,low,C00877,943,111,21778,0.0075,10883.6,card,HDFC,437039,17,0,0,0,0,0,0,0,0,1,0,0,0,18
TXN0000618,2024-01-08T15:31:00,7,M0187,SaaS,high,C00307,10,1,525,0.1779,1099.88,wallet,Axis,431212,15,0,0,0,0,1,0,0,0,1,0,0,0,22
TXN0000619,2024-01-08T08:08:00,7,M0010,SaaS,high,C00027,238,5,7271,0.1136,7562.58,netbanking,HDFC,582789,8,0,0,0,0,0,0,0,0,0,0,0,0,62
TXN0000620,2024-01-08T10:42:00,7,M0176,SaaS,low,C00188,165,11,4361,0.0928,10516.04,netbanking,Kotak,466362,10,0,0,0,0,0,0,0,0,1,0,0,0,33
TXN0000621,2024-01-08T20:34:00,7,M0185,Food,high,C00134,24,2,1976,0.0714,721.04,card,Yes,571681,20,0,0,0,0,1,0,0,0,0,0,0,0,22
TXN0000622,2024-01-08T09:01:00,7,M0106,Services,high,C01012,10,1,716,0.1008,4261.31,wallet,Axis,572199,9,0,0,0,0,1,0,0,0,1,0,0,0,27
TXN0000623,2024-01-08T11:46:00,7,M0186,B2B,mid,C00881,257,14,5596,0.1712,9315.57,card,HDFC,582699,11,0,0,0,0,0,0,1,0,1,1,1,0,59
TXN0000624,2024-01-09T21:42:00,8,M0036,Retail,low,C01208,24,4,1125,0.262,1075.02,card,HDFC,478616,21,1,0,0,0,0,0,0,0,1,0,0,0,23
TXN0000625,2024-01-09T20:08:00,8,M0143,Logistics,mid,C00192,882,86,9792,0.023,9226.71,netbanking,Axis,420622,20,1,0,0,0,0,0,0,0,0,0,0,0,18
TXN0000626,2024-01-09T02:55:00,8,M0028,Retail,mid,C00291,19,1,1376,0.0577,1279.78,wallet,SBI,575069,2,1,0,0,0,0,0,0,0,0,1,1,0,45
TXN0000627,2024-01-09T17:22:00,8,M0093,SaaS,mid,C01015,763,93,15353,0.0415,5817.8,card,Yes,424580,17,1,0,0,0,2,0,0,0,0,0,0,0,71
TXN0000628,2024-01-09T16:44:00,8,M0077,Services,high,C00704,116,9,5699,0.0142,7525.8,wallet,Kotak,500996,16,1,0,0,0,1,1,0,0,0,1,1,0,66
TXN0000629,2024-01-09T22:46:00,8,M0022,Retail,low,C01367,216,9,6780,0.1966,3242.67,wallet,PNB,441886,22,1,0,0,0,0,0,0,1,0,0,0,0,15
TXN0000630,2024-01-09T12:01:00,8,M0108,Food,high,C01169,23,1,727,0.1133,382.78,netbanking,SBI,432779,12,1,0,0,0,2,0,0,0,0,0,0,1,38
TXN0000631,2024-01-09T08:48:00,8,M0112,Logistics,mid,C00466,11,3,1294,0.1314,9971.47,netbanking,SBI,414990,8,1,0,0,0,0,0,0,0,0,0,0,0,27
TXN0000632,2024-01-09T07:11:00,8,M0102,Retail,high,C00609,8,1,1452,0.0926,744.28,upi,Yes,476756,7,1,0,0,0,0,0,0,0,0,0,0,0,52
TXN0000633,2024-01-09T17:41:00,8,M0066,Food,mid,C00397,20,3,885,0.0456,1971.26,wallet,Canara,431117,17,1,0,0,0,2,0,0,0,1,0,0,0,13
TXN0000634,2024-01-09T16:29:00,8,M0104,Food,low,C00301,17,3,1823,0.0261,1623.06,card,ICICI,594940,16,1,0,0,0,0,0,0,0,0,0,0,0,26
TXN0000635,2024-01-09T09:36:00,8,M0158,Retail,low,C00318,944,112,4962,0.0793,1563.67,wallet,Canara,400256,9,1,0,0,0,0,0,0,0,1,0,0,0,66
TXN0000636,2024-01-09T19:11:00,8,M0152,Retail,high,C01267,15,3,1733,0.143,1656.63,upi,Axis,595238,19,1,0,0,0,2,0,1,0,0,1,1,0,68
TXN0000637,2024-01-09T12:25:00,8,M0014,Logistics,high,C00348,244,5,1394,0.0422,9967.9,wallet,Yes,478013,12,1,0,0,0,0,0,1,0,0,1,1,0,58
TXN0000638,2024-01-09T06:04:00,8,M0037,Retail,mid,C00491,109,6,7422,0.1327,9490.19,netbanking,ICICI,463880,6,1,0,0,0,0,0,0,0,0,1,1,0,18
TXN0000639,2024-01-09T08:50:00,8,M0139,Logistics,low,C00635,196,19,4283,0.129,4347.74,wallet,Axis,508877,8,1,0,0,0,0,1,0,0,1,1,1,0,48
TXN0000640,2024-01-09T17:15:00,8,M0173,Food,high,C01367,216,9,6780,0.1966,6424.62,netbanking,SBI,421179,17,1,0,1,1,1,0,0,0,0,0,0,1,61
TXN0000641,2024-01-09T12:17:00,8,M0012,Food,low,C00970,220,11,6117,0.0537,7568.39,netbanking,ICICI,428869,12,1,0,0,0,0,0,0,0,0,0,0,1,17
TXN0000642,2024-01-09T09:23:00,8,M0159,Services,low,C00542,75,16,6280,0.0499,7603.98,wallet,Canara,592508,9,1,0,0,0,1,0,0,0,1,0,0,0,60
TXN0000643,2024-01-09T19:15:00,8,M0172,Food,mid,C01026,84,9,3649,0.1314,2228.86,netbanking,Canara,454387,19,1,0,0,0,1,0,0,0,1,0,0,1,66
TXN0000644,2024-01-09T04:46:00,8,M0134,Services,low,C00978,173,15,2099,0.0457,11819.21,upi,Kotak,477888,4,1,0,0,0,0,0,0,0,0,1,1,0,23
TXN0000645,2024-01-09T10:43:00,8,M0126,B2B,low,C00868,196,12,3869,0.046,16563.84,card,ICICI,557539,10,1,0,0,0,0,0,0,0,0,1,1,0,38
TXN0000646,2024-01-09T14:36:00,8,M0053,Retail,low,C00851,191,8,6786,0.0145,3193.33,card,Canara,579021,14,1,0,0,0,0,0,0,0,0,0,0,0,37
TXN0000647,2024-01-09T10:11:00,8,M0186,B2B,mid,C00464,277,10,7203,0.1165,32278.1,card,Kotak,416885,10,1,0,0,0,1,0,0,0,1,0,0,0,36
TXN0000648,2024-01-09T13:17:00,8,M0190,Services,low,C01404,136,6,5880,0.0288,4948.32,wallet,Yes,577509,13,1,0,0,0,1,0,0,0,0,0,0,1,62
TXN0000649,2024-01-09T13:18:00,8,M0186,B2B,mid,C01066,151,11,1906,0.0889,61278.75,wallet,Yes,509447,13,1,0,0,0,1,0,0,0,0,0,1,0,47
TXN0000650,2024-01-09T18:54:00,8,M0158,Retail,low,C01094,932,69,17616,0.0048,5791.02,netbanking,Yes,517606,18,1,0,0,0,1,0,0,0,0,0,0,0,60
TXN0000651,2024-01-09T11:31:00,8,M0106,Services,high,C00211,21,4,738,0.1348,1878.18,upi,PNB,539041,11,1,0,0,0,0,0,0,0,1,0,0,0,15
TXN0000652,2024-01-09T17:07:00,8,M0029,Retail,high,C00424,209,20,5164,0.1548,1784.61,netbanking,HDFC,597738,17,1,0,0,0,1,0,0,0,0,0,0,0,50
TXN0000653,2024-01-09T11:18:00,8,M0014,Logistics,high,C00496,858,106,15356,0.0145,14740.42,upi,SBI,526308,11,1,0,0,0,0,0,0,0,0,0,0,0,25
TXN0000654,2024-01-09T17:20:00,8,M0154,Retail,low,C01294,194,19,3596,0.0608,1006.77,upi,SBI,585248,17,1,0,0,0,0,0,0,0,0,0,0,0,19
TXN0000655,2024-01-09T09:16:00,8,M0178,Logistics,low,C01110,168,20,6680,0.0808,8427.04,wallet,PNB,536659,9,1,0,0,0,0,0,0,0,0,0,0,0,51
TXN0000656,2024-01-09T10:56:00,8,M0011,Food,low,C01332,12,1,573,0.2078,921.9,upi,Canara,526734,10,1,0,0,0,0,0,0,0,0,0,0,1,33
TXN0000657,2024-01-09T05:13:00,8,M0166,SaaS,mid,C00190,104,19,5367,0.0534,2768.77,upi,Canara,572192,5,1,0,0,0,1,0,0,0,1,1,1,0,12
TXN0000658,2024-01-09T16:47:00,8,M0180,Food,low,C00369,128,16,1165,0.0715,554.31,card,PNB,481964,16,1,0,9,0,1,0,0,0,1,0,0,0,69
TXN0000659,2024-01-09T09:18:00,8,M0139,Logistics,low,C00204,104,17,7774,0.0827,14217.42,netbanking,HDFC,582899,9,1,0,0,0,1,0,0,0,0,0,0,0,34
TXN0000660,2024-01-09T10:17:00,8,M0179,Services,low,C00186,244,6,5780,0.0759,4275.99,card,Canara,410205,10,1,0,0,1,2,0,1,0,0,1,1,0,20
TXN0000661,2024-01-09T19:24:00,8,M0076,Services,high,C00665,272,7,1097,0.067,2977.6,card,HDFC,566244,19,1,0,0,0,0,0,0,0,1,0,0,0,36
TXN0000662,2024-01-09T23:38:00,8,M0182,Retail,high,C00781,193,11,3984,0.0716,2638.72,card,HDFC,562820,23,1,0,0,0,0,0,0,0,0,0,0,0,31
TXN0000663,2024-01-09T10:24:00,8,M0032,Food,low,C00574,293,16,1883,0.0092,4108.95,card,Kotak,454706,10,1,0,0,0,0,0,0,0,1,0,0,0,59
TXN0000664,2024-01-09T17:32:00,8,M0134,Services,low,C00780,270,19,3194,0.1202,2825.34,netbanking,Yes,405458,17,1,0,0,0,1,0,0,0,1,0,0,0,64
TXN0000665,2024-01-09T18:35:00,8,M0005,Logistics,high,C01182,78,11,6381,0.0772,16685.52,card,PNB,558610,18,1,0,0,0,0,0,0,0,0,0,0,0,32
TXN0000666,2024-01-09T12:21:00,8,M0053,Retail,low,C00660,137,20,7112,0.0513,9181.94,netbanking,Kotak,435749,12,1,0,0,0,0,0,1,0,0,1,1,0,25
TXN0000667,2024-01-09T11:24:00,8,M0070,Services,low,C00583,15,2,1989,0.0074,5169.31,upi,PNB,553155,11,1,0,0,0,1,0,0,0,0,0,0,0,51
TXN0000668,2024-01-09T18:45:00,8,M0112,Logistics,mid,C00168,12,3,1562,0.291,4472.55,wallet,HDFC,579889,18,1,0,0,0,0,0,0,0,0,0,0,1,30
TXN0000669,2024-01-09T08:44:00,8,M0066,Food,mid,C01152,17,2,1212,0.0396,3533.76,netbanking,Yes,599090,8,1,0,0,0,0,0,0,0,0,1,1,0,62
TXN0000670,2024-01-09T21:31:00,8,M0104,Food,low,C00836,932,88,5871,0.004,7942.55,wallet,ICICI,523634,21,1,0,0,0,1,1,0,0,0,1,1,0,22
TXN0000671,2024-01-09T23:43:00,8,M0084,B2B,mid,C00912,124,12,1883,0.0678,39808.63,upi,PNB,599384,23,1,0,0,0,0,0,0,0,0,1,1,0,30
TXN0000672,2024-01-09T14:03:00,8,M0146,Food,mid,C00500,105,20,3571,0.0765,3425.05,wallet,Yes,422035,14,1,0,7,0,1,0,0,0,0,0,0,0,25
TXN0000673,2024-01-09T11:58:00,8,M0000,Logistics,low,C00602,23,3,1178,0.0684,10875.06,card,PNB,456526,11,1,0,9,0,0,0,0,0,0,0,0,1,25
TXN0000674,2024-01-09T15:47:00,8,M0160,Services,mid,C01218,166,13,3533,0.0365,2118.76,upi,Canara,457629,15,1,0,0,0,0,0,0,0,0,0,0,0,31
TXN0000675,2024-01-09T08:26:00,8,M0071,Retail,low,C00731,109,20,3603,0.1668,2144.52,netbanking,Canara,498129,8,1,0,14,0,0,0,0,0,0,0,0,0,53
TXN0000676,2024-01-09T07:22:00,8,M0061,Services,low,C00584,250,13,2244,0.038,9692.5,netbanking,HDFC,469504,7,1,0,9,0,0,0,0,0,1,0,0,0,67
TXN0000677,2024-01-09T15:22:00,8,M0122,Retail,low,C00862,226,19,6713,0.0589,4440.65,upi,HDFC,408472,15,1,0,0,0,0,1,0,0,1,1,1,0,66
TXN0000678,2024-01-09T11:32:00,8,M0071,Retail,low,C00068,788,109,6849,0.0242,7600.76,netbanking,SBI,452503,11,1,0,0,0,0,0,0,0,1,0,0,0,38
TXN0000679,2024-01-09T16:00:00,8,M0110,Food,high,C00065,198,19,4385,0.0174,12813.68,netbanking,Yes,510471,16,1,0,0,0,0,1,0,0,0,1,1,0,60
TXN0000680,2024-01-09T19:05:00,8,M0153,Food,low,C01027,177,10,5728,0.0384,4248.21,netbanking,Canara,517618,19,1,0,0,0,0,0,0,0,1,0,0,0,53
TXN0000681,2024-01-09T00:46:00,8,M0195,Food,high,C01326,15,3,1882,0.0626,1115.83,netbanking,SBI,496694,0,1,0,0,0,0,0,0,0,0,0,0,1,49
TXN0000682,2024-01-09T09:10:00,8,M0095,Food,low,C00034,13,3,843,0.0994,883.05,wallet,Axis,563352,9,1,0,0,0,0,0,0,0,1,0,0,1,21
TXN0000683,2024-01-09T11:19:00,8,M0017,B2B,low,C00518,19,3,1702,0.1195,53344.53,netbanking,SBI,468458,11,1,0,0,0,0,0,0,0,0,1,1,0,64
TXN0000684,2024-01-09T10:01:00,8,M0032,Food,low,C00005,9,1,1256,0.1416,455.24,wallet,PNB,481289,10,1,0,0,0,0,0,0,0,0,0,0,0,42
TXN0000685,2024-01-09T09:26:00,8,M0077,Services,high,C00195,125,20,2752,0.0288,2464.38,wallet,Yes,490106,9,1,0,0,0,0,0,0,0,0,0,0,0,15
TXN0000686,2024-01-09T08:35:00,8,M0147,SaaS,mid,C01070,15,4,1722,0.1733,2026.35,card,ICICI,554034,8,1,0,0,0,1,0,0,0,0,0,0,1,48
TXN0000687,2024-01-09T09:45:00,8,M0023,Services,low,C01121,100,13,1753,0.1255,1752.14,upi,ICICI,445452,9,1,0,0,0,0,0,0,0,0,0,0,0,42
TXN0000688,2024-01-09T09:21:00,8,M0049,Services,mid,C00604,289,17,7719,0.0208,7221.08,wallet,Canara,539676,9,1,0,0,0,0,0,0,0,0,0,0,0,69
TXN0000689,2024-01-09T16:20:00,8,M0012,Food,low,C01262,170,20,3485,0.2024,1558.49,card,ICICI,437056,16,1,0,0,0,0,0,0,0,0,0,0,0,69
TXN0000690,2024-01-09T10:05:00,8,M0153,Food,low,C00546,258,17,7010,0.2528,3284.85,upi,HDFC,415433,10,1,0,0,0,0,0,0,0,0,0,0,0,66
TXN0000691,2024-01-09T16:08:00,8,M0179,Services,low,C01488,807,73,14962,0.0496,9525.11,wallet,SBI,570494,16,1,0,0,0,0,0,0,0,0,0,0,0,48
TXN0000692,2024-01-09T14:59:00,8,M0199,SaaS,mid,C00781,193,11,3984,0.0716,1681.6,wallet,SBI,599246,14,1,0,1,1,2,0,0,0,0,0,0,0,15
TXN0000693,2024-01-09T10:31:00,8,M0180,Food,low,C00412,998,78,24949,0.0394,22995.14,upi,Yes,577443,10,1,0,0,0,1,0,0,0,0,1,1,0,63
TXN0000694,2024-01-09T15:33:00,8,M0164,Logistics,high,C00047,8,2,892,0.0391,10195.76,netbanking,Canara,469072,15,1,0,0,0,3,0,0,0,0,0,0,0,56
TXN0000695,2024-01-09T13:46:00,8,M0155,SaaS,mid,C00698,85,12,7043,0.0717,3137.8,card,Axis,534957,13,1,0,12,0,0,0,0,0,0,0,0,0,71
TXN0000696,2024-01-09T12:58:00,8,M0130,Food,low,C00906,217,13,6576,0.0693,5388.01,upi,ICICI,590556,12,1,0,8,0,0,0,0,0,0,0,0,0,12
TXN0000697,2024-01-09T18:57:00,8,M0071,Retail,low,C00987,215,20,1589,0.0775,3274.07,netbanking,Yes,591326,18,1,0,0,0,0,0,0,0,1,1,1,0,57
TXN0000698,2024-01-09T18:16:00,8,M0145,SaaS,low,C00593,288,9,4220,0.0945,1675.41,wallet,Canara,456374,18,1,0,0,0,1,0,0,0,0,0,0,0,33
TXN0000699,2024-01-09T09:32:00,8,M0186,B2B,mid,C00452,881,68,12766,0.0175,27883.43,card,Yes,573941,9,1,0,0,0,0,0,0,0,0,0,0,0,23
TXN0000700,2024-01-09T09:13:00,8,M0040,SaaS,mid,C01076,72,10,1334,0.0015,758.91,wallet,HDFC,560120,9,1,0,0,0,0,0,1,0,1,0,1,0,63
TXN0000701,2024-01-09T10:20:00,8,M0141,Logistics,low,C00448,10,3,1642,0.0153,8085.78,netbanking,SBI,531844,10,1,0,0,0,1,0,0,0,0,0,0,0,46
TXN0000702,2024-01-09T10:33:00,8,M0181,Food,high,C00936,11,4,980,0.0532,1704.94,wallet,PNB,467416,10,1,0,0,0,0,0,0,0,1,0,0,0,38
TXN0000703,2024-01-09T15:19:00,8,M0091,Logistics,high,C00651,21,1,1571,0.0791,4170.34,card,HDFC,428903,15,1,0,9,0,1,0,0,0,1,0,0,1,14
TXN0000704,2024-01-09T08:59:00,8,M0021,SaaS,mid,C00670,6,4,1295,0.065,1560.34,upi,Kotak,514266,8,1,0,0,0,1,0,0,0,1,0,0,0,17
TXN0000705,2024-01-09T18:12:00,8,M0162,Services,high,C01036,209,8,7172,0.1514,10407.84,wallet,Canara,427348,18,1,0,0,0,0,0,0,0,0,0,0,0,29
TXN0000706,2024-01-09T20:02:00,8,M0106,Services,high,C00032,273,7,4852,0.0093,2841.47,netbanking,Axis,503569,20,1,0,0,0,0,0,0,0,0,0,0,0,31
TXN0000707,2024-01-09T08:33:00,8,M0159,Services,low,C01174,13,1,894,0.1125,714.94,netbanking,Yes,589439,8,1,0,7,0,0,0,0,0,0,0,0,0,65
TXN0000708,2024-01-09T16:29:00,8,M0168,Food,high,C00445,21,1,696,0.0372,1141.15,netbanking,Kotak,596185,16,1,0,0,0,1,0,0,0,0,0,0,1,51
TXN0000709,2024-01-09T07:32:00,8,M0198,Food,mid,C00045,17,2,1127,0.1252,1119.01,netbanking,Axis,576209,7,1,0,0,0,0,0,0,0,0,0,0,0,51
TXN0000710,2024-01-09T09:49:00,8,M0138,Services,mid,C00364,805,83,13477,0.0482,9040.4,netbanking,Yes,479427,9,1,0,0,0,0,0,0,0,1,0,0,0,62
TXN0000711,2024-01-09T23:27:00,8,M0181,Food,high,C00430,876,104,3418,0.0136,2590.44,upi,Canara,506146,23,1,0,10,0,0,0,0,0,0,0,0,0,31
TXN0000712,2024-01-09T12:03:00,8,M0028,Retail,mid,C00708,95,17,2515,0.1802,1204.2,upi,Kotak,581989,12,1,0,0,0,0,0,0,0,1,0,0,0,34
TXN0000713,2024-01-09T09:14:00,8,M0093,SaaS,mid,C00959,25,3,1865,0.1485,3138.65,netbanking,SBI,462334,9,1,0,0,0,1,0,0,0,0,0,0,1,35
TXN0000714,2024-01-09T19:31:00,8,M0089,Food,low,C01131,246,15,4665,0.1882,9076.87,netbanking,ICICI,450703,19,1,0,0,0,0,0,0,0,1,1,1,0,59
TXN0000715,2024-01-09T12:19:00,8,M0188,Logistics,mid,C01341,25,1,695,0.0686,17756.02,wallet,Axis,476243,12,1,0,0,0,1,0,1,0,0,0,1,1,32
TXN0000716,2024-01-09T03:29:00,8,M0146,Food,mid,C00696,22,2,823,0.2265,463.24,upi,HDFC,598699,3,1,0,0,0,1,0,1,0,0,1,1,0,72
TXN0000717,2024-01-10T03:34:00,9,M0117,SaaS,low,C01173,790,93,14363,0.0125,11720.13,card,PNB,516698,3,2,0,0,0,0,0,0,0,1,0,1,0,24
TXN0000718,2024-01-10T13:26:00,9,M0109,Services,low,C00996,298,17,6726,0.0867,6750.42,netbanking,ICICI,597468,13,2,0,0,0,0,1,1,0,1,1,1,0,29
TXN0000719,2024-01-10T10:31:00,9,M0048,SaaS,mid,C00096,97,5,3271,0.041,7386.35,wallet,ICICI,582060,10,2,0,0,0,0,0,0,0,0,0,0,0,24
TXN0000720,2024-01-10T19:49:00,9,M0180,Food,low,C01367,216,9,6780,0.1966,3225.56,wallet,Axis,591223,19,2,0,0,1,2,0,0,0,0,0,0,0,28
TXN0000721,2024-01-10T18:24:00,9,M0181,Food,high,C00139,21,2,1395,0.0205,519.52,card,Yes,441698,18,2,0,0,0,1,0,0,0,1,0,0,0,18
TXN0000722,2024-01-10T19:09:00,9,M0149,Services,low,C01001,6,3,514,0.1072,3874.04,netbanking,Axis,447412,19,2,0,0,0,0,0,0,0,0,0,0,1,29
TXN0000723,2024-01-10T19:57:00,9,M0073,SaaS,high,C00156,171,13,6238,0.025,6774.25,card,HDFC,454021,19,2,0,1,0,1,0,0,0,0,1,1,0,46
TXN0000724,2024-01-10T22:27:00,9,M0025,Food,mid,C01413,15,2,630,0.1079,849.66,upi,Kotak,573506,22,2,0,0,0,1,0,0,0,1,0,0,1,32
TXN0000725,2024-01-10T21:00:00,9,M0068,B2B,low,C00122,285,15,6138,0.0613,22492.28,wallet,Canara,514161,21,2,0,0,0,0,0,0,0,0,1,1,0,61
TXN0000726,2024-01-10T00:26:00,9,M0119,Retail,high,C00772,10,1,1602,0.0467,814.38,wallet,HDFC,572168,0,2,0,0,0,1,0,0,0,0,0,0,0,64
TXN0000727,2024-01-10T10:21:00,9,M0147,SaaS,mid,C00455,13,2,734,0.0307,1289.32,upi,PNB,465581,10,2,0,6,0,0,0,0,0,0,0,0,0,48
TXN0000728,2024-01-10T09:08:00,9,M0184,Logistics,high,C01453,12,2,1129,0.0896,16688.07,upi,Axis,504098,9,2,0,14,0,0,0,0,0,1,0,0,1,37
TXN0000729,2024-01-10T22:59:00,9,M0118,Retail,mid,C00022,195,15,7187,0.1177,4621.33,card,ICICI,511003,22,2,0,0,0,0,0,0,0,0,0,0,1,13
TXN0000730,2024-01-10T09:00:00,9,M0140,Logistics,high,C01449,25,4,501,0.0588,7878.09,upi,HDFC,507021,9,2,0,0,0,0,0,0,0,1,0,0,1,63
TXN0000731,2024-01-10T09:36:00,9,M0083,B2B,low,C00172,224,14,4956,0.0526,24213.8,upi,ICICI,439463,9,2,0,0,0,1,0,0,0,1,1,1,0,17
TXN0000732,2024-01-10T14:59:00,9,M0146,Food,mid,C00676,205,16,3731,0.1246,2671.39,netbanking,PNB,531155,14,2,0,0,0,1,0,0,0,1,0,0,0,48
TXN0000733,2024-01-10T14:14:00,9,M0077,Services,high,C00150,11,1,908,0.0473,1106.76,wallet,Canara,521841,14,2,0,0,0,0,0,0,0,0,0,0,0,15
TXN0000734,2024-01-10T21:41:00,9,M0002,B2B,low,C00794,294,13,3464,0.0308,17446.39,card,HDFC,459676,21,2,0,0,0,1,0,0,0,1,0,0,0,62
TXN0000735,2024-01-10T18:31:00,9,M0107,SaaS,mid,C01479,922,53,17547,0.0327,13273.03,wallet,Axis,430688,18,2,0,0,0,0,0,0,0,0,0,0,0,36
TXN0000736,2024-01-10T05:38:00,9,M0005,Logistics,high,C00698,85,12,7043,0.0717,16841.84,upi,ICICI,413428,5,2,0,0,1,1,0,0,0,0,1,1,0,42
TXN0000737,2024-01-10T16:22:00,9,M0100,Retail,low,C00628,6,1,1373,0.0525,3581.59,upi,Axis,552035,16,2,0,0,0,0,0,0,1,0,0,0,1,55
TXN0000738,2024-01-10T17:46:00,9,M0097,Services,low,C01082,907,96,17695,0.0238,4359.13,upi,Canara,515528,17,2,0,0,0,1,0,0,0,0,0,0,0,35
TXN0000739,2024-01-10T14:52:00,9,M0119,Retail,high,C00083,24,4,1086,0.0349,2500.57,upi,Canara,599043,14,2,0,0,0,1,0,0,0,0,0,0,0,20
TXN0000740,2024-01-10T18:26:00,9,M0141,Logistics,low,C01222,809,61,11869,0.0028,12131.2,card,Axis,466120,18,2,0,0,0,0,0,0,0,1,0,0,0,37
TXN0000741,2024-01-10T21:25:00,9,M0181,Food,high,C00056,14,4,645,0.1133,523.97,netbanking,Axis,526456,21,2,0,0,0,0,0,0,0,1,0,0,1,62
TXN0000742,2024-01-10T13:21:00,9,M0097,Services,low,C00542,75,16,6280,0.0499,5299.51,card,HDFC,484930,13,2,0,0,0,1,0,0,0,0,0,0,0,60
TXN0000743,2024-01-10T13:55:00,9,M0077,Services,high,C00270,170,17,1239,0.1579,1180.86,card,ICICI,465301,13,2,0,8,0,1,0,0,0,0,0,0,0,14
TXN0000744,2024-01-10T21:37:00,9,M0023,Services,low,C01272,201,11,2005,0.0898,15727.91,upi,Kotak,441289,21,2,0,0,0,0,0,0,0,0,0,0,0,63
TXN0000745,2024-01-10T21:36:00,9,M0104,Food,low,C00355,808,56,14823,0.0001,8534.55,upi,HDFC,446870,21,2,0,0,0,0,0,0,0,0,0,0,1,55
TXN0000746,2024-01-10T18:05:00,9,M0020,B2B,low,C00307,10,1,525,0.1779,6978.33,wallet,SBI,572634,18,2,0,0,0,2,0,0,0,1,1,1,0,67
TXN0000747,2024-01-10T10:47:00,9,M0068,B2B,low,C00831,205,13,3911,0.051,12187.82,wallet,HDFC,526165,10,2,0,0,0,0,0,1,0,0,1,1,0,30
TXN0000748,2024-01-10T11:31:00,9,M0188,Logistics,mid,C01111,200,20,5413,0.0781,4973.32,card,Axis,435279,11,2,0,6,0,1,0,0,0,1,0,0,0,59
TXN0000749,2024-01-10T15:29:00,9,M0169,Food,low,C01088,872,67,11861,0.0525,3659.58,wallet,SBI,407263,15,2,0,0,0,0,0,1,0,0,1,1,0,48
TXN0000750,2024-01-10T14:46:00,9,M0033,Logistics,low,C00094,229,11,6256,0.1821,4339.6,wallet,Yes,532519,14,2,0,0,0,0,0,0,0,0,0,0,0,33
TXN0000751,2024-01-10T15:01:00,9,M0137,B2B,mid,C01293,247,18,5415,0.1497,29695.32,wallet,Axis,552783,15,2,0,0,0,0,0,0,0,0,0,0,0,34
TXN0000752,2024-01-10T17:11:00,9,M0153,Food,low,C00163,25,2,1240,0.1129,1060.34,wallet,Canara,445049,17,2,0,0,0,0,0,0,0,1,0,0,0,24
TXN0000753,2024-01-10T12:31:00,9,M0162,Services,high,C00626,200,15,3220,0.0394,8968.32,upi,SBI,560794,12,2,0,0,0,0,0,0,0,1,0,0,0,63
TXN0000754,2024-01-10T12:55:00,9,M0057,Food,high,C00553,21,2,1667,0.1014,1455.64,card,Canara,508842,12,2,0,0,0,0,1,0,0,0,1,1,0,37
TXN0000755,2024-01-10T07:23:00,9,M0097,Services,low,C01422,271,19,2285,0.0622,7395.82,upi,ICICI,577935,7,2,0,7,0,2,0,0,0,0,0,0,0,18
TXN0000756,2024-01-10T08:19:00,9,M0181,Food,high,C00232,9,1,1034,0.0886,1260.54,card,Axis,456997,8,2,0,0,0,0,0,0,0,0,0,0,0,59
TXN0000757,2024-01-10T14:40:00,9,M0069,SaaS,high,C00918,794,115,11397,0.0088,9123.81,upi,Yes,465325,14,2,0,0,0,0,0,0,0,1,0,0,0,22
TXN0000758,2024-01-10T10:46:00,9,M0042,Logistics,mid,C00883,196,10,1155,0.0425,11249.01,wallet,Kotak,518825,10,2,0,0,0,0,0,0,0,0,0,0,0,53
TXN0000759,2024-01-10T09:47:00,9,M0079,Retail,high,C00616,911,58,7892,0.0092,2493.42,card,HDFC,592599,9,2,0,0,0,1,0,0,0,0,0,0,0,63
TXN0000760,2024-01-10T22:43:00,9,M0068,B2B,low,C01169,23,1,727,0.1133,16067.64,card,Canara,546259,22,2,0,0,0,2,0,0,0,0,0,0,1,24
TXN0000761,2024-01-10T01:30:00,9,M0063,SaaS,high,C01046,18,4,553,0.0474,515.61,card,PNB,481323,1,2,0,0,0,0,0,0,0,1,1,1,0,30
TXN0000762,2024-01-10T17:29:00,9,M0194,Retail,mid,C00974,94,15,2436,0.1347,2769.47,upi,Canara,585781,17,2,0,0,0,0,0,0,0,0,0,0,0,32
TXN0000763,2024-01-10T22:40:00,9,M0136,Logistics,mid,C01021,277,6,5906,0.0539,3433.67,card,Yes,497586,22,2,0,0,0,0,1,0,0,1,0,1,1,26
TXN0000764,2024-01-10T02:45:00,9,M0130,Food,low,C00072,298,15,2545,0.0745,3522.07,wallet,Yes,493832,2,2,0,0,0,0,0,0,0,1,0,0,0,71
TXN0000765,2024-01-10T13:41:00,9,M0100,Retail,low,C00885,157,13,1745,0.0382,3074.77,netbanking,PNB,462245,13,2,0,0,0,0,0,0,0,1,0,0,0,61
TXN0000766,2024-01-10T04:09:00,9,M0000,Logistics,low,C00938,118,6,4811,0.096,9224.03,upi,Kotak,449767,4,2,0,0,0,0,0,1,0,0,1,1,0,39
TXN0000767,2024-01-10T05:13:00,9,M0006,Food,low,C01034,206,20,3242,0.1247,1839.99,upi,Kotak,502429,5,2,0,0,0,1,0,0,0,0,1,1,0,27
TXN0000768,2024-01-10T11:33:00,9,M0142,Retail,mid,C01071,123,9,6974,0.0782,4463.11,card,PNB,525470,11,2,0,0,0,0,0,0,0,1,0,0,0,42
TXN0000769,2024-01-10T17:35:00,9,M0039,Logistics,mid,C01463,786,110,7400,0.052,10457.24,card,HDFC,539845,17,2,0,0,0,0,0,0,0,0,0,0,0,50
TXN0000770,2024-01-10T23:23:00,9,M0113,Services,high,C01065,288,10,5394,0.1014,8466.49,netbanking,HDFC,513975,23,2,0,0,0,0,0,0,0,0,1,1,0,38
TXN0000771,2024-01-10T18:57:00,9,M0115,Services,high,C00763,20,4,972,0.1707,812.4,upi,HDFC,564054,18,2,0,0,0,0,0,0,0,1,0,0,1,71
TXN0000772,2024-01-10T13:22:00,9,M0037,Retail,mid,C00033,253,5,3025,0.0321,3587.84,wallet,Canara,428381,13,2,0,0,0,1,0,0,0,1,0,0,0,38
TXN0000773,2024-01-10T08:54:00,9,M0027,Services,high,C00760,16,2,1193,0.0457,1527.02,netbanking,HDFC,532980,8,2,0,0,0,0,0,0,0,0,0,0,0,54
TXN0000774,2024-01-10T15:15:00,9,M0144,Retail,low,C01200,782,68,18104,0.0362,11837.42,upi,HDFC,407840,15,2,0,0,0,0,0,0,0,1,0,0,0,32
TXN0000775,2024-01-10T22:17:00,9,M0040,SaaS,mid,C01259,95,11,5481,0.2295,8936.51,card,Yes,426155,22,2,0,0,0,1,0,0,0,0,0,0,0,22
TXN0000776,2024-01-10T08:15:00,9,M0037,Retail,mid,C00689,20,1,513,0.005,1739.32,upi,SBI,494221,8,2,0,0,0,0,0,1,0,0,1,1,0,48
TXN0000777,2024-01-10T13:40:00,9,M0188,Logistics,mid,C00089,216,12,6305,0.0219,15481.75,upi,SBI,457018,13,2,0,0,0,0,0,0,0,0,1,1,0,47
TXN0000778,2024-01-10T14:24:00,9,M0075,Retail,mid,C00564,116,9,1413,0.1264,1884.34,netbanking,SBI,403883,14,2,0,0,0,1,0,0,0,0,0,0,0,28
TXN0000779,2024-01-10T19:12:00,9,M0177,Food,low,C01137,796,106,15017,0.0135,3627.43,upi,SBI,499682,19,2,0,7,0,1,0,0,0,0,0,0,0,63
TXN0000780,2024-01-10T09:36:00,9,M0031,Food,mid,C00539,88,12,6184,0.0646,7385.86,card,Yes,499186,9,2,0,14,0,0,0,0,0,0,0,0,0,21
TXN0000781,2024-01-10T16:13:00,9,M0077,Services,high,C01487,880,97,23236,0.0125,12943.2,upi,ICICI,547420,16,2,0,0,0,1,0,0,0,0,1,1,0,72
TXN0000782,2024-01-10T10:07:00,9,M0087,Logistics,mid,C00175,128,19,3030,0.0547,11743.26,upi,PNB,518812,10,2,0,0,0,0,0,0,0,0,1,1,0,44
TXN0000783,2024-01-10T09:30:00,9,M0117,SaaS,low,C01078,5,2,1178,0.0571,221.31,card,Canara,469605,9,2,0,0,0,0,0,0,0,0,0,0,1,51
TXN0000784,2024-01-10T09:47:00,9,M0134,Services,low,C00921,228,9,1469,0.0468,1856.18,wallet,Canara,491905,9,2,0,0,0,0,0,0,0,1,0,0,0,53
TXN0000785,2024-01-10T19:05:00,9,M0142,Retail,mid,C00093,16,3,624,0.0975,1389.99,netbanking,Axis,503852,19,2,0,0,0,0,0,1,0,0,1,1,0,13
TXN0000786,2024-01-10T11:38:00,9,M0015,Services,low,C00575,241,8,3584,0.1231,1032.37,card,PNB,427924,11,2,0,0,0,0,0,0,0,1,0,0,0,69
TXN0000787,2024-01-10T20:41:00,9,M0116,Services,low,C00959,25,3,1865,0.1485,1949.78,upi,ICICI,515959,20,2,0,0,0,1,0,0,0,0,1,1,0,39
TXN0000788,2024-01-10T10:51:00,9,M0013,Logistics,high,C00074,19,1,1979,0.0283,15365.93,netbanking,Yes,442404,10,2,0,0,0,0,0,0,0,0,0,0,0,42
TXN0000789,2024-01-10T00:59:00,9,M0198,Food,mid,C01392,141,9,4275,0.1374,1767.02,upi,Canara,569763,0,2,0,0,0,0,0,0,0,1,0,0,0,41
TXN0000790,2024-01-10T13:45:00,9,M0055,Services,mid,C01163,818,101,13424,0.0147,10723.21,card,SBI,525609,13,2,0,0,0,0,0,0,0,0,0,0,0,41
TXN0000791,2024-01-10T21:15:00,9,M0169,Food,low,C00189,240,9,5249,0.0397,2315.45,upi,Canara,460029,21,2,0,0,0,1,0,0,0,0,0,0,0,20
TXN0000792,2024-01-10T02:44:00,9,M0030,B2B,high,C01468,266,20,7538,0.0121,16730.97,wallet,HDFC,426640,2,2,0,0,0,2,0,0,0,0,0,1,0,52
TXN0000793,2024-01-10T09:42:00,9,M0165,Services,low,C00671,931,72,24151,0.0159,36127.95,card,HDFC,486315,9,2,0,0,0,0,0,0,0,0,0,1,0,36
TXN0000794,2024-01-10T06:20:00,9,M0013,Logistics,high,C00014,91,14,5154,0.0628,20052.03,upi,SBI,422995,6,2,0,0,0,1,0,0,0,1,0,0,0,55
TXN0000795,2024-01-10T08:54:00,9,M0189,SaaS,mid,C01138,18,4,1038,0.3389,1159.78,wallet,Canara,433516,8,2,0,0,0,0,0,0,0,0,0,0,0,16
TXN0000796,2024-01-10T13:56:00,9,M0015,Services,low,C00540,122,5,1344,0.0962,3476.53,card,SBI,418827,13,2,0,0,0,1,0,0,0,0,0,0,0,20
TXN0000797,2024-01-10T13:25:00,9,M0035,SaaS,mid,C00042,186,15,2489,0.1032,1275.59,upi,PNB,559265,13,2,0,0,0,1,0,0,0,0,0,0,0,32
TXN0000798,2024-01-10T12:17:00,9,M0160,Services,mid,C01248,819,99,16764,0.0629,11888.73,card,SBI,489991,12,2,0,0,0,1,0,1,0,0,1,1,0,21
TXN0000799,2024-01-10T15:39:00,9,M0162,Services,high,C00823,200,17,1758,0.0443,1384.78,netbanking,Axis,595819,15,2,0,0,0,0,0,0,0,0,0,0,0,58
TXN0000800,2024-01-10T20:04:00,9,M0138,Services,mid,C00890,739,84,21155,0.0579,13073.02,wallet,ICICI,487541,20,2,0,0,0,1,0,0,0,0,1,1,0,55
TXN0000801,2024-01-10T18:33:00,9,M0168,Food,high,C01421,87,15,5114,0.0752,1055.2,card,Canara,444118,18,2,0,0,0,0,0,0,0,1,0,0,0,58
TXN0000802,2024-01-10T08:32:00,9,M0101,Food,low,C00809,22,1,606,0.0443,944.54,wallet,Axis,557717,8,2,0,0,0,1,0,0,0,0,0,0,0,66
TXN0000803,2024-01-10T22:52:00,9,M0148,SaaS,mid,C00646,9,2,523,0.1528,1152.48,wallet,Canara,403106,22,2,0,0,0,0,0,0,0,0,1,1,0,21
TXN0000804,2024-01-10T12:06:00,9,M0090,Logistics,mid,C00804,23,1,528,0.1041,18673.61,card,HDFC,594803,12,2,0,1,0,1,0,0,0,0,1,1,0,48
TXN0000805,2024-01-10T07:29:00,9,M0042,Logistics,mid,C01286,75,13,3108,0.007,4486.81,card,ICICI,445027,7,2,0,0,0,1,0,0,0,1,1,1,0,39
TXN0000806,2024-01-10T00:08:00,9,M0090,Logistics,mid,C00595,91,7,1935,0.1952,8938.85,card,Canara,560713,0,2,0,0,0,0,0,1,0,0,1,1,0,25
TXN0000807,2024-01-11T06:45:00,10,M0101,Food,low,C00668,824,82,12652,0.0095,9710.59,netbanking,SBI,433769,6,3,0,0,0,2,0,1,0,1,1,1,0,56
TXN0000808,2024-01-11T10:09:00,10,M0012,Food,low,C00026,18,3,1611,0.0667,1138.75,wallet,Yes,453663,10,3,0,0,0,0,0,0,0,0,0,0,1,61
TXN0000809,2024-01-11T20:07:00,10,M0146,Food,mid,C00289,838,113,11799,0.0085,14272.9,netbanking,HDFC,465202,20,3,0,0,0,0,0,0,0,1,0,0,0,35
TXN0000810,2024-01-11T14:00:00,10,M0071,Retail,low,C00517,15,2,1142,0.0701,925.58,wallet,SBI,535194,14,3,0,12,0,0,0,1,1,1,0,1,1,18
TXN0000811,2024-01-11T17:06:00,10,M0030,B2B,high,C00734,20,3,635,0.1512,18275.24,upi,Yes,531914,17,3,0,0,0,0,0,0,0,1,0,0,1,41
TXN0000812,2024-01-11T21:47:00,10,M0165,Services,low,C00911,25,1,557,0.0825,2435.71,upi,ICICI,422790,21,3,0,0,0,0,0,1,0,0,0,1,1,22
TXN0000813,2024-01-11T08:28:00,10,M0083,B2B,low,C00654,260,13,1503,0.1147,23530.49,netbanking,HDFC,585256,8,3,0,9,0,1,0,0,0,0,0,0,1,65
TXN0000814,2024-01-11T20:23:00,10,M0139,Logistics,low,C00884,81,15,4291,0.1355,3652.31,wallet,Canara,484194,20,3,0,0,0,1,0,0,0,0,0,0,0,66
TXN0000815,2024-01-11T23:51:00,10,M0022,Retail,low,C00219,7,1,1716,0.0124,5010.24,upi,ICICI,501988,23,3,0,0,0,0,1,0,1,0,0,1,1,69
TXN0000816,2024-01-11T03:48:00,10,M0091,Logistics,high,C01086,992,108,19509,0.0238,39170.78,wallet,HDFC,402034,3,3,0,0,0,0,0,0,0,1,1,1,0,41
TXN0000817,2024-01-11T13:36:00,10,M0110,Food,high,C01394,256,12,4023,0.0716,3234.99,card,Canara,551339,13,3,0,0,0,0,0,0,0,0,0,0,0,20
TXN0000818,2024-01-11T17:59:00,10,M0119,Retail,high,C00215,256,18,4067,0.245,22724.33,netbanking,SBI,534575,17,3,0,0,0,0,0,1,0,0,1,1,0,72
TXN0000819,2024-01-11T07:49:00,10,M0143,Logistics,mid,C01259,95,11,5481,0.2295,10505.55,wallet,Axis,530139,7,3,0,0,1,2,0,0,0,0,0,0,0,51
TXN0000820,2024-01-11T15:16:00,10,M0186,B2B,mid,C01338,7,2,1332,0.074,12583.5,netbanking,Kotak,571492,15,3,0,0,0,0,0,0,0,0,0,0,1,65
TXN0000821,2024-01-11T21:46:00,10,M0090,Logistics,mid,C01163,818,101,13424,0.0147,7340.75,upi,Canara,558851,21,3,0,0,0,1,0,0,0,0,0,0,0,39
TXN0000822,2024-01-11T18:59:00,10,M0093,SaaS,mid,C01036,209,8,7172,0.1514,8139.99,upi,Canara,581776,18,3,0,0,0,1,0,0,0,0,0,0,0,53
TXN0000823,2024-01-11T20:43:00,10,M0171,Retail,low,C00200,274,10,1297,0.0557,1792.06,card,Yes,474061,20,3,0,0,0,0,0,0,1,0,0,0,0,38
TXN0000824,2024-01-11T14:43:00,10,M0148,SaaS,mid,C01203,13,3,700,0.0223,1074.39,wallet,Axis,482198,14,3,0,0,0,0,0,0,0,0,0,0,1,63
TXN0000825,2024-01-11T15:03:00,10,M0030,B2B,high,C00583,15,2,1989,0.0074,27298.6,netbanking,Yes,496506,15,3,0,0,0,1,0,0,0,0,0,0,1,14
TXN0000826,2024-01-11T22:16:00,10,M0038,B2B,mid,C00075,161,7,7977,0.0608,19280.76,card,ICICI,566426,22,3,0,0,0,0,0,0,0,0,1,1,0,60
TXN0000827,2024-01-11T11:57:00,10,M0003,SaaS,low,C00857,994,96,3975,0.0102,1878.12,netbanking,Axis,575950,11,3,0,0,0,1,0,0,1,1,0,0,0,35
TXN0000828,2024-01-11T22:13:00,10,M0082,B2B,high,C00696,22,2,823,0.2265,25005.62,card,Canara,507463,22,3,0,0,0,1,0,0,0,1,0,1,1,58
TXN0000829,2024-01-11T03:33:00,10,M0153,Food,low,C00126,6,4,711,0.1739,200,upi,SBI,579739,3,3,0,0,0,0,0,0,0,1,0,0,1,40
TXN0000830,2024-01-11T12:38:00,10,M0095,Food,low,C00690,20,2,922,0.0354,1165.79,card,Kotak,481091,12,3,0,0,0,0,0,1,0,0,0,1,1,50
TXN0000831,2024-01-11T17:35:00,10,M0121,Food,low,C00335,74,20,5337,0.0794,6100.94,wallet,SBI,429484,17,3,0,0,0,0,0,0,1,0,0,0,0,13
TXN0000832,2024-01-11T13:41:00,10,M0122,Retail,low,C00174,247,16,4266,0.0312,5733.87,wallet,SBI,543524,13,3,0,0,0,1,0,0,0,1,0,0,0,24
TXN0000833,2024-01-11T17:47:00,10,M0038,B2B,mid,C00325,126,10,1254,0.1405,34937.58,netbanking,Kotak,509040,17,3,0,0,0,0,1,1,0,0,1,1,0,49
TXN0000834,2024-01-11T11:54:00,10,M0082,B2B,high,C00281,123,14,1264,0.0655,32488.66,netbanking,Yes,446369,11,3,0,0,0,0,0,0,0,1,1,1,0,47
TXN0000835,2024-01-11T20:16:00,10,M0119,Retail,high,C01423,8,4,1688,0.1325,1259.78,wallet,HDFC,513764,20,3,0,0,0,0,1,1,0,0,1,1,0,44
TXN0000836,2024-01-11T14:09:00,10,M0128,B2B,high,C01242,801,109,18019,0.0054,17213.19,wallet,Kotak,431333,14,3,0,0,0,0,1,0,0,1,1,1,0,24
TXN0000837,2024-01-11T17:34:00,10,M0126,B2B,low,C00152,16,4,1319,0.1659,10574.65,netbanking,ICICI,437839,17,3,0,0,0,0,0,0,0,0,0,0,1,69
TXN0000838,2024-01-11T09:23:00,10,M0031,Food,mid,C00356,182,11,1794,0.0139,392.06,upi,Canara,400724,9,3,0,0,0,0,0,0,0,1,0,0,0,12
TXN0000839,2024-01-11T13:57:00,10,M0177,Food,low,C01053,172,16,7541,0.0741,10398.05,netbanking,Canara,556526,13,3,0,10,0,0,0,0,0,0,0,0,0,53
TXN0000840,2024-01-11T00:43:00,10,M0075,Retail,mid,C00844,101,14,6949,0.0502,13130.54,netbanking,HDFC,438953,0,3,0,0,0,0,0,0,0,1,1,1,0,42
TXN0000841,2024-01-11T17:39:00,10,M0041,B2B,low,C01405,22,1,758,0.1553,47197.26,wallet,Kotak,569979,17,3,0,0,0,0,1,0,0,0,1,1,0,54
TXN0000842,2024-01-11T10:55:00,10,M0085,SaaS,mid,C01310,784,79,24837,0.0081,6509.34,netbanking,SBI,414721,10,3,0,0,0,0,0,0,0,0,0,0,0,19
TXN0000843,2024-01-11T21:50:00,10,M0089,Food,low,C01472,807,92,5392,0.0039,2034.79,wallet,PNB,594395,21,3,0,0,0,0,0,0,0,0,0,0,0,50
TXN0000844,2024-01-11T20:49:00,10,M0114,Logistics,mid,C00776,14,4,962,0.1036,9132.26,netbanking,PNB,535321,20,3,0,0,0,0,0,0,0,1,0,0,0,49
TXN0000845,2024-01-11T19:21:00,10,M0156,Services,mid,C00071,14,4,804,0.0899,2196.01,card,SBI,467747,19,3,0,0,0,0,0,0,0,1,0,0,0,21
TXN0000846,2024-01-11T18:55:00,10,M0112,Logistics,mid,C01210,5,3,1470,0.1267,19812.74,card,ICICI,463638,18,3,0,0,0,0,0,0,0,0,0,0,1,19
TXN0000847,2024-01-11T16:44:00,10,M0128,B2B,high,C01363,830,106,14828,0.0184,25616.36,wallet,Kotak,440596,16,3,0,0,0,0,0,0,0,0,1,1,0,43
TXN0000848,2024-01-11T19:33:00,10,M0169,Food,low,C00274,16,2,1546,0.0683,351.39,wallet,Kotak,559606,19,3,0,0,0,0,0,0,0,1,0,0,0,31
TXN0000849,2024-01-11T21:06:00,10,M0098,Retail,mid,C00010,111,19,3864,0.0703,1914.88,upi,Kotak,490213,21,3,0,8,0,0,0,0,0,0,0,0,0,69
TXN0000850,2024-01-11T12:58:00,10,M0046,SaaS,high,C00867,176,15,2934,0.1788,783.21,wallet,Kotak,418159,12,3,0,0,0,0,0,0,0,1,0,0,0,70
TXN0000851,2024-01-11T16:13:00,10,M0156,Services,mid,C00278,116,14,1267,0.0687,4113.86,card,Kotak,498796,16,3,0,0,0,0,0,0,0,0,0,0,0,13
TXN0000852,2024-01-11T13:15:00,10,M0028,Retail,mid,C00313,188,6,2469,0.0733,2845.42,card,Axis,416279,13,3,0,0,0,0,0,0,0,0,0,0,0,13
TXN0000853,2024-01-11T03:20:00,10,M0168,Food,high,C00857,994,96,3975,0.0102,1903.11,wallet,SBI,570542,3,3,0,1,1,2,0,0,0,0,1,1,0,16
TXN0000854,2024-01-11T10:55:00,10,M0137,B2B,mid,C00847,82,20,2057,0.0392,27797.11,card,HDFC,528854,10,3,0,0,0,0,0,0,0,1,1,1,0,69
TXN0000855,2024-01-11T17:19:00,10,M0124,Retail,low,C01105,6,2,864,0.0973,1496.19,upi,SBI,564751,17,3,0,0,0,1,0,0,0,0,0,0,0,23
TXN0000856,2024-01-11T11:37:00,10,M0086,Retail,high,C00285,799,102,4942,0.075,6564.87,card,SBI,581581,11,3,0,0,0,0,0,1,0,0,1,1,0,40
TXN0000857,2024-01-11T16:53:00,10,M0009,Retail,low,C00672,25,1,1404,0.0267,1219.98,upi,Axis,513401,16,3,0,0,0,0,0,0,0,0,0,0,0,30
TXN0000858,2024-01-11T21:44:00,10,M0032,Food,low,C00906,217,13,6576,0.0693,3891.8,wallet,Canara,547072,21,3,0,0,0,1,0,0,0,1,0,0,0,17
TXN0000859,2024-01-11T09:14:00,10,M0190,Services,low,C00014,91,14,5154,0.0628,3246.19,card,Axis,570491,9,3,0,0,0,2,0,0,0,0,0,0,0,65
TXN0000860,2024-01-11T05:21:00,10,M0115,Services,high,C01023,277,12,6737,0.1289,9686.06,wallet,Axis,595418,5,3,0,0,0,0,0,0,0,0,1,1,0,22
TXN0000861,2024-01-11T04:46:00,10,M0140,Logistics,high,C00705,160,20,7633,0.1856,31345.9,wallet,Canara,570194,4,3,0,0,0,0,0,0,0,1,1,1,0,38
TXN0000862,2024-01-11T11:37:00,10,M0122,Retail,low,C01142,239,20,1936,0.0703,5158.05,upi,Kotak,473016,11,3,0,0,0,0,0,0,0,0,0,0,0,28
TXN0000863,2024-01-11T08:45:00,10,M0191,Logistics,high,C01374,5,2,1806,0.0599,6358.54,upi,PNB,442383,8,3,0,0,0,1,0,0,0,0,0,0,0,72
TXN0000864,2024-01-11T10:10:00,10,M0080,Logistics,low,C01193,262,17,3211,0.1334,26977.08,upi,SBI,588327,10,3,0,0,0,0,1,0,0,0,1,1,0,27
TXN0000865,2024-01-11T06:48:00,10,M0147,SaaS,mid,C01047,82,16,3732,0.0328,3905.73,upi,ICICI,495938,6,3,0,0,0,1,0,0,0,1,0,0,0,29
TXN0000866,2024-01-11T15:28:00,10,M0050,Logistics,high,C00667,24,2,1269,0.1222,7351.08,netbanking,Yes,529666,15,3,0,0,0,0,0,0,0,0,0,0,0,48
TXN0000867,2024-01-11T20:15:00,10,M0094,SaaS,high,C00753,245,8,2753,0.1068,940.12,upi,Axis,563647,20,3,0,0,0,0,0,0,0,1,0,0,0,32
TXN0000868,2024-01-11T18:04:00,10,M0033,Logistics,low,C01357,5,3,659,0.0843,10562.01,netbanking,Yes,439043,18,3,0,0,0,0,0,0,0,1,0,0,1,62
TXN0000869,2024-01-11T15:16:00,10,M0170,Logistics,mid,C00277,164,20,4404,0.1783,9281.92,card,ICICI,444179,15,3,0,0,0,0,1,0,0,1,0,1,0,30
TXN0000870,2024-01-11T18:14:00,10,M0002,B2B,low,C01438,223,12,1229,0.2301,15171.49,upi,Yes,588332,18,3,0,0,0,0,0,0,0,1,1,1,0,42
TXN0000871,2024-01-11T02:59:00,10,M0146,Food,mid,C00649,917,54,4240,0.0152,2760.05,upi,ICICI,453463,2,3,0,0,0,0,0,0,0,0,0,0,1,58
TXN0000872,2024-01-11T12:12:00,10,M0059,Logistics,mid,C00536,12,4,1407,0.0616,23885.51,card,ICICI,430539,12,3,0,0,0,2,0,0,0,0,0,0,1,51
TXN0000873,2024-01-11T23:02:00,10,M0022,Retail,low,C01425,25,4,1901,0.0218,3382.16,upi,PNB,577583,23,3,0,0,0,0,0,0,0,0,0,0,1,22
TXN0000874,2024-01-11T14:37:00,10,M0048,SaaS,mid,C00239,8,2,993,0.0332,1594.32,card,ICICI,515938,14,3,0,0,0,1,0,1,0,1,1,1,0,39
TXN0000875,2024-01-11T22:45:00,10,M0160,Services,mid,C00816,19,4,737,0.0138,545.15,wallet,Kotak,409375,22,3,0,0,0,0,0,0,0,0,0,0,0,19
TXN0000876,2024-01-11T18:15:00,10,M0061,Services,low,C01479,922,53,17547,0.0327,7343.08,upi,Canara,518956,18,3,0,0,1,1,0,0,0,0,0,0,0,34
TXN0000877,2024-01-11T19:48:00,10,M0181,Food,high,C01337,137,13,4759,0.0393,2632.8,wallet,HDFC,449273,19,3,0,6,0,0,0,0,0,0,0,0,0,36
TXN0000878,2024-01-11T12:00:00,10,M0197,Food,low,C00421,155,8,1375,0.2041,512.28,card,Axis,580885,12,3,0,0,0,0,0,0,0,1,0,0,0,18
TXN0000879,2024-01-11T18:37:00,10,M0190,Services,low,C01395,20,2,590,0.0494,728.44,wallet,Yes,540120,18,3,0,0,0,0,0,0,0,1,0,0,1,68
TXN0000880,2024-01-11T15:41:00,10,M0178,Logistics,low,C01109,246,13,2185,0.0325,13403.38,card,Yes,544286,15,3,0,0,0,0,0,0,0,0,0,0,0,34
TXN0000881,2024-01-11T20:26:00,10,M0080,Logistics,low,C00230,19,3,1131,0.0522,2227.19,wallet,Axis,503908,20,3,0,0,0,0,0,0,0,0,0,0,0,24
TXN0000882,2024-01-11T17:26:00,10,M0037,Retail,mid,C00492,12,1,822,0.0267,1718.32,wallet,Axis,528737,17,3,0,0,0,0,0,0,0,1,0,0,1,37
TXN0000883,2024-01-11T08:28:00,10,M0058,B2B,low,C00216,198,9,6353,0.0248,24012.16,upi,Yes,515189,8,3,0,0,0,1,1,0,0,1,1,1,0,31
TXN0000884,2024-01-11T07:19:00,10,M0182,Retail,high,C00438,15,4,1953,0.1344,857.54,wallet,HDFC,487253,7,3,0,0,0,0,1,0,0,0,1,1,0,29
TXN0000885,2024-01-11T11:15:00,10,M0097,Services,low,C00718,996,52,12606,0.0099,13431.09,card,Kotak,577381,11,3,0,10,0,0,0,0,0,0,0,0,0,29
TXN0000886,2024-01-11T12:00:00,10,M0086,Retail,high,C01160,13,3,1349,0.0094,1492.03,card,PNB,553890,12,3,0,0,0,0,1,0,0,1,1,1,0,20
TXN0000887,2024-01-11T18:47:00,10,M0176,SaaS,low,C00202,287,9,7971,0.0742,8118.55,wallet,HDFC,553479,18,3,0,0,0,0,0,0,0,1,0,0,0,57
TXN0000888,2024-01-11T19:50:00,10,M0154,Retail,low,C01174,13,1,894,0.1125,1039.08,wallet,Canara,408893,19,3,0,0,0,1,0,0,1,0,0,0,0,63
TXN0000889,2024-01-11T10:45:00,10,M0124,Retail,low,C01168,266,17,7311,0.0744,2935.03,upi,Canara,582272,10,3,0,0,0,0,0,0,0,0,0,0,0,39
TXN0000890,2024-01-11T22:07:00,10,M0033,Logistics,low,C00972,154,6,1551,0.1387,5985.59,netbanking,Yes,553374,22,3,0,13,0,0,0,0,0,0,0,0,0,19
TXN0000891,2024-01-11T08:17:00,10,M0104,Food,low,C01457,175,14,4484,0.2094,1801.66,upi,SBI,579067,8,3,0,0,0,0,0,0,0,1,0,0,0,53
TXN0000892,2024-01-11T17:02:00,10,M0086,Retail,high,C00918,794,115,11397,0.0088,6251.77,card,Yes,587074,17,3,0,0,0,1,0,0,0,1,0,0,0,68
TXN0000893,2024-01-11T16:51:00,10,M0138,Services,mid,C00413,170,12,4947,0.0694,5581.3,netbanking,PNB,471806,16,3,0,0,0,0,0,0,0,0,0,0,0,42
TXN0000894,2024-01-11T20:46:00,10,M0024,B2B,mid,C00169,92,14,6033,0.1224,17612.02,upi,Canara,590767,20,3,0,0,0,1,0,0,0,1,0,0,0,38
TXN0000895,2024-01-11T09:45:00,10,M0030,B2B,high,C00155,243,18,2365,0.2072,16811.57,netbanking,Canara,455806,9,3,0,0,0,1,0,0,0,0,0,0,0,54
TXN0000896,2024-01-11T13:18:00,10,M0132,Food,mid,C01119,9,1,1815,0.0138,1293.28,card,Yes,424853,13,3,0,0,0,0,0,0,0,0,0,0,1,58
TXN0000897,2024-01-11T08:10:00,10,M0197,Food,low,C01136,979,55,14910,0.0392,16661.94,card,Axis,549708,8,3,0,0,0,0,0,0,0,0,0,0,0,16
TXN0000898,2024-01-11T13:06:00,10,M0104,Food,low,C00629,174,16,3559,0.0527,1227.26,upi,PNB,587064,13,3,0,6,0,0,1,0,0,0,0,1,0,63
TXN0000899,2024-01-11T19:48:00,10,M0148,SaaS,mid,C00460,233,15,4931,0.0947,1538.4,netbanking,Canara,507312,19,3,0,0,0,0,0,0,0,1,0,0,0,38
TXN0000900,2024-01-11T10:20:00,10,M0088,Food,low,C00121,79,10,7331,0.1149,5188.38,netbanking,Canara,524945,10,3,0,0,0,0,0,0,0,1,0,0,0,70
TXN0000901,2024-01-11T18:03:00,10,M0010,SaaS,high,C00396,14,4,1990,0.0986,686.6,netbanking,Yes,445044,18,3,0,0,0,0,0,0,0,0,0,0,0,40
TXN0000902,2024-01-11T09:48:00,10,M0057,Food,high,C00494,209,16,3846,0.0782,1946.96,netbanking,Canara,504782,9,3,0,0,0,0,0,1,0,0,1,1,0,20
TXN0000903,2024-01-11T15:37:00,10,M0087,Logistics,mid,C01450,183,14,6286,0.0681,11943.13,card,SBI,529123,15,3,0,0,0,0,1,0,0,1,0,1,0,28
TXN0000904,2024-01-11T11:49:00,10,M0033,Logistics,low,C00306,139,18,6979,0.0673,11579.82,card,ICICI,409265,11,3,0,0,0,1,0,0,0,1,0,0,0,42
TXN0000905,2024-01-12T16:16:00,11,M0001,Retail,high,C01112,167,12,6759,0.0311,6179.07,card,Kotak,496242,16,4,0,0,0,0,1,0,0,0,0,1,0,17
TXN0000906,2024-01-12T15:00:00,11,M0032,Food,low,C00737,14,4,754,0.1322,3069.2,wallet,PNB,541650,15,4,0,0,0,0,0,0,1,0,0,0,1,52
TXN0000907,2024-01-12T10:46:00,11,M0098,Retail,mid,C00605,13,3,1579,0.0919,1291.6,netbanking,Axis,586984,10,4,0,0,0,0,0,0,0,0,0,0,1,24
TXN0000908,2024-01-12T15:16:00,11,M0165,Services,low,C01233,239,11,5229,0.0346,3734.18,card,Axis,421050,15,4,0,0,0,1,0,0,0,1,0,0,0,22
TXN0000909,2024-01-12T19:26:00,11,M0024,B2B,mid,C01216,914,76,5925,0.0032,26545.32,wallet,HDFC,505715,19,4,0,0,0,0,0,0,0,1,1,1,0,31
TXN0000910,2024-01-12T19:36:00,11,M0126,B2B,low,C00855,10,1,1044,0.075,18276.25,wallet,PNB,444275,19,4,0,6,0,1,0,0,0,0,0,0,1,48
TXN0000911,2024-01-12T10:36:00,11,M0194,Retail,mid,C00820,792,100,15240,0.0131,3898.25,netbanking,PNB,494973,10,4,0,0,0,0,0,0,0,0,0,0,0,35
TXN0000912,2024-01-12T09:03:00,11,M0050,Logistics,high,C00152,16,4,1319,0.1659,7656.51,card,Yes,592893,9,4,0,0,1,1,0,0,0,0,0,0,1,25
TXN0000913,2024-01-12T17:18:00,11,M0184,Logistics,high,C01442,13,1,1831,0.0407,12621.43,upi,ICICI,552111,17,4,0,0,0,0,0,0,0,0,1,1,0,31
TXN0000914,2024-01-12T17:47:00,11,M0140,Logistics,high,C01063,16,2,1323,0.0664,6328.17,card,Canara,534767,17,4,0,0,0,0,0,0,0,0,0,0,0,72
TXN0000915,2024-01-12T05:52:00,11,M0071,Retail,low,C00187,270,12,1258,0.1298,1826.55,netbanking,ICICI,403795,5,4,0,0,0,1,1,0,0,0,1,1,0,64
TXN0000916,2024-01-12T14:19:00,11,M0063,SaaS,high,C01465,199,13,5560,0.1649,2230.18,netbanking,SBI,531379,14,4,0,0,0,1,0,0,0,1,0,0,0,33
TXN0000917,2024-01-12T18:19:00,11,M0099,B2B,low,C00894,209,14,1372,0.0327,25575.52,upi,PNB,533198,18,4,0,0,0,0,0,0,0,1,0,0,0,14
TXN0000918,2024-01-12T09:32:00,11,M0101,Food,low,C00323,257,11,4702,0.0794,3602.72,card,Yes,465833,9,4,0,0,0,0,0,0,0,0,0,0,0,23
TXN0000919,2024-01-12T11:52:00,11,M0028,Retail,mid,C00382,183,7,3754,0.1617,8934.94,netbanking,HDFC,455558,11,4,0,0,0,0,0,0,0,1,0,0,0,29
TXN0000920,2024-01-12T16:56:00,11,M0117,SaaS,low,C00881,257,14,5596,0.1712,6062.87,wallet,Yes,492051,16,4,0,0,0,1,1,0,0,0,1,1,0,44
TXN0000921,2024-01-12T15:02:00,11,M0182,Retail,high,C01437,172,14,2265,0.197,865.51,wallet,HDFC,426323,15,4,0,0,0,0,0,0,0,0,0,0,0,32
TXN0000922,2024-01-12T13:50:00,11,M0191,Logistics,high,C00000,855,97,12338,0.0029,20660.28,upi,Yes,546521,13,4,0,0,0,0,0,0,0,0,0,0,0,53
TXN0000923,2024-01-12T14:12:00,11,M0023,Services,low,C01224,168,17,1803,0.2423,1627.31,card,PNB,539527,14,4,0,0,0,0,0,0,0,0,0,0,0,62
TXN0000924,2024-01-12T21:38:00,11,M0169,Food,low,C01008,20,4,1754,0.1233,615.38,upi,Canara,584023,21,4,0,0,0,0,0,0,0,0,0,0,0,21
TXN0000925,2024-01-12T18:17:00,11,M0151,Food,low,C00450,253,6,6741,0.0816,2656.37,card,Canara,577267,18,4,0,0,0,0,0,0,0,0,0,0,0,43
TXN0000926,2024-01-12T17:16:00,11,M0092,Food,low,C01069,740,66,8096,0.0128,4882.63,upi,Axis,415609,17,4,0,0,0,1,0,0,0,0,0,0,0,65
TXN0000927,2024-01-12T06:07:00,11,M0094,SaaS,high,C00150,11,1,908,0.0473,913.79,card,Axis,451292,6,4,0,0,0,1,0,0,0,0,0,0,0,49
TXN0000928,2024-01-12T21:03:00,11,M0190,Services,low,C01040,22,4,786,0.1055,4148.3,upi,HDFC,552745,21,4,0,0,0,0,0,0,0,0,0,0,0,48
TXN0000929,2024-01-12T19:53:00,11,M0195,Food,high,C00828,99,20,5319,0.1355,1120.13,wallet,Yes,469104,19,4,0,0,0,0,0,1,0,0,0,1,1,13
TXN0000930,2024-01-12T17:53:00,11,M0103,Services,low,C00023,973,107,11493,0.023,12297.93,netbanking,HDFC,527693,17,4,0,0,0,0,0,0,0,0,0,0,0,29
TXN0000931,2024-01-12T01:39:00,11,M0020,B2B,low,C00624,65,14,6233,0.047,9774.87,netbanking,Canara,506492,1,4,0,0,0,0,0,0,0,0,1,1,0,68
TXN0000932,2024-01-12T21:18:00,11,M0153,Food,low,C00707,138,10,6761,0.0794,2672.37,upi,SBI,579930,21,4,0,0,0,1,0,0,0,0,0,0,0,40
TXN0000933,2024-01-12T07:46:00,11,M0099,B2B,low,C00173,100,19,4404,0.0825,13027.32,wallet,Canara,570515,7,4,0,0,0,0,0,0,0,0,0,0,0,36
TXN0000934,2024-01-12T10:10:00,11,M0040,SaaS,mid,C01019,794,116,24749,0.0205,53611.62,card,Yes,438786,10,4,0,0,0,0,0,0,0,0,1,1,0,33
TXN0000935,2024-01-12T03:33:00,11,M0038,B2B,mid,C00699,115,19,2458,0.0619,41268.02,upi,Yes,439373,3,4,0,0,0,0,0,0,1,0,1,1,0,58
TXN0000936,2024-01-12T17:32:00,11,M0058,B2B,low,C00676,205,16,3731,0.1246,17353.99,upi,HDFC,558474,17,4,0,0,0,2,0,0,0,1,0,0,0,68
TXN0000937,2024-01-12T19:58:00,11,M0148,SaaS,mid,C00554,25,3,1881,0.1038,1122.8,card,Canara,526278,19,4,0,0,0,1,0,0,0,0,0,0,0,56
TXN0000938,2024-01-12T07:59:00,11,M0077,Services,high,C00092,746,97,10119,0.0086,9119.3,upi,HDFC,578537,7,4,0,0,0,0,0,0,0,1,0,0,0,31
TXN0000939,2024-01-12T18:48:00,11,M0041,B2B,low,C00836,932,88,5871,0.004,18852.75,wallet,Axis,584096,18,4,0,0,0,1,0,0,0,0,0,0,0,46
TXN0000940,2024-01-12T10:47:00,11,M0036,Retail,low,C00400,99,11,6695,0.0759,6803.27,netbanking,HDFC,465412,10,4,0,0,0,0,0,0,0,0,0,0,0,47
TXN0000941,2024-01-12T11:24:00,11,M0188,Logistics,mid,C01079,120,13,2720,0.1461,7901.83,card,HDFC,564041,11,4,0,0,0,0,0,0,0,1,0,0,0,55
TXN0000942,2024-01-12T15:06:00,11,M0055,Services,mid,C01467,110,13,3091,0.1456,8541.11,netbanking,Axis,400994,15,4,0,10,0,0,0,0,0,1,0,0,0,63
TXN0000943,2024-01-12T07:50:00,11,M0099,B2B,low,C00167,951,114,4815,0.0341,18067.97,wallet,ICICI,432107,7,4,0,0,0,1,0,0,0,0,0,0,0,26
TXN0000944,2024-01-12T15:01:00,11,M0062,B2B,low,C00566,81,17,5110,0.0665,13642.28,netbanking,PNB,564337,15,4,0,0,0,0,0,0,0,0,0,0,0,44
TXN0000945,2024-01-12T17:59:00,11,M0023,Services,low,C00975,145,5,5985,0.0929,4803.42,card,Canara,475619,17,4,0,0,0,0,0,0,0,1,0,0,0,70
TXN0000946,2024-01-12T09:38:00,11,M0053,Retail,low,C00439,200,16,1597,0.205,1276.7,card,PNB,545640,9,4,0,0,0,0,0,0,0,0,0,0,0,58
TXN0000947,2024-01-12T23:48:00,11,M0127,Food,low,C00523,973,109,20713,0.0508,9074.02,card,SBI,431699,23,4,0,0,0,0,1,0,0,0,0,1,1,66
TXN0000948,2024-01-12T13:50:00,11,M0128,B2B,high,C00850,147,16,7302,0.0202,58917.07,upi,Kotak,589247,13,4,0,0,0,0,0,0,0,0,1,1,0,65
TXN0000949,2024-01-12T22:02:00,11,M0110,Food,high,C01167,151,10,2963,0.1531,3741.65,netbanking,ICICI,429482,22,4,0,0,0,1,0,0,0,0,0,0,0,67
TXN0000950,2024-01-12T14:05:00,11,M0110,Food,high,C00719,167,19,7043,0.1785,3376.51,wallet,Yes,551882,14,4,0,0,0,0,0,0,0,0,0,0,0,64
TXN0000951,2024-01-12T09:04:00,11,M0141,Logistics,low,C01280,146,17,1316,0.1056,13521.52,wallet,SBI,528152,9,4,0,0,0,0,0,0,0,0,0,0,0,43
TXN0000952,2024-01-12T18:27:00,11,M0121,Food,low,C00999,828,83,16395,0.0109,7221.82,upi,Kotak,446964,18,4,0,0,0,0,0,0,0,0,0,0,0,20
TXN0000953,2024-01-12T19:54:00,11,M0049,Services,mid,C00410,17,3,1752,0.01,2938.47,netbanking,SBI,596446,19,4,0,0,0,0,0,0,0,0,0,0,1,43
TXN0000954,2024-01-12T14:00:00,11,M0158,Retail,low,C00320,211,6,4563,0.1454,5060.88,upi,Kotak,564846,14,4,0,0,0,0,0,0,0,0,0,0,0,48
TXN0000955,2024-01-12T13:59:00,11,M0022,Retail,low,C00701,19,4,1356,0.0281,5009.3,upi,HDFC,447507,13,4,0,1,0,0,0,0,0,0,1,1,0,39
TXN0000956,2024-01-12T13:24:00,11,M0078,B2B,high,C00458,228,14,6680,0.1174,31266.96,upi,Yes,494873,13,4,0,0,0,0,0,0,0,0,1,1,0,24
TXN0000957,2024-01-12T16:19:00,11,M0040,SaaS,mid,C01001,6,3,514,0.1072,824.51,wallet,Yes,506509,16,4,0,0,0,1,0,0,0,0,0,0,1,67
TXN0000958,2024-01-12T03:48:00,11,M0164,Logistics,high,C01406,854,117,21647,0.0155,22621.85,netbanking,Axis,582677,3,4,0,0,0,0,0,0,0,0,1,1,0,38
TXN0000959,2024-01-12T11:31:00,11,M0070,Services,low,C00556,22,2,1268,0.1906,2068.13,wallet,PNB,562272,11,4,0,0,0,0,0,0,0,0,0,0,0,28
TXN0000960,2024-01-12T19:15:00,11,M0113,Services,high,C00160,790,83,11529,0.027,2808.16,netbanking,HDFC,495563,19,4,0,0,0,0,0,0,0,0,1,1,0,50
TXN0000961,2024-01-12T19:33:00,11,M0165,Services,low,C00011,15,3,642,0.1639,2251.91,upi,Canara,537619,19,4,0,0,0,0,0,0,1,1,0,0,1,25
TXN0000962,2024-01-12T14:11:00,11,M0050,Logistics,high,C01493,217,8,4914,0.0859,15798.94,wallet,Axis,520218,14,4,0,0,0,0,0,0,0,0,0,0,0,68
TXN0000963,2024-01-12T11:11:00,11,M0070,Services,low,C00178,20,4,1085,0.1022,1324.85,wallet,PNB,453995,11,4,0,0,0,0,0,0,0,1,0,0,1,37
TXN0000964,2024-01-12T23:50:00,11,M0119,Retail,high,C00575,241,8,3584,0.1231,3742.68,wallet,Kotak,429218,23,4,0,0,0,1,0,0,0,1,0,0,0,15
TXN0000965,2024-01-12T05:05:00,11,M0181,Food,high,C01178,209,14,2357,0.1801,471.52,netbanking,Kotak,555162,5,4,0,0,0,0,0,1,0,0,1,1,0,52
TXN0000966,2024-01-12T20:28:00,11,M0120,Food,low,C00414,216,6,1095,0.0964,537.04,card,PNB,408311,20,4,0,0,0,0,0,0,0,0,0,0,0,58
TXN0000967,2024-01-12T12:30:00,11,M0103,Services,low,C01081,245,20,7234,0.042,5086.09,upi,Axis,549418,12,4,0,0,0,1,0,0,0,1,0,0,0,41
TXN0000968,2024-01-12T22:43:00,11,M0064,Food,high,C00745,236,8,4418,0.0669,3335.11,upi,Canara,551723,22,4,0,0,0,0,0,0,0,1,0,0,0,63
TXN0000969,2024-01-12T20:52:00,11,M0192,B2B,mid,C00828,99,20,5319,0.1355,43950.79,netbanking,Canara,539174,20,4,0,1,1,1,1,0,0,0,1,1,0,24
TXN0000970,2024-01-12T11:13:00,11,M0002,B2B,low,C00466,11,3,1294,0.1314,4697.59,upi,HDFC,449582,11,4,0,0,0,1,0,0,0,0,0,0,1,67
TXN0000971,2024-01-12T19:16:00,11,M0129,Services,low,C00501,292,11,5087,0.1788,17463.29,upi,Yes,594624,19,4,0,0,0,0,0,0,0,1,0,0,0,23
TXN0000972,2024-01-12T12:54:00,11,M0160,Services,mid,C00068,788,109,6849,0.0242,3627.55,card,PNB,499902,12,4,0,0,0,1,0,0,0,1,0,0,0,50
TXN0000973,2024-01-12T19:17:00,11,M0042,Logistics,mid,C00503,751,111,15163,0.0191,19288.31,netbanking,Axis,424488,19,4,0,0,0,0,0,0,0,0,1,1,0,12
TXN0000974,2024-01-12T18:02:00,11,M0005,Logistics,high,C00598,256,19,3365,0.1542,1794.95,wallet,Canara,453627,18,4,0,0,0,0,0,0,0,0,0,0,0,59
TXN0000975,2024-01-12T16:15:00,11,M0038,B2B,mid,C00554,25,3,1881,0.1038,38964.38,card,SBI,514449,16,4,0,1,1,2,0,0,0,0,1,1,0,49
TXN0000976,2024-01-12T11:41:00,11,M0090,Logistics,mid,C00201,734,88,21610,0.0185,18407.97,upi,PNB,590822,11,4,0,6,0,0,0,0,0,0,0,0,0,33
TXN0000977,2024-01-12T07:51:00,11,M0077,Services,high,C00536,12,4,1407,0.0616,3868.29,card,Kotak,475525,7,4,0,0,1,2,0,0,0,1,0,0,0,27
TXN0000978,2024-01-12T15:23:00,11,M0085,SaaS,mid,C00054,249,8,7248,0.0399,2863.8,card,SBI,517083,15,4,0,6,0,0,0,0,0,0,0,0,0,40
TXN0000979,2024-01-12T08:18:00,11,M0196,Retail,low,C00925,268,15,7613,0.1884,2909.66,upi,HDFC,529357,8,4,0,0,0,0,0,0,0,1,0,0,0,33
TXN0000980,2024-01-12T12:57:00,11,M0093,SaaS,mid,C01228,179,16,4503,0.0867,1526.26,upi,SBI,486479,12,4,0,0,0,0,0,0,0,1,0,0,0,69
TXN0000981,2024-01-12T09:46:00,11,M0007,Food,mid,C00345,5,4,1662,0.0094,2029.91,upi,Kotak,496421,9,4,0,0,0,1,0,0,0,0,0,0,0,24
TXN0000982,2024-01-12T19:03:00,11,M0070,Services,low,C00211,21,4,738,0.1348,2012.47,wallet,SBI,432250,19,4,0,0,0,1,0,0,0,0,0,0,1,54
TXN0000983,2024-01-12T19:26:00,11,M0054,Retail,mid,C00416,120,7,4760,0.1133,6235.57,wallet,HDFC,476992,19,4,0,0,0,0,1,0,0,0,0,1,1,35
TXN0000984,2024-01-13T06:45:00,12,M0174,SaaS,low,C00965,103,7,6500,0.2055,4994.01,wallet,HDFC,537235,6,5,1,0,0,0,0,0,0,0,0,0,0,45
TXN0000985,2024-01-13T22:02:00,12,M0129,Services,low,C01118,9,3,1462,0.0622,1534.47,upi,Axis,579823,22,5,1,12,0,0,0,0,0,1,0,0,1,25
TXN0000986,2024-01-13T08:00:00,12,M0146,Food,mid,C00887,8,3,791,0.0813,418.95,netbanking,Kotak,517910,8,5,1,14,0,1,0,0,0,0,0,0,0,38
TXN0000987,2024-01-13T20:56:00,12,M0197,Food,low,C00927,914,55,3972,0.0048,2174.64,netbanking,Canara,472900,20,5,1,0,0,0,0,0,0,0,0,0,0,31
TXN0000988,2024-01-13T08:43:00,12,M0070,Services,low,C00061,128,6,7251,0.1482,2645.08,wallet,Canara,479259,8,5,1,0,0,0,0,0,0,0,0,0,0,31
TXN0000989,2024-01-13T21:16:00,12,M0099,B2B,low,C01078,5,2,1178,0.0571,21720.05,netbanking,SBI,451376,21,5,1,0,0,1,0,0,0,1,0,0,1,21
TXN0000990,2024-01-13T01:35:00,12,M0160,Services,mid,C00775,14,3,1392,0.0331,5034.9,upi,SBI,436465,1,5,1,0,0,2,0,0,0,0,0,0,0,27
TXN0000991,2024-01-13T07:24:00,12,M0170,Logistics,mid,C01331,932,79,12508,0.025,42405.28,wallet,ICICI,453412,7,5,1,0,0,0,0,0,0,0,1,1,0,31
TXN0000992,2024-01-13T09:59:00,12,M0180,Food,low,C01066,151,11,1906,0.0889,3486.26,netbanking,Canara,531705,9,5,1,0,0,2,0,0,0,0,0,0,0,15
TXN0000993,2024-01-13T13:27:00,12,M0090,Logistics,mid,C00690,20,2,922,0.0354,25956.24,wallet,Yes,450563,13,5,1,0,0,1,0,0,0,0,0,0,1,23
TXN0000994,2024-01-13T16:27:00,12,M0010,SaaS,high,C00125,751,107,21732,0.0222,9065.76,upi,Yes,575812,16,5,1,0,0,0,0,0,0,1,1,1,0,33
TXN0000995,2024-01-13T10:54:00,12,M0104,Food,low,C00766,267,5,7258,0.0094,4782.51,wallet,PNB,507677,10,5,1,0,0,0,1,0,0,1,1,1,0,66
TXN0000996,2024-01-13T18:08:00,12,M0125,Retail,low,C01375,827,66,13174,0.001,10909.19,upi,HDFC,495323,18,5,1,0,0,1,0,0,0,0,0,0,0,45
TXN0000997,2024-01-13T18:58:00,12,M0068,B2B,low,C00715,271,14,4702,0.0777,19149.03,wallet,HDFC,584363,18,5,1,0,0,0,0,0,0,0,1,1,0,39
TXN0000998,2024-01-13T20:32:00,12,M0024,B2B,mid,C00231,970,90,9656,0.0095,40605.08,card,HDFC,512225,20,5,1,0,0,1,1,0,0,0,1,1,0,21
TXN0000999,2024-01-13T10:51:00,12,M0035,SaaS,mid,C00222,96,12,4387,0.0371,2184.28,wallet,Kotak,465250,10,5,1,0,0,1,0,0,0,1,0,0,0,39
TXN0001000,2024-01-13T09:25:00,12,M0105,SaaS,high,C00719,167,19,7043,0.1785,3693.73,wallet,SBI,414192,9,5,1,0,1,1,0,0,0,0,0,0,0,69
TXN0001001,2024-01-13T07:00:00,12,M0121,Food,low,C00117,169,17,6812,0.1292,1008.74,wallet,ICICI,418611,7,5,1,0,0,0,0,0,0,1,0,0,1,45
TXN0001002,2024-01-13T08:11:00,12,M0023,Services,low,C00784,14,4,1494,0.0944,2142.7,netbanking,Yes,421469,8,5,1,0,0,0,0,0,0,0,0,0,1,42
TXN0001003,2024-01-13T19:45:00,12,M0014,Logistics,high,C00905,997,85,9286,0.052,13468.31,netbanking,Yes,593780,19,5,1,0,0,0,1,0,0,1,1,1,0,58
TXN0001004,2024-01-13T10:32:00,12,M0008,Retail,low,C00623,774,92,18298,0.0518,19276.11,wallet,Axis,462420,10,5,1,0,0,0,0,1,1,0,1,1,0,61
TXN0001005,2024-01-13T20:00:00,12,M0094,SaaS,high,C01433,153,18,6378,0.052,2591.12,upi,Canara,402811,20,5,1,0,0,0,0,0,0,0,0,0,0,40
TXN0001006,2024-01-13T17:39:00,12,M0015,Services,low,C00227,197,11,1422,0.0498,4049.93,netbanking,PNB,538722,17,5,1,0,0,0,0,0,0,0,0,0,0,40
TXN0001007,2024-01-13T22:15:00,12,M0095,Food,low,C00075,161,7,7977,0.0608,3720.03,netbanking,Yes,554576,22,5,1,0,0,1,0,0,0,0,1,1,0,61
TXN0001008,2024-01-13T13:13:00,12,M0140,Logistics,high,C00387,8,4,762,0.1501,3745.12,netbanking,Yes,439122,13,5,1,11,0,0,0,0,0,0,0,0,0,24
TXN0001009,2024-01-13T21:24:00,12,M0094,SaaS,high,C00956,207,6,7039,0.0199,1545.82,card,Canara,429008,21,5,1,0,0,0,1,0,0,0,1,1,0,38
TXN0001010,2024-01-13T19:04:00,12,M0006,Food,low,C00263,223,7,1895,0.1805,2893.2,upi,ICICI,554551,19,5,1,0,0,0,0,0,0,0,0,0,0,64
TXN0001011,2024-01-13T20:08:00,12,M0142,Retail,mid,C00137,101,11,7563,0.169,5942.01,wallet,Canara,413042,20,5,1,0,0,0,0,0,0,0,0,0,0,41
TXN0001012,2024-01-13T22:06:00,12,M0034,Retail,high,C01428,178,8,7583,0.1156,4404.19,netbanking,Yes,502326,22,5,1,0,0,0,0,0,0,0,0,0,0,19
TXN0001013,2024-01-13T19:54:00,12,M0151,Food,low,C00342,78,16,6771,0.0366,2164.72,card,Yes,411766,19,5,1,0,0,0,0,0,0,0,0,0,0,39
TXN0001014,2024-01-13T11:07:00,12,M0119,Retail,high,C00544,19,3,1611,0.17,1744.76,netbanking,Kotak,456665,11,5,1,0,0,0,0,0,0,0,0,0,1,50
TXN0001015,2024-01-13T11:49:00,12,M0148,SaaS,mid,C01208,24,4,1125,0.262,1121.8,upi,SBI,500014,11,5,1,0,0,1,1,1,0,1,1,1,0,17
TXN0001016,2024-01-13T03:40:00,12,M0145,SaaS,low,C00860,135,18,4293,0.257,1857.44,wallet,Yes,460854,3,5,1,0,0,1,0,0,0,0,1,1,0,23
TXN0001017,2024-01-13T16:49:00,12,M0108,Food,high,C01412,93,13,3187,0.0774,1348.3,netbanking,ICICI,518504,16,5,1,0,0,0,0,0,0,0,0,0,0,63
TXN0001018,2024-01-13T16:32:00,12,M0032,Food,low,C00281,123,14,1264,0.0655,1127.67,upi,Yes,485368,16,5,1,0,0,1,0,0,0,0,0,0,0,43
TXN0001019,2024-01-13T12:13:00,12,M0185,Food,high,C00988,21,3,1506,0.0789,2233.32,netbanking,Canara,492200,12,5,1,0,0,0,0,0,0,0,0,0,1,69
TXN0001020,2024-01-13T03:50:00,12,M0117,SaaS,low,C00323,257,11,4702,0.0794,1562.69,upi,PNB,540467,3,5,1,0,1,1,0,0,0,0,0,0,0,41
TXN0001021,2024-01-13T11:48:00,12,M0001,Retail,high,C01066,151,11,1906,0.0889,2331.16,wallet,Canara,468273,11,5,1,0,1,3,0,0,0,0,0,0,0,65
TXN0001022,2024-01-13T06:34:00,12,M0149,Services,low,C00307,10,1,525,0.1779,859.07,card,Yes,517518,6,5,1,0,0,2,0,0,0,0,0,0,0,45
TXN0001023,2024-01-13T15:55:00,12,M0078,B2B,high,C01029,18,2,615,0.0338,21235.07,netbanking,Yes,474404,15,5,1,0,0,0,0,0,0,1,1,1,0,70
TXN0001024,2024-01-13T09:24:00,12,M0045,Food,high,C00252,212,15,4155,0.0065,4153.91,netbanking,Axis,472402,9,5,1,0,0,0,0,0,0,0,0,0,0,70
TXN0001025,2024-01-13T16:46:00,12,M0159,Services,low,C00697,211,15,4432,0.0478,6301.08,netbanking,ICICI,502546,16,5,1,0,0,0,0,0,0,1,0,0,0,28
TXN0001026,2024-01-13T07:21:00,12,M0161,Services,mid,C00174,247,16,4266,0.0312,2406.41,netbanking,ICICI,450264,7,5,1,0,0,2,0,0,0,1,0,0,0,37
TXN0001027,2024-01-13T10:38:00,12,M0092,Food,low,C01496,193,13,7225,0.0594,5771.96,netbanking,Canara,543865,10,5,1,0,0,1,1,0,0,1,1,1,0,33
TXN0001028,2024-01-13T19:55:00,12,M0045,Food,high,C00622,93,11,6935,0.0169,4338.51,upi,Axis,534540,19,5,1,0,0,0,0,0,0,0,0,0,0,37
TXN0001029,2024-01-13T19:26:00,12,M0147,SaaS,mid,C01190,14,4,1510,0.2709,942.02,netbanking,Kotak,514252,19,5,1,0,0,0,1,0,0,0,0,1,1,45
TXN0001030,2024-01-13T06:34:00,12,M0100,Retail,low,C00825,20,4,1135,0.0724,1489.19,wallet,Kotak,471594,6,5,1,0,0,0,0,0,0,0,0,0,0,70
TXN0001031,2024-01-13T14:01:00,12,M0080,Logistics,low,C00391,807,67,9563,0.0069,36351.15,wallet,SBI,461819,14,5,1,0,0,0,0,0,0,0,1,1,0,71
TXN0001032,2024-01-13T17:47:00,12,M0183,Retail,mid,C00025,771,67,7942,0.0048,6869.62,netbanking,SBI,463371,17,5,1,8,0,0,0,0,0,0,0,0,0,14
TXN0001033,2024-01-13T07:58:00,12,M0114,Logistics,mid,C00970,220,11,6117,0.0537,8890.15,wallet,Canara,479268,7,5,1,0,0,1,0,0,0,0,0,0,0,68
TXN0001034,2024-01-13T18:53:00,12,M0127,Food,low,C00996,298,17,6726,0.0867,3475.14,wallet,SBI,474359,18,5,1,0,0,1,1,0,0,0,1,1,0,20
TXN0001035,2024-01-13T20:27:00,12,M0088,Food,low,C00566,81,17,5110,0.0665,1793.32,card,Yes,583321,20,5,1,0,0,1,0,0,0,0,0,0,0,18
TXN0001036,2024-01-13T08:24:00,12,M0141,Logistics,low,C00346,23,1,1516,0.0407,15372.54,upi,Kotak,447355,8,5,1,0,0,0,0,0,0,1,0,0,0,69
TXN0001037,2024-01-13T15:37:00,12,M0116,Services,low,C01332,12,1,573,0.2078,1142.33,wallet,HDFC,490749,15,5,1,0,0,1,0,0,1,0,0,0,1,66
TXN0001038,2024-01-13T17:35:00,12,M0167,SaaS,low,C00006,750,95,9883,0.0209,5501.66,wallet,PNB,432832,17,5,1,0,0,0,0,0,0,1,0,0,0,71
TXN0001039,2024-01-13T15:52:00,12,M0002,B2B,low,C00666,124,11,1278,0.1892,44809.35,netbanking,Yes,426429,15,5,1,0,0,0,0,0,0,0,1,1,0,24
TXN0001040,2024-01-13T11:06:00,12,M0181,Food,high,C00070,765,85,16596,0.0072,16559.49,wallet,Kotak,489817,11,5,1,0,0,0,0,0,0,1,1,1,0,67
TXN0001041,2024-01-13T15:54:00,12,M0109,Services,low,C00469,906,112,18797,0.0674,9531.87,wallet,Canara,410364,15,5,1,0,0,0,1,0,0,1,0,1,0,64
TXN0001042,2024-01-13T12:56:00,12,M0173,Food,high,C00353,227,10,5975,0.0345,1484.52,netbanking,SBI,431458,12,5,1,0,0,0,0,0,0,1,0,0,0,59
TXN0001043,2024-01-13T13:52:00,12,M0081,Logistics,high,C01190,14,4,1510,0.2709,5956.99,upi,PNB,442460,13,5,1,1,1,1,1,0,0,1,1,1,0,39
TXN0001044,2024-01-13T09:53:00,12,M0187,SaaS,high,C00684,263,8,4737,0.1664,5931.54,netbanking,ICICI,577605,9,5,1,0,0,1,0,1,0,1,1,1,0,16
TXN0001045,2024-01-13T02:05:00,12,M0128,B2B,high,C00313,188,6,2469,0.0733,11961.18,wallet,Axis,448160,2,5,1,0,0,1,0,0,0,1,1,1,0,50
TXN0001046,2024-01-13T02:12:00,12,M0146,Food,mid,C00979,877,53,10504,0.0387,4011.26,upi,HDFC,477130,2,5,1,0,0,0,0,0,0,1,1,1,0,12
TXN0001047,2024-01-13T18:36:00,12,M0161,Services,mid,C00598,256,19,3365,0.1542,2664.97,card,Yes,510955,18,5,1,0,0,1,1,0,0,0,1,1,0,41
TXN0001048,2024-01-13T18:45:00,12,M0033,Logistics,low,C01345,202,7,1860,0.0767,4243.67,wallet,Canara,592820,18,5,1,0,0,0,0,0,0,0,0,0,0,16
TXN0001049,2024-01-13T07:13:00,12,M0055,Services,mid,C01024,136,10,1176,0.0902,2204.61,wallet,Axis,410180,7,5,1,0,0,0,1,0,0,1,1,1,0,28
TXN0001050,2024-01-13T13:53:00,12,M0081,Logistics,high,C00699,115,19,2458,0.0619,13249.94,wallet,Kotak,590818,13,5,1,0,0,1,0,0,0,1,0,0,0,52
TXN0001051,2024-01-13T20:06:00,12,M0027,Services,high,C00712,22,1,1648,0.1887,2644.63,card,Canara,421273,20,5,1,10,0,1,0,0,0,0,0,0,0,13
TXN0001052,2024-01-13T20:00:00,12,M0105,SaaS,high,C00466,11,3,1294,0.1314,1394.43,netbanking,Yes,578897,20,5,1,0,0,2,1,0,0,0,0,1,1,60
TXN0001053,2024-01-13T18:02:00,12,M0056,Retail,low,C01379,877,76,14212,0.0235,6450.94,card,SBI,427748,18,5,1,0,0,1,0,0,0,1,0,0,0,14
TXN0001054,2024-01-13T15:31:00,12,M0116,Services,low,C00286,272,12,7237,0.0316,1989.31,netbanking,Canara,540880,15,5,1,0,0,0,1,0,0,0,1,1,0,29
TXN0001055,2024-01-13T06:26:00,12,M0024,B2B,mid,C00047,8,2,892,0.0391,25118.47,wallet,Canara,421538,6,5,1,10,0,3,0,0,0,1,0,0,1,19
TXN0001056,2024-01-13T09:20:00,12,M0128,B2B,high,C00948,163,14,3671,0.0629,23492.01,wallet,PNB,538965,9,5,1,0,0,0,1,0,0,0,1,1,0,42
TXN0001057,2024-01-13T05:13:00,12,M0168,Food,high,C00525,196,14,3844,0.122,4017.24,card,Kotak,505891,5,5,1,0,0,0,1,0,0,1,0,1,0,41
TXN0001058,2024-01-13T21:43:00,12,M0005,Logistics,high,C00578,267,6,6126,0.0334,16010.61,netbanking,ICICI,533720,21,5,1,0,0,0,0,0,0,1,0,0,0,35
TXN0001059,2024-01-13T02:17:00,12,M0152,Retail,high,C00165,165,18,7744,0.1186,11160.79,wallet,Kotak,407427,2,5,1,0,0,0,0,0,0,0,1,1,0,62
TXN0001060,2024-01-13T06:41:00,12,M0176,SaaS,low,C00677,22,3,664,0.2321,659.18,card,HDFC,499399,6,5,1,0,0,0,0,0,1,1,0,0,1,59
TXN0001061,2024-01-13T03:55:00,12,M0102,Retail,high,C01330,256,7,6365,0.0174,4851.16,card,Yes,452472,3,5,1,0,0,0,1,0,0,0,1,1,0,32
TXN0001062,2024-01-13T16:39:00,12,M0198,Food,mid,C00869,17,2,715,0.0491,210.52,netbanking,SBI,505244,16,5,1,10,0,0,0,0,0,0,0,0,1,51
TXN0001063,2024-01-13T15:52:00,12,M0094,SaaS,high,C00122,285,15,6138,0.0613,3848.33,upi,Axis,575548,15,5,1,0,0,1,0,0,0,0,0,0,0,68
TXN0001064,2024-01-13T02:51:00,12,M0165,Services,low,C00351,767,93,8574,0.0491,6088.37,wallet,Axis,494558,2,5,1,0,0,0,1,0,0,0,1,1,0,30
TXN0001065,2024-01-13T12:31:00,12,M0033,Logistics,low,C00733,19,4,1406,0.0532,2706.3,upi,HDFC,513969,12,5,1,0,0,1,0,0,1,0,1,1,0,67
TXN0001066,2024-01-13T07:47:00,12,M0130,Food,low,C00277,164,20,4404,0.1783,2028.1,netbanking,PNB,405425,7,5,1,0,0,1,0,0,0,1,0,0,0,13
TXN0001067,2024-01-13T09:22:00,12,M0065,B2B,high,C00049,879,66,23901,0.0391,27199.23,card,SBI,565736,9,5,1,0,0,0,0,0,0,0,1,1,0,40
TXN0001068,2024-01-13T16:57:00,12,M0144,Retail,low,C00293,25,3,1986,0.1281,1984.29,netbanking,Axis,576681,16,5,1,9,0,1,0,0,0,0,0,0,0,45
TXN0001069,2024-01-13T14:09:00,12,M0066,Food,mid,C00547,197,17,2555,0.0928,3864.23,netbanking,Yes,586451,14,5,1,0,0,0,0,0,0,0,0,0,0,58
TXN0001070,2024-01-13T17:31:00,12,M0129,Services,low,C00237,75,20,6400,0.086,1456.38,netbanking,HDFC,442310,17,5,1,0,0,0,0,0,0,0,0,0,0,37
TXN0001071,2024-01-13T11:52:00,12,M0170,Logistics,mid,C00264,25,4,1179,0.0072,7868.08,upi,SBI,544816,11,5,1,0,0,0,1,0,0,0,1,1,0,19
TXN0001072,2024-01-14T15:02:00,13,M0089,Food,low,C00013,300,11,3983,0.0544,4673.15,wallet,PNB,528547,15,6,1,0,0,0,0,0,0,1,0,0,0,25
TXN0001073,2024-01-14T20:14:00,13,M0159,Services,low,C00430,876,104,3418,0.0136,2682.06,card,ICICI,490364,20,6,1,0,0,1,0,0,0,1,0,0,0,36
TXN0001074,2024-01-14T09:57:00,13,M0000,Logistics,low,C01002,254,13,4980,0.0896,9289.37,netbanking,Axis,530211,9,6,1,0,0,0,0,0,0,0,0,0,0,42
TXN0001075,2024-01-14T00:36:00,13,M0063,SaaS,high,C00228,23,2,1481,0.0503,2839.74,upi,Canara,563236,0,6,1,0,0,0,1,0,0,1,1,1,0,40
TXN0001076,2024-01-14T10:21:00,13,M0058,B2B,low,C00215,256,18,4067,0.245,19047.39,upi,SBI,507996,10,6,1,0,0,1,0,1,0,1,1,1,0,50
TXN0001077,2024-01-14T20:48:00,13,M0015,Services,low,C00966,6,2,1405,0.1134,3329.82,upi,SBI,461493,20,6,1,0,0,0,0,0,0,0,0,0,0,63
TXN0001078,2024-01-14T11:29:00,13,M0158,Retail,low,C01277,952,104,4871,0.0312,3801.31,upi,PNB,400793,11,6,1,0,0,0,0,0,0,1,1,1,0,16
TXN0001079,2024-01-14T09:01:00,13,M0119,Retail,high,C00688,102,19,2995,0.0255,3615.51,netbanking,HDFC,554062,9,6,1,0,0,0,0,1,0,0,1,1,0,31
TXN0001080,2024-01-14T12:57:00,13,M0085,SaaS,mid,C00088,270,16,1887,0.1236,454.42,netbanking,SBI,410318,12,6,1,0,0,0,0,0,0,0,0,0,0,26
TXN0001081,2024-01-14T21:43:00,13,M0166,SaaS,mid,C01133,187,8,7592,0.01,2184.07,netbanking,ICICI,511606,21,6,1,0,0,0,0,0,0,0,0,0,0,57
TXN0001082,2024-01-14T12:57:00,13,M0192,B2B,mid,C00773,866,52,18391,0.0182,5965.11,netbanking,Canara,470971,12,6,1,0,0,0,0,0,0,0,0,0,0,17
TXN0001083,2024-01-14T12:05:00,13,M0013,Logistics,high,C00809,22,1,606,0.0443,7413.09,netbanking,Axis,428708,12,6,1,0,0,1,0,0,0,1,0,0,0,55
TXN0001084,2024-01-14T20:15:00,13,M0171,Retail,low,C01223,878,78,4053,0.0134,3362.79,wallet,Yes,503261,20,6,1,0,0,1,0,0,0,1,0,0,0,39
TXN0001085,2024-01-14T11:57:00,13,M0178,Logistics,low,C01207,103,11,3847,0.1379,13008.5,netbanking,Canara,572944,11,6,1,0,0,1,0,0,0,0,1,1,0,62
TXN0001086,2024-01-14T10:21:00,13,M0150,Retail,mid,C00235,294,6,5292,0.0091,3323.15,card,PNB,571275,10,6,1,0,0,0,0,0,0,0,0,0,0,25
TXN0001087,2024-01-14T19:15:00,13,M0007,Food,mid,C00414,216,6,1095,0.0964,1668.11,wallet,Canara,407238,19,6,1,0,0,1,0,0,0,0,0,0,0,39
TXN0001088,2024-01-14T07:17:00,13,M0011,Food,low,C00050,180,20,4608,0.0752,2646.54,netbanking,Kotak,451635,7,6,1,0,0,0,0,0,0,0,0,0,0,54
TXN0001089,2024-01-14T06:22:00,13,M0186,B2B,mid,C01304,94,10,6928,0.1232,24633.75,card,Kotak,599311,6,6,1,0,0,0,0,0,0,0,0,0,0,16
TXN0001090,2024-01-14T09:04:00,13,M0070,Services,low,C00348,244,5,1394,0.0422,2404.11,card,SBI,453727,9,6,1,0,0,1,0,0,0,0,0,0,0,49
TXN0001091,2024-01-14T02:29:00,13,M0134,Services,low,C00326,91,5,1505,0.2531,1028.55,netbanking,PNB,518850,2,6,1,0,0,0,0,0,0,0,1,1,0,35
TXN0001092,2024-01-14T00:20:00,13,M0170,Logistics,mid,C00544,19,3,1611,0.17,10651.85,netbanking,Yes,515388,0,6,1,0,1,1,0,0,0,0,1,1,0,62
TXN0001093,2024-01-14T11:30:00,13,M0170,Logistics,mid,C00921,228,9,1469,0.0468,12679.7,netbanking,SBI,553646,11,6,1,0,0,1,0,0,0,0,0,0,0,32
TXN0001094,2024-01-14T14:34:00,13,M0047,Logistics,low,C00144,25,4,628,0.0275,7737.3,wallet,ICICI,580076,14,6,1,0,0,0,0,0,0,0,0,0,1,14
TXN0001095,2024-01-14T16:27:00,13,M0106,Services,high,C01243,240,17,5202,0.0226,3918.74,card,ICICI,467356,16,6,1,0,0,0,0,0,0,1,0,0,1,46
TXN0001096,2024-01-14T20:06:00,13,M0178,Logistics,low,C00388,901,61,10282,0.0078,2824.05,netbanking,SBI,582591,20,6,1,0,0,0,0,0,0,1,0,0,0,37
TXN0001097,2024-01-14T15:59:00,13,M0026,Retail,high,C00703,274,19,3286,0.0064,1682.16,wallet,ICICI,572158,15,6,1,0,0,0,0,0,0,0,0,0,0,37
TXN0001098,2024-01-14T16:13:00,13,M0108,Food,high,C01264,200,9,1946,0.0981,778.21,netbanking,PNB,412035,16,6,1,14,0,0,0,0,0,0,0,0,0,59
TXN0001099,2024-01-14T12:38:00,13,M0149,Services,low,C00227,197,11,1422,0.0498,2238.34,netbanking,ICICI,527204,12,6,1,0,1,1,0,0,0,0,0,0,0,39
TXN0001100,2024-01-14T23:05:00,13,M0123,Logistics,high,C01156,783,61,24286,0.0003,35543.62,netbanking,SBI,402366,23,6,1,0,0,0,1,0,0,0,1,1,0,41
TXN0001101,2024-01-14T06:02:00,13,M0040,SaaS,mid,C00206,15,3,1692,0.1412,2594.5,upi,ICICI,502416,6,6,1,0,0,0,0,0,0,0,0,0,1,52
TXN0001102,2024-01-14T03:09:00,13,M0060,Services,high,C01232,24,1,1095,0.0993,915.13,netbanking,Kotak,417182,3,6,1,10,0,0,0,0,0,0,0,0,1,15
TXN0001103,2024-01-14T21:03:00,13,M0036,Retail,low,C00579,15,4,1845,0.033,2254.65,wallet,HDFC,436625,21,6,1,0,0,0,0,0,0,1,0,0,0,71
TXN0001104,2024-01-14T14:15:00,13,M0051,Food,low,C00176,890,74,8221,0.0135,4349.36,netbanking,Kotak,515562,14,6,1,0,0,0,0,0,0,0,0,0,0,40
TXN0001105,2024-01-14T10:59:00,13,M0091,Logistics,high,C00974,94,15,2436,0.1347,17460.9,card,Kotak,446984,10,6,1,0,0,1,0,0,0,1,0,0,0,20
TXN0001106,2024-01-14T19:40:00,13,M0017,B2B,low,C00708,95,17,2515,0.1802,15866.51,netbanking,SBI,475503,19,6,1,0,0,1,1,0,0,0,1,1,0,25
TXN0001107,2024-01-14T23:22:00,13,M0180,Food,low,C01157,222,19,5123,0.1224,3683.25,upi,PNB,576512,23,6,1,0,0,0,0,0,0,1,0,0,0,65
TXN0001108,2024-01-14T10:05:00,13,M0180,Food,low,C00801,126,10,6631,0.1262,13878.41,card,PNB,554203,10,6,1,0,0,0,0,1,0,1,1,1,0,56
TXN0001109,2024-01-14T20:28:00,13,M0194,Retail,mid,C01449,25,4,501,0.0588,1759.72,netbanking,Canara,427898,20,6,1,0,0,1,0,0,0,0,0,0,0,24
TXN0001110,2024-01-14T16:13:00,13,M0138,Services,mid,C00762,162,16,4897,0.165,10341.31,wallet,ICICI,525680,16,6,1,0,0,0,0,0,0,0,0,0,0,41
TXN0001111,2024-01-14T12:13:00,13,M0167,SaaS,low,C00056,14,4,645,0.1133,639.21,upi,Yes,477774,12,6,1,0,0,1,0,0,0,0,0,0,0,33
TXN0001112,2024-01-14T22:48:00,13,M0030,B2B,high,C00953,11,2,921,0.0534,18019.48,netbanking,PNB,485775,22,6,1,0,0,0,0,0,0,1,0,0,0,62
TXN0001113,2024-01-14T10:11:00,13,M0163,Logistics,high,C00468,210,7,5232,0.0611,14832.33,netbanking,Yes,492570,10,6,1,8,0,0,0,0,0,0,0,0,0,35
TXN0001114,2024-01-14T13:26:00,13,M0184,Logistics,high,C00405,14,3,1450,0.0132,7781.35,wallet,HDFC,542900,13,6,1,0,0,0,1,1,0,0,1,1,0,21
TXN0001115,2024-01-14T15:12:00,13,M0045,Food,high,C01209,15,4,790,0.0451,852.49,netbanking,PNB,434887,15,6,1,0,0,2,0,0,0,1,0,0,1,63
TXN0001116,2024-01-14T10:38:00,13,M0110,Food,high,C01386,785,103,16955,0.0407,12840.1,upi,HDFC,514898,10,6,1,0,0,0,0,1,0,0,1,1,0,37
TXN0001117,2024-01-14T14:27:00,13,M0110,Food,high,C00803,10,1,1321,0.1485,883.42,upi,Yes,487920,14,6,1,0,0,0,0,0,0,0,0,0,0,52
TXN0001118,2024-01-14T11:36:00,13,M0109,Services,low,C00338,744,95,21600,0.0159,17844.27,wallet,SBI,524145,11,6,1,0,0,0,0,0,0,0,0,0,0,29
TXN0001119,2024-01-14T09:40:00,13,M0119,Retail,high,C00362,805,65,17714,0.0025,3850.19,netbanking,PNB,422789,9,6,1,0,0,0,0,0,0,0,1,1,0,67
TXN0001120,2024-01-14T13:33:00,13,M0131,Logistics,high,C00810,753,50,11311,0.0145,8398.09,netbanking,ICICI,536351,13,6,1,0,0,0,0,0,0,0,0,0,0,32
TXN0001121,2024-01-14T04:35:00,13,M0106,Services,high,C00177,65,7,4221,0.1108,2594.21,card,Kotak,522923,4,6,1,0,0,0,0,0,0,1,1,1,0,20
TXN0001122,2024-01-14T22:15:00,13,M0165,Services,low,C00416,120,7,4760,0.1133,4079.58,upi,Yes,447285,22,6,1,0,0,1,0,0,0,0,0,0,0,27
TXN0001123,2024-01-14T21:15:00,13,M0148,SaaS,mid,C00203,225,13,6886,0.0333,3380.86,upi,SBI,464069,21,6,1,0,0,0,0,0,0,0,0,0,0,39
TXN0001124,2024-01-14T20:15:00,13,M0123,Logistics,high,C00383,290,6,7598,0.2306,15537.4,upi,Canara,498623,20,6,1,0,0,0,0,0,0,0,0,0,0,68
TXN0001125,2024-01-14T09:55:00,13,M0054,Retail,mid,C00356,182,11,1794,0.0139,2236.89,upi,Canara,402829,9,6,1,0,0,1,0,0,0,1,0,0,0,23
TXN0001126,2024-01-14T13:55:00,13,M0008,Retail,low,C00521,13,2,672,0.1413,2901.27,upi,HDFC,498214,13,6,1,0,0,0,0,0,0,0,0,0,1,25
TXN0001127,2024-01-14T07:47:00,13,M0045,Food,high,C00543,202,16,7598,0.0093,6579.08,wallet,Canara,547849,7,6,1,0,0,0,0,0,0,1,0,0,0,45
TXN0001128,2024-01-14T16:06:00,13,M0190,Services,low,C00440,21,2,1351,0.1088,1388.63,card,HDFC,447059,16,6,1,0,0,0,1,0,0,0,0,1,1,44
TXN0001129,2024-01-14T09:01:00,13,M0101,Food,low,C00525,196,14,3844,0.122,3680.31,netbanking,Axis,567959,9,6,1,0,0,1,1,0,0,1,1,1,0,55
TXN0001130,2024-01-14T13:49:00,13,M0003,SaaS,low,C00739,126,20,6687,0.0675,5462.19,wallet,Canara,416327,13,6,1,0,0,0,0,0,0,0,0,0,0,28
TXN0001131,2024-01-14T00:41:00,13,M0111,Logistics,low,C00925,268,15,7613,0.1884,12736.47,upi,ICICI,530429,0,6,1,0,0,1,0,0,0,0,0,0,0,41
TXN0001132,2024-01-14T14:07:00,13,M0164,Logistics,high,C01218,166,13,3533,0.0365,15479.93,upi,PNB,451235,14,6,1,0,0,1,0,0,0,0,1,1,0,16
TXN0001133,2024-01-14T05:43:00,13,M0158,Retail,low,C01221,170,16,6408,0.0274,3173.67,netbanking,Canara,548567,5,6,1,0,0,0,0,0,0,0,0,0,0,37
TXN0001134,2024-01-14T22:50:00,13,M0049,Services,mid,C01291,190,16,2760,0.0634,3798.77,upi,Axis,542189,22,6,1,0,0,0,1,0,0,0,1,1,0,48
TXN0001135,2024-01-14T18:25:00,13,M0015,Services,low,C00254,18,3,1362,0.0629,1826.54,upi,Canara,510668,18,6,1,6,0,0,0,0,0,1,0,0,0,69
TXN0001136,2024-01-14T14:16:00,13,M0123,Logistics,high,C00955,271,17,5954,0.1364,34182.2,card,HDFC,561813,14,6,1,0,0,1,0,0,0,0,0,1,0,53
TXN0001137,2024-01-14T14:50:00,13,M0176,SaaS,low,C00373,259,5,2423,0.0326,1941.81,netbanking,Canara,579427,14,6,1,0,0,0,0,0,0,1,0,0,0,69
TXN0001138,2024-01-14T14:25:00,13,M0065,B2B,high,C00061,128,6,7251,0.1482,74439.46,wallet,Axis,553494,14,6,1,0,0,1,0,0,0,0,1,1,0,60
TXN0001139,2024-01-14T15:35:00,13,M0100,Retail,low,C01386,785,103,16955,0.0407,5646.27,card,Kotak,400779,15,6,1,0,1,1,0,0,0,0,0,0,0,15
TXN0001140,2024-01-14T18:07:00,13,M0026,Retail,high,C00841,186,14,1303,0.0839,1714.44,card,PNB,444912,18,6,1,0,0,0,0,0,0,0,0,0,0,38
TXN0001141,2024-01-14T10:17:00,13,M0046,SaaS,high,C00444,14,1,1558,0.2692,771.5,upi,ICICI,522470,10,6,1,0,0,0,0,0,0,0,0,0,1,28
TXN0001142,2024-01-14T08:52:00,13,M0075,Retail,mid,C01162,25,4,605,0.233,959.58,card,ICICI,432248,8,6,1,0,0,0,0,0,0,0,0,0,1,60
TXN0001143,2024-01-14T16:18:00,13,M0125,Retail,low,C01314,82,9,3281,0.0539,9229.58,wallet,Yes,569121,16,6,1,0,0,0,0,0,0,1,0,0,0,27
TXN0001144,2024-01-14T09:41:00,13,M0000,Logistics,low,C00125,751,107,21732,0.0222,15177.92,card,Kotak,485008,9,6,1,0,1,1,0,0,0,0,0,0,0,13
TXN0001145,2024-01-14T22:57:00,13,M0185,Food,high,C01030,903,105,7868,0.0201,2473.2,upi,Kotak,565649,22,6,1,0,0,0,0,0,0,0,0,0,0,59
TXN0001146,2024-01-14T11:55:00,13,M0190,Services,low,C01209,15,4,790,0.0451,1416.28,wallet,HDFC,501124,11,6,1,1,1,3,0,0,0,0,0,0,1,66
TXN0001147,2024-01-14T00:06:00,13,M0197,Food,low,C00545,130,10,1564,0.0778,1071.08,upi,SBI,525985,0,6,1,1,0,0,0,0,0,0,1,1,0,51
TXN0001148,2024-01-14T07:59:00,13,M0138,Services,mid,C00851,191,8,6786,0.0145,5221.91,wallet,Canara,532449,7,6,1,13,0,1,0,0,0,1,0,0,0,71
TXN0001149,2024-01-14T11:41:00,13,M0015,Services,low,C01325,235,12,1237,0.041,3544.15,netbanking,Kotak,519788,11,6,1,0,0,1,0,0,0,0,0,0,0,56
TXN0001150,2024-01-15T08:14:00,14,M0054,Retail,mid,C01003,891,80,14836,0.0225,14761.23,wallet,PNB,404159,8,0,0,0,0,0,0,1,0,0,1,1,0,18
TXN0001151,2024-01-15T17:34:00,14,M0010,SaaS,high,C00755,8,2,1515,0.1589,1701.53,netbanking,PNB,594530,17,0,0,0,0,0,1,0,0,1,1,1,0,34
TXN0001152,2024-01-15T22:27:00,14,M0196,Retail,low,C01129,210,6,3376,0.0541,4204.42,upi,SBI,422825,22,0,0,0,0,0,0,0,0,0,0,0,0,20
TXN0001153,2024-01-15T19:18:00,14,M0099,B2B,low,C00338,744,95,21600,0.0159,43663.24,card,Yes,506241,19,0,0,0,0,1,0,0,0,0,1,1,0,63
TXN0001154,2024-01-15T18:37:00,14,M0070,Services,low,C01312,5,3,916,0.0576,692.57,netbanking,Yes,590688,18,0,0,0,0,0,0,0,0,1,0,0,1,16
TXN0001155,2024-01-15T12:50:00,14,M0043,Logistics,high,C00349,156,16,5473,0.0569,44763.99,card,Canara,554399,12,0,0,0,0,0,0,0,0,0,1,1,0,51
TXN0001156,2024-01-15T12:56:00,14,M0070,Services,low,C01152,17,2,1212,0.0396,8249.0,netbanking,Kotak,409973,12,0,0,6,0,1,0,0,0,1,0,0,0,28
TXN0001157,2024-01-15T21:18:00,14,M0194,Retail,mid,C00183,101,17,6050,0.1691,2422.76,wallet,PNB,584924,21,0,0,0,0,0,0,0,0,1,0,0,0,30
TXN0001158,2024-01-15T18:01:00,14,M0106,Services,high,C00144,25,4,628,0.0275,1027.47,card,Canara,437728,18,0,0,13,0,1,0,0,0,0,0,0,0,69
TXN0001159,2024-01-15T09:32:00,14,M0089,Food,low,C01235,111,8,1550,0.0381,1934.68,card,Axis,416031,9,0,0,0,0,0,0,1,0,0,1,1,0,30
TXN0001160,2024-01-15T16:55:00,14,M0022,Retail,low,C01083,194,5,2367,0.1078,2990.03,upi,HDFC,552135,16,0,0,13,0,0,0,0,0,0,0,0,0,58
TXN0001161,2024-01-15T12:15:00,14,M0185,Food,high,C00846,300,16,7520,0.1088,4149.52,upi,Yes,582402,12,0,0,0,0,0,0,0,0,0,0,0,0,59
TXN0001162,2024-01-15T10:13:00,14,M0184,Logistics,high,C00227,197,11,1422,0.0498,7046.93,upi,Axis,495741,10,0,0,0,1,2,1,0,0,0,1,1,0,31
TXN0001163,2024-01-15T02:01:00,14,M0167,SaaS,low,C01065,288,10,5394,0.1014,1553.96,upi,Kotak,480139,2,0,0,0,0,1,0,0,0,0,1,1,0,22
TXN0001164,2024-01-15T09:16:00,14,M0027,Services,high,C00860,135,18,4293,0.257,11477.39,card,Yes,443969,9,0,0,10,0,2,0,0,0,1,0,0,0,59
TXN0001165,2024-01-15T12:07:00,14,M0198,Food,mid,C00739,126,20,6687,0.0675,3778.85,netbanking,Yes,421640,12,0,0,0,1,1,0,0,0,0,0,0,0,51
TXN0001166,2024-01-15T09:53:00,14,M0149,Services,low,C00137,101,11,7563,0.169,13018.71,upi,Yes,444531,9,0,0,0,0,1,0,0,0,1,0,0,1,68
TXN0001167,2024-01-15T10:31:00,14,M0188,Logistics,mid,C01077,24,1,1382,0.0444,6208.08,wallet,Canara,411400,10,0,0,0,0,0,0,0,0,0,0,0,0,60
TXN0001168,2024-01-15T22:57:00,14,M0058,B2B,low,C00867,176,15,2934,0.1788,22974.92,upi,Canara,526761,22,0,0,0,0,1,0,1,0,1,1,1,0,52
TXN0001169,2024-01-15T04:15:00,14,M0126,B2B,low,C00494,209,16,3846,0.0782,5001.32,netbanking,Yes,526204,4,0,0,0,0,1,0,0,0,1,0,0,0,34
TXN0001170,2024-01-15T21:55:00,14,M0073,SaaS,high,C01326,15,3,1882,0.0626,793.12,wallet,PNB,536595,21,0,0,0,0,1,0,0,0,1,0,0,0,34
TXN0001171,2024-01-15T19:43:00,14,M0190,Services,low,C00958,823,62,15895,0.0317,5348.28,wallet,Kotak,506779,19,0,0,0,0,0,0,0,0,0,0,0,0,68
TXN0001172,2024-01-15T20:04:00,14,M0094,SaaS,high,C00642,294,16,1731,0.1075,751.62,wallet,ICICI,555571,20,0,0,0,0,0,0,0,0,0,0,0,0,53
TXN0001173,2024-01-15T17:19:00,14,M0181,Food,high,C00879,15,1,1779,0.1522,2748.12,wallet,Axis,422354,17,0,0,0,0,0,0,0,0,0,0,0,0,15
TXN0001174,2024-01-15T17:24:00,14,M0088,Food,low,C00331,24,2,1825,0.0553,1304.92,upi,SBI,526530,17,0,0,0,0,0,0,0,0,0,0,0,1,57
TXN0001175,2024-01-15T22:48:00,14,M0196,Retail,low,C00020,162,12,2208,0.21,1219.63,netbanking,Axis,501792,22,0,0,0,0,0,0,0,1,0,1,1,0,23
TXN0001176,2024-01-15T12:41:00,14,M0049,Services,mid,C00024,184,12,3249,0.0951,2942.32,netbanking,HDFC,586105,12,0,0,0,0,0,0,0,0,0,0,0,1,22
TXN0001177,2024-01-15T17:19:00,14,M0120,Food,low,C00416,120,7,4760,0.1133,1837.92,card,HDFC,463657,17,0,0,0,1,2,0,0,0,0,0,0,0,55
TXN0001178,2024-01-15T13:26:00,14,M0109,Services,low,C01377,16,3,1214,0.1358,3894.26,card,ICICI,522324,13,0,0,0,0,0,0,0,0,0,0,0,0,63
TXN0001179,2024-01-15T09:41:00,14,M0053,Retail,low,C01305,226,19,4107,0.0527,2754.08,netbanking,HDFC,450461,9,0,0,0,0,0,0,0,0,0,0,0,0,51
TXN0001180,2024-01-15T10:01:00,14,M0012,Food,low,C01468,266,20,7538,0.0121,1531.07,netbanking,SBI,580688,10,0,0,0,0,1,0,0,0,0,0,0,0,38
TXN0001181,2024-01-15T19:53:00,14,M0115,Services,high,C00200,274,10,1297,0.0557,2727.13,netbanking,SBI,474459,19,0,0,0,0,1,0,0,0,0,0,0,0,62
TXN0001182,2024-01-15T18:38:00,14,M0138,Services,mid,C01236,957,100,4823,0.0537,2101.56,netbanking,ICICI,472492,18,0,0,0,0,0,0,0,0,0,1,1,0,38
TXN0001183,2024-01-15T06:54:00,14,M0068,B2B,low,C01176,13,4,908,0.0867,11346.32,netbanking,Kotak,585711,6,0,0,0,0,0,0,0,0,0,0,0,1,13
TXN0001184,2024-01-15T14:18:00,14,M0033,Logistics,low,C01152,17,2,1212,0.0396,2012.97,card,PNB,489983,14,0,0,0,1,2,0,0,0,1,0,0,1,59
TXN0001185,2024-01-15T17:47:00,14,M0008,Retail,low,C01448,213,20,3457,0.0779,4915.52,card,PNB,404001,17,0,0,0,0,0,0,0,0,0,0,0,0,30
TXN0001186,2024-01-15T11:35:00,14,M0022,Retail,low,C00315,14,2,1450,0.0587,2284.56,upi,Axis,566169,11,0,0,0,0,0,0,0,0,0,0,0,0,47
TXN0001187,2024-01-15T19:27:00,14,M0025,Food,mid,C00136,918,106,18128,0.0252,10884.13,netbanking,PNB,526618,19,0,0,0,0,0,0,0,1,0,0,0,0,49
TXN0001188,2024-01-15T19:31:00,14,M0161,Services,mid,C01426,201,11,7965,0.1505,2422.03,card,ICICI,502883,19,0,0,0,0,0,0,0,0,0,0,0,0,49
TXN0001189,2024-01-15T14:34:00,14,M0190,Services,low,C00699,115,19,2458,0.0619,1974.53,netbanking,Axis,424777,14,0,0,0,0,2,0,0,0,0,0,0,0,23
TXN0001190,2024-01-15T13:32:00,14,M0108,Food,high,C00859,229,9,5706,0.017,1921.7,wallet,HDFC,410717,13,0,0,0,0,0,0,0,0,0,0,0,0,54
TXN0001191,2024-01-15T21:16:00,14,M0014,Logistics,high,C00071,14,4,804,0.0899,7111.41,upi,Kotak,427429,21,0,0,0,0,1,0,0,0,0,0,0,1,32
TXN0001192,2024-01-15T07:12:00,14,M0147,SaaS,mid,C00774,781,76,14008,0.0117,7568.11,upi,HDFC,451463,7,0,0,0,0,0,0,0,0,0,0,0,0,67
TXN0001193,2024-01-15T14:04:00,14,M0191,Logistics,high,C00029,264,17,6932,0.0507,12071.59,wallet,PNB,522751,14,0,0,0,0,0,0,0,0,0,0,0,0,52
TXN0001194,2024-01-15T21:57:00,14,M0099,B2B,low,C00338,744,95,21600,0.0159,69650.0,wallet,Axis,539920,21,0,0,0,1,2,1,0,0,1,1,1,0,56
TXN0001195,2024-01-15T16:36:00,14,M0167,SaaS,low,C00398,5,2,752,0.1093,647.5,upi,Canara,432088,16,0,0,0,0,0,0,0,0,0,0,0,1,17
TXN0001196,2024-01-15T20:04:00,14,M0141,Logistics,low,C00667,24,2,1269,0.1222,4898.17,card,HDFC,459682,20,0,0,0,0,1,0,0,0,1,0,0,0,40
TXN0001197,2024-01-15T15:58:00,14,M0081,Logistics,high,C00896,126,19,3236,0.055,6305.81,netbanking,Canara,573641,15,0,0,0,0,0,0,0,0,0,0,0,0,33
TXN0001198,2024-01-15T13:16:00,14,M0192,B2B,mid,C00953,11,2,921,0.0534,5565.23,netbanking,SBI,484708,13,0,0,0,1,1,0,0,0,0,0,0,0,65
TXN0001199,2024-01-15T07:59:00,14,M0154,Retail,low,C01174,13,1,894,0.1125,2834.7,netbanking,PNB,529615,7,0,0,0,0,2,0,0,0,0,0,0,0,15
TXN0001200,2024-01-15T14:32:00,14,M0169,Food,low,C00847,82,20,2057,0.0392,4380.99,wallet,HDFC,465175,14,0,0,0,0,1,0,0,0,1,0,0,0,59
TXN0001201,2024-01-15T08:34:00,14,M0088,Food,low,C00771,123,12,6309,0.0529,2375.19,netbanking,Canara,539058,8,0,0,0,0,1,0,0,0,0,0,0,0,37
TXN0001202,2024-01-15T08:10:00,14,M0049,Services,mid,C01096,246,10,6304,0.0403,6336.44,card,PNB,552044,8,0,0,0,0,2,0,0,0,0,0,0,0,28
TXN0001203,2024-01-15T20:13:00,14,M0123,Logistics,high,C00855,10,1,1044,0.075,10617.36,wallet,ICICI,549631,20,0,0,0,0,1,1,0,0,1,0,1,1,19
TXN0001204,2024-01-15T10:49:00,14,M0156,Services,mid,C00317,15,1,1846,0.0784,1234.94,wallet,SBI,491361,10,0,0,0,0,0,0,0,0,0,0,0,0,67
TXN0001205,2024-01-15T10:17:00,14,M0187,SaaS,high,C00194,804,87,4378,0.0061,5408.37,card,Yes,505470,10,0,0,0,0,0,0,0,0,1,0,0,1,70
TXN0001206,2024-01-15T10:19:00,14,M0040,SaaS,mid,C01034,206,20,3242,0.1247,1119.91,wallet,SBI,424216,10,0,0,0,0,1,1,0,0,0,0,1,0,62
TXN0001207,2024-01-15T14:58:00,14,M0093,SaaS,mid,C00122,285,15,6138,0.0613,3782.59,upi,SBI,494765,14,0,0,14,0,2,0,0,0,1,0,0,0,50
TXN0001208,2024-01-15T20:13:00,14,M0166,SaaS,mid,C01310,784,79,24837,0.0081,8670.69,upi,Canara,441339,20,0,0,0,0,1,1,0,0,0,1,1,0,21
TXN0001209,2024-01-15T20:19:00,14,M0131,Logistics,high,C00029,264,17,6932,0.0507,7778.93,card,HDFC,459962,20,0,0,9,1,1,0,0,0,1,0,0,0,72
TXN0001210,2024-01-15T11:11:00,14,M0176,SaaS,low,C00200,274,10,1297,0.0557,1074.15,wallet,SBI,442687,11,0,0,1,1,2,0,0,0,0,0,0,0,60
TXN0001211,2024-01-15T17:49:00,14,M0026,Retail,high,C01298,215,13,7519,0.0801,4633.66,upi,Canara,468641,17,0,0,0,0,0,1,0,0,0,1,1,0,44
TXN0001212,2024-01-15T20:17:00,14,M0162,Services,high,C01278,877,118,18188,0.0099,5437.94,wallet,Axis,438666,20,0,0,0,0,0,1,0,0,0,1,1,0,15
TXN0001213,2024-01-15T11:47:00,14,M0045,Food,high,C01399,25,1,1736,0.1858,2452.75,upi,SBI,463932,11,0,0,0,0,0,0,0,0,1,0,0,0,34
TXN0001214,2024-01-15T06:34:00,14,M0163,Logistics,high,C00062,23,4,1800,0.1931,15599.12,upi,SBI,547562,6,0,0,0,0,0,0,0,0,0,0,0,1,56
TXN0001215,2024-01-15T08:52:00,14,M0042,Logistics,mid,C00599,124,5,4757,0.0733,18370.21,netbanking,SBI,429009,8,0,0,0,0,0,0,0,0,0,1,1,0,47
TXN0001216,2024-01-15T22:54:00,14,M0000,Logistics,low,C00246,158,9,7475,0.1369,12828.84,upi,Axis,557492,22,0,0,0,0,0,1,0,0,1,1,1,0,64
TXN0001217,2024-01-15T08:16:00,14,M0176,SaaS,low,C00345,5,4,1662,0.0094,836.56,card,Canara,568390,8,0,0,0,0,1,0,0,0,1,0,0,0,50
TXN0001218,2024-01-15T14:22:00,14,M0149,Services,low,C01212,15,4,1504,0.1759,539.72,card,SBI,554870,14,0,0,0,0,0,1,0,0,0,1,1,0,63
TXN0001219,2024-01-15T19:42:00,14,M0005,Logistics,high,C00681,6,3,1976,0.0131,4163.56,wallet,Kotak,475743,19,0,0,0,0,0,0,0,0,0,0,0,0,26
TXN0001220,2024-01-15T13:16:00,14,M0145,SaaS,low,C00219,7,1,1716,0.0124,2118.62,netbanking,PNB,486390,13,0,0,0,0,1,1,0,0,0,1,1,0,25
TXN0001221,2024-01-15T11:00:00,14,M0122,Retail,low,C00601,218,11,1400,0.0448,4007.68,upi,HDFC,450583,11,0,0,0,0,0,0,0,0,0,0,0,1,44
TXN0001222,2024-01-15T18:43:00,14,M0163,Logistics,high,C00315,14,2,1450,0.0587,2896.27,netbanking,Canara,515646,18,0,0,0,1,1,0,0,0,0,0,0,0,39
TXN0001223,2024-01-15T05:42:00,14,M0107,SaaS,mid,C01148,288,11,1637,0.1877,868.29,card,Canara,501049,5,0,0,0,0,0,0,0,0,1,0,0,0,65
TXN0001224,2024-01-15T09:39:00,14,M0131,Logistics,high,C00471,90,12,4396,0.1901,13594.46,netbanking,Axis,447406,9,0,0,0,0,0,0,0,0,0,1,1,0,41
TXN0001225,2024-01-15T15:53:00,14,M0060,Services,high,C00594,111,19,1738,0.0355,850.42,upi,PNB,520277,15,0,0,0,0,0,0,0,0,0,0,0,0,35
TXN0001226,2024-01-15T09:24:00,14,M0099,B2B,low,C00688,102,19,2995,0.0255,99664.38,card,PNB,541933,9,0,0,0,0,1,0,0,0,0,1,1,0,18
TXN0001227,2024-01-15T13:56:00,14,M0013,Logistics,high,C01062,298,6,4793,0.2582,29308.82,wallet,Canara,417918,13,0,0,0,0,0,0,0,0,0,1,1,0,71
TXN0001228,2024-01-15T12:14:00,14,M0147,SaaS,mid,C01204,24,4,1562,0.0722,754.57,upi,SBI,500934,12,0,0,0,0,0,0,0,0,0,0,0,1,22
TXN0001229,2024-01-15T18:53:00,14,M0140,Logistics,high,C00136,918,106,18128,0.0252,17658.26,upi,PNB,406771,18,0,0,1,1,1,0,0,0,1,0,0,0,58
TXN0001230,2024-01-15T10:23:00,14,M0178,Logistics,low,C00712,22,1,1648,0.1887,12608.35,wallet,Canara,405714,10,0,0,0,0,1,0,0,0,1,0,0,1,60
TXN0001231,2024-01-15T19:17:00,14,M0159,Services,low,C00523,973,109,20713,0.0508,5079.15,wallet,HDFC,439058,19,0,0,0,0,1,1,0,0,0,1,1,0,19
TXN0001232,2024-01-15T11:47:00,14,M0013,Logistics,high,C01488,807,73,14962,0.0496,17082.5,wallet,SBI,498260,11,0,0,0,0,1,0,0,0,0,0,0,0,70
TXN0001233,2024-01-15T11:52:00,14,M0152,Retail,high,C00983,18,2,1740,0.0518,6003.03,card,Canara,417544,11,0,0,0,0,0,0,0,0,0,0,0,0,32
TXN0001234,2024-01-15T16:37:00,14,M0048,SaaS,mid,C01202,22,1,1225,0.0785,1626.99,upi,Canara,475884,16,0,0,0,0,0,0,1,0,0,1,1,0,28
TXN0001235,2024-01-15T08:06:00,14,M0015,Services,low,C00323,257,11,4702,0.0794,2156.59,wallet,ICICI,515101,8,0,0,0,0,2,0,0,0,0,0,0,0,32
TXN0001236,2024-01-15T08:46:00,14,M0002,B2B,low,C00840,273,17,1417,0.0485,7804.45,wallet,Canara,504238,8,0,0,0,0,0,1,0,0,0,1,1,0,66
TXN0001237,2024-01-15T09:04:00,14,M0112,Logistics,mid,C00070,765,85,16596,0.0072,9005.44,upi,Kotak,500650,9,0,0,0,0,1,0,0,0,0,0,0,0,44
TXN0001238,2024-01-15T20:20:00,14,M0040,SaaS,mid,C01338,7,2,1332,0.074,1551.48,wallet,Axis,424535,20,0,0,0,0,1,0,0,0,1,0,0,0,61
TXN0001239,2024-01-15T11:27:00,14,M0172,Food,mid,C00113,166,13,2765,0.0701,5510.12,wallet,Kotak,458000,11,0,0,0,0,0,0,0,0,0,0,0,0,72
TXN0001240,2024-01-15T16:23:00,14,M0128,B2B,high,C00889,6,3,1451,0.1657,51563.45,wallet,PNB,477755,16,0,0,0,0,0,1,0,0,0,1,1,0,20
TXN0001241,2024-01-16T23:22:00,15,M0028,Retail,mid,C00645,181,9,2541,0.1108,1250.86,netbanking,Kotak,424277,23,1,0,0,0,0,0,0,0,1,0,0,0,71
TXN0001242,2024-01-16T17:37:00,15,M0172,Food,mid,C01201,825,84,3936,0.0126,4185.91,card,Yes,574459,17,1,0,0,0,0,0,0,0,0,0,0,1,42
TXN0001243,2024-01-16T22:04:00,15,M0194,Retail,mid,C01202,22,1,1225,0.0785,3724.89,netbanking,Yes,538925,22,1,0,8,0,1,0,0,0,0,0,0,0,51
TXN0001244,2024-01-16T21:26:00,15,M0126,B2B,low,C00866,21,3,753,0.0237,28437.28,wallet,Yes,465080,21,1,0,0,0,0,0,0,0,1,1,1,0,66
TXN0001245,2024-01-16T07:37:00,15,M0172,Food,mid,C00535,199,20,2487,0.0332,697.82,netbanking,ICICI,435588,7,1,0,0,0,0,1,0,0,0,0,1,0,43
TXN0001246,2024-01-16T13:01:00,15,M0193,B2B,low,C01231,995,108,4780,0.002,9660.19,card,Axis,474087,13,1,0,7,0,0,0,0,0,1,0,0,0,14
TXN0001247,2024-01-16T15:46:00,15,M0141,Logistics,low,C00230,19,3,1131,0.0522,11201.61,wallet,Kotak,509581,15,1,0,0,0,1,0,0,0,1,0,0,1,52
TXN0001248,2024-01-16T17:46:00,15,M0019,Services,mid,C00329,755,71,21805,0.0102,8365.66,netbanking,Yes,556976,17,1,0,0,0,0,0,0,0,1,0,0,0,12
TXN0001249,2024-01-16T12:26:00,15,M0148,SaaS,mid,C00304,220,18,4469,0.1126,3870.23,upi,Axis,405950,12,1,0,0,0,0,0,0,0,0,0,0,0,34
TXN0001250,2024-01-16T16:25:00,15,M0014,Logistics,high,C00620,957,114,3817,0.0332,5446.06,card,SBI,459273,16,1,0,0,0,0,0,0,0,0,0,0,0,29
TXN0001251,2024-01-16T06:11:00,15,M0186,B2B,mid,C01131,246,15,4665,0.1882,49972.45,wallet,ICICI,532116,6,1,0,0,0,1,0,0,0,0,1,1,0,66
TXN0001252,2024-01-16T22:33:00,15,M0129,Services,low,C00409,6,2,712,0.0617,2361.87,upi,SBI,403978,22,1,0,0,0,0,0,0,0,0,0,0,0,36
TXN0001253,2024-01-16T15:51:00,15,M0156,Services,mid,C00401,167,8,5190,0.0369,1617.74,netbanking,ICICI,539571,15,1,0,0,0,0,0,0,0,0,0,0,0,57
TXN0001254,2024-01-16T18:02:00,15,M0192,B2B,mid,C00705,160,20,7633,0.1856,24546.13,upi,Canara,530320,18,1,0,0,0,1,0,0,0,0,1,1,0,38
TXN0001255,2024-01-16T01:47:00,15,M0033,Logistics,low,C01155,18,3,1937,0.0906,1737.75,netbanking,Axis,562866,1,1,0,0,0,0,0,0,0,0,1,1,0,23
TXN0001256,2024-01-16T19:47:00,15,M0061,Services,low,C01434,25,1,1438,0.0566,1085.63,card,HDFC,586759,19,1,0,0,0,0,0,0,0,1,0,0,0,67
TXN0001257,2024-01-16T19:11:00,15,M0015,Services,low,C00604,289,17,7719,0.0208,2074.22,netbanking,SBI,434930,19,1,0,0,0,0,0,0,0,0,0,0,0,72
TXN0001258,2024-01-16T20:31:00,15,M0157,SaaS,mid,C00265,207,12,4651,0.0618,1898.91,netbanking,SBI,424440,20,1,0,0,0,0,0,0,0,0,0,0,0,45
TXN0001259,2024-01-16T14:25:00,15,M0079,Retail,high,C00884,81,15,4291,0.1355,2600.16,wallet,Yes,580371,14,1,0,0,0,1,0,0,0,0,0,0,0,61
TXN0001260,2024-01-16T14:28:00,15,M0143,Logistics,mid,C00505,18,4,1607,0.0104,6324.07,card,Yes,463267,14,1,0,0,0,0,1,0,0,0,1,1,0,21
TXN0001261,2024-01-16T17:45:00,15,M0081,Logistics,high,C00635,196,19,4283,0.129,5056.22,card,PNB,595636,17,1,0,14,0,0,0,0,0,0,0,0,0,67
TXN0001262,2024-01-16T15:50:00,15,M0146,Food,mid,C00666,124,11,1278,0.1892,1233.74,upi,ICICI,562207,15,1,0,0,0,1,0,0,0,1,0,0,0,43
TXN0001263,2024-01-16T13:50:00,15,M0146,Food,mid,C00865,5,3,994,0.0664,285.01,wallet,SBI,435427,13,1,0,0,0,0,0,0,0,0,0,0,1,53
TXN0001264,2024-01-16T09:32:00,15,M0031,Food,mid,C00047,8,2,892,0.0391,1176.26,upi,PNB,516733,9,1,0,0,0,2,0,0,0,0,0,0,1,54
TXN0001265,2024-01-16T09:22:00,15,M0003,SaaS,low,C01359,892,117,5562,0.035,3420.45,wallet,PNB,491637,9,1,0,0,0,0,0,0,0,1,0,0,0,31
TXN0001266,2024-01-16T14:09:00,15,M0132,Food,mid,C00406,233,15,4489,0.2614,1972.86,wallet,Canara,497816,14,1,0,0,0,0,1,0,0,0,1,1,0,43
TXN0001267,2024-01-16T19:24:00,15,M0113,Services,high,C00435,845,97,22280,0.0149,5117.94,upi,Kotak,585823,19,1,0,0,0,0,0,0,0,0,1,1,0,17
TXN0001268,2024-01-16T15:43:00,15,M0065,B2B,high,C00002,22,2,1057,0.0607,21720.61,wallet,PNB,558399,15,1,0,10,0,0,0,0,0,0,0,0,0,29
TXN0001269,2024-01-16T18:10:00,15,M0121,Food,low,C00310,19,3,613,0.0983,1137.23,card,PNB,550161,18,1,0,0,0,0,0,0,0,1,0,0,0,35
TXN0001270,2024-01-16T11:13:00,15,M0083,B2B,low,C01089,837,118,6807,0.0,20945.08,netbanking,Canara,501189,11,1,0,0,0,0,1,0,0,0,1,1,0,59
TXN0001271,2024-01-16T09:44:00,15,M0173,Food,high,C00147,17,3,1019,0.2216,538.21,netbanking,PNB,582985,9,1,0,0,0,0,0,0,0,1,0,0,0,67
TXN0001272,2024-01-16T15:21:00,15,M0195,Food,high,C00078,122,18,5636,0.166,3525.68,upi,Yes,577949,15,1,0,0,0,0,0,0,0,1,0,0,0,40
TXN0001273,2024-01-16T20:06:00,15,M0130,Food,low,C00946,172,19,7987,0.0982,2284.26,card,PNB,495653,20,1,0,0,0,0,0,0,0,0,0,0,0,52
TXN0001274,2024-01-16T11:29:00,15,M0041,B2B,low,C01219,19,3,1090,0.1517,10866.63,wallet,ICICI,447748,11,1,0,0,0,0,1,0,0,0,1,1,0,36
TXN0001275,2024-01-16T17:11:00,15,M0155,SaaS,mid,C01231,995,108,4780,0.002,5767.91,wallet,Axis,523460,17,1,0,0,1,1,0,0,0,0,0,0,0,22
TXN0001276,2024-01-16T14:04:00,15,M0016,Services,high,C00511,261,20,3457,0.0646,2999.81,netbanking,PNB,597365,14,1,0,0,0,0,0,0,0,0,0,0,0,70
TXN0001277,2024-01-16T09:23:00,15,M0093,SaaS,mid,C00688,102,19,2995,0.0255,2251.27,card,SBI,543376,9,1,0,0,1,2,0,0,0,0,0,0,0,50
TXN0001278,2024-01-16T19:33:00,15,M0057,Food,high,C00482,125,11,1044,0.1372,776.21,netbanking,Canara,469751,19,1,0,0,0,0,0,0,0,0,0,0,0,32
TXN0001279,2024-01-16T21:07:00,15,M0008,Retail,low,C00931,17,3,1151,0.1314,617.57,netbanking,HDFC,595867,21,1,0,0,0,0,0,0,0,0,0,0,1,53
TXN0001280,2024-01-16T14:41:00,15,M0003,SaaS,low,C00655,24,1,1087,0.1257,1183.52,wallet,PNB,450819,14,1,0,9,0,0,0,0,0,0,0,0,0,30
TXN0001281,2024-01-16T10:28:00,15,M0099,B2B,low,C00676,205,16,3731,0.1246,17345.58,wallet,SBI,531595,10,1,0,0,0,2,0,0,0,0,0,0,0,34
TXN0001282,2024-01-16T14:40:00,15,M0000,Logistics,low,C00371,246,18,5955,0.1486,6966.7,upi,Kotak,524056,14,1,0,0,0,0,0,0,0,0,1,1,0,51
TXN0001283,2024-01-16T06:22:00,15,M0122,Retail,low,C01313,19,3,724,0.1902,1743.44,upi,Canara,596968,6,1,0,0,0,0,0,0,0,0,0,0,0,26
TXN0001284,2024-01-16T16:33:00,15,M0099,B2B,low,C00892,96,16,5427,0.0698,17583.44,upi,Kotak,468798,16,1,0,0,0,0,0,0,0,0,0,0,0,50
TXN0001285,2024-01-16T14:11:00,15,M0099,B2B,low,C00132,64,16,3530,0.0483,42889.86,card,Axis,533061,14,1,0,0,0,0,0,0,0,0,1,1,0,35
TXN0001286,2024-01-16T14:33:00,15,M0098,Retail,mid,C00148,86,15,2092,0.0132,884.51,upi,HDFC,484852,14,1,0,0,0,0,0,0,0,0,0,0,0,34
TXN0001287,2024-01-16T14:18:00,15,M0189,SaaS,mid,C00232,9,1,1034,0.0886,1008.03,wallet,ICICI,435318,14,1,0,0,0,1,0,1,0,1,1,1,0,72
TXN0001288,2024-01-16T20:12:00,15,M0014,Logistics,high,C00832,105,10,7905,0.0538,9271.31,card,SBI,591427,20,1,0,0,0,0,0,0,0,0,0,0,0,70
TXN0001289,2024-01-16T15:40:00,15,M0000,Logistics,low,C01075,73,14,1901,0.0584,8283.5,wallet,Canara,457538,15,1,0,0,0,0,0,0,0,0,0,0,0,58
TXN0001290,2024-01-16T14:42:00,15,M0063,SaaS,high,C00895,131,18,2727,0.1277,3594.94,netbanking,HDFC,516310,14,1,0,0,0,0,0,0,0,0,0,0,0,22
TXN0001291,2024-01-16T17:44:00,15,M0156,Services,mid,C01493,217,8,4914,0.0859,13137.86,netbanking,PNB,531039,17,1,0,0,0,1,0,0,0,0,0,0,0,32
TXN0001292,2024-01-16T17:50:00,15,M0052,Logistics,mid,C01196,22,2,1850,0.1106,10598.79,netbanking,HDFC,529720,17,1,0,0,0,0,0,0,0,0,0,0,0,24
TXN0001293,2024-01-16T17:21:00,15,M0176,SaaS,low,C01127,140,17,6944,0.0594,6689.13,netbanking,ICICI,449776,17,1,0,0,0,0,0,0,0,0,0,0,0,38
TXN0001294,2024-01-16T09:28:00,15,M0114,Logistics,mid,C00372,254,16,7725,0.0291,5863.76,card,ICICI,475703,9,1,0,0,0,0,0,0,0,0,0,0,0,22
TXN0001295,2024-01-16T09:55:00,15,M0079,Retail,high,C00172,224,14,4956,0.0526,2711.52,card,PNB,535237,9,1,0,0,0,1,0,0,0,0,0,0,0,22
TXN0001296,2024-01-16T11:59:00,15,M0050,Logistics,high,C01097,108,7,2175,0.0156,7293.82,upi,HDFC,483480,11,1,0,0,0,0,0,0,0,0,0,0,0,54
TXN0001297,2024-01-16T08:44:00,15,M0113,Services,high,C00985,254,9,7714,0.2233,11239.69,card,Axis,489813,8,1,0,14,0,0,0,0,0,1,0,0,0,35
TXN0001298,2024-01-16T08:07:00,15,M0120,Food,low,C01288,155,18,1584,0.1572,555.85,upi,ICICI,512229,8,1,0,0,0,0,0,1,0,0,0,1,0,17
TXN0001299,2024-01-16T12:14:00,15,M0087,Logistics,mid,C01300,781,66,4116,0.0443,7654.19,netbanking,Kotak,408891,12,1,0,1,0,0,0,0,0,0,1,1,0,20
TXN0001300,2024-01-16T20:39:00,15,M0033,Logistics,low,C01282,19,1,1400,0.0645,7887.16,upi,Axis,571813,20,1,0,0,0,0,0,0,0,0,0,0,0,37
TXN0001301,2024-01-16T11:49:00,15,M0074,Services,high,C00997,227,14,7005,0.0973,3370.94,card,Kotak,471341,11,1,0,0,0,0,0,0,0,0,0,0,0,51
TXN0001302,2024-01-16T16:02:00,15,M0161,Services,mid,C01454,216,11,5677,0.16,3326.26,wallet,Canara,565666,16,1,0,0,0,0,0,0,0,0,1,1,0,31
TXN0001303,2024-01-16T12:36:00,15,M0002,B2B,low,C01407,25,1,1282,0.1029,25246.94,upi,PNB,506505,12,1,0,0,0,0,0,0,0,0,1,1,0,18
TXN0001304,2024-01-16T10:38:00,15,M0057,Food,high,C00036,243,11,1622,0.1295,574.91,wallet,Axis,429282,10,1,0,0,0,0,0,0,0,0,0,0,0,38
TXN0001305,2024-01-16T12:11:00,15,M0027,Services,high,C00260,765,102,19361,0.0032,9853.6,netbanking,Yes,409732,12,1,0,0,0,0,0,0,0,0,0,0,0,53
TXN0001306,2024-01-16T20:41:00,15,M0129,Services,low,C01263,11,4,1896,0.0942,3759.11,netbanking,Kotak,517387,20,1,0,0,0,0,0,0,0,0,0,0,0,14
TXN0001307,2024-01-16T12:18:00,15,M0067,Food,mid,C00537,11,4,1296,0.1487,1618.61,netbanking,ICICI,572978,12,1,0,0,0,0,0,0,0,0,0,0,0,68
TXN0001308,2024-01-16T13:53:00,15,M0029,Retail,high,C00448,10,3,1642,0.0153,2242.71,card,Kotak,445513,13,1,0,0,0,0,1,0,0,0,1,1,0,12
TXN0001309,2024-01-16T10:16:00,15,M0180,Food,low,C00995,165,7,1895,0.1327,672.87,wallet,ICICI,546010,10,1,0,0,0,0,0,0,0,0,0,0,0,39
TXN0001310,2024-01-16T09:07:00,15,M0184,Logistics,high,C00312,117,15,3033,0.0879,13864.05,card,Canara,488937,9,1,0,0,0,0,0,0,1,0,0,0,0,46
TXN0001311,2024-01-16T08:00:00,15,M0128,B2B,high,C01307,948,86,13577,0.0086,40311.61,card,Axis,528113,8,1,0,0,0,0,0,0,0,1,1,1,0,62
TXN0001312,2024-01-16T09:09:00,15,M0063,SaaS,high,C00310,19,3,613,0.0983,808.76,upi,Kotak,599836,9,1,0,1,1,1,0,0,0,0,0,0,0,52
TXN0001313,2024-01-16T08:36:00,15,M0180,Food,low,C00937,921,82,21040,0.0016,20386.48,wallet,PNB,532286,8,1,0,0,0,0,0,0,0,0,0,0,0,68
TXN0001314,2024-01-16T12:28:00,15,M0001,Retail,high,C01406,854,117,21647,0.0155,9005.42,wallet,HDFC,489533,12,1,0,0,0,1,0,0,0,1,0,0,0,25
TXN0001315,2024-01-16T07:20:00,15,M0141,Logistics,low,C01393,160,7,3841,0.0843,9836.28,wallet,SBI,540966,7,1,0,0,0,0,0,0,0,1,0,0,0,50
TXN0001316,2024-01-16T21:41:00,15,M0056,Retail,low,C01025,160,7,5324,0.1057,4304.51,netbanking,Canara,464505,21,1,0,0,0,0,0,0,0,1,0,0,0,32
TXN0001317,2024-01-16T12:32:00,15,M0148,SaaS,mid,C00172,224,14,4956,0.0526,1395.08,card,Kotak,529618,12,1,0,0,1,2,0,0,0,0,0,0,0,21
TXN0001318,2024-01-16T17:55:00,15,M0086,Retail,high,C00214,16,1,1608,0.0371,2819.0,netbanking,HDFC,420286,17,1,0,0,0,0,0,0,0,0,0,0,1,51
TXN0001319,2024-01-16T13:02:00,15,M0148,SaaS,mid,C01016,260,18,7622,0.0549,1666.07,card,PNB,544793,13,1,0,0,0,0,0,0,0,0,0,0,0,71
TXN0001320,2024-01-16T08:33:00,15,M0172,Food,mid,C00335,74,20,5337,0.0794,7420.84,card,HDFC,413644,8,1,0,0,0,1,0,0,0,0,1,1,0,54
TXN0001321,2024-01-16T00:11:00,15,M0100,Retail,low,C00362,805,65,17714,0.0025,9058.5,card,ICICI,460564,0,1,0,0,0,1,0,0,0,1,0,0,0,19
TXN0001322,2024-01-16T12:43:00,15,M0084,B2B,mid,C00356,182,11,1794,0.0139,16512.68,netbanking,Canara,496423,12,1,0,0,0,2,0,0,0,0,0,0,0,44
TXN0001323,2024-01-16T09:34:00,15,M0137,B2B,mid,C00822,175,15,6992,0.2517,41302.28,wallet,Axis,504800,9,1,0,0,0,0,0,1,0,0,1,1,0,45
TXN0001324,2024-01-16T15:23:00,15,M0061,Services,low,C00979,877,53,10504,0.0387,12136.55,wallet,HDFC,561761,15,1,0,0,0,1,0,0,0,0,1,1,0,19
TXN0001325,2024-01-16T23:45:00,15,M0113,Services,high,C00296,15,3,1112,0.0281,8384.3,upi,Kotak,506353,23,1,0,0,0,0,0,0,0,0,0,0,1,55
TXN0001326,2024-01-16T06:24:00,15,M0051,Food,low,C00427,24,3,1936,0.0865,474.42,card,Axis,427630,6,1,0,0,0,0,0,0,1,0,0,0,0,56
TXN0001327,2024-01-16T10:58:00,15,M0114,Logistics,mid,C00247,904,100,13694,0.0007,18447.42,upi,HDFC,401488,10,1,0,0,0,0,1,0,0,0,1,1,0,33
TXN0001328,2024-01-16T11:51:00,15,M0105,SaaS,high,C00903,25,4,727,0.0815,1436.92,upi,SBI,584687,11,1,0,0,0,0,0,0,0,0,0,0,0,45
TXN0001329,2024-01-16T11:20:00,15,M0193,B2B,low,C00770,156,16,7278,0.0295,25518.34,netbanking,HDFC,496261,11,1,0,0,0,0,1,0,0,0,1,1,0,24
TXN0001330,2024-01-16T15:39:00,15,M0038,B2B,mid,C00263,223,7,1895,0.1805,117506.6,netbanking,Canara,537006,15,1,0,0,0,1,0,0,0,0,1,1,0,71
TXN0001331,2024-01-16T19:35:00,15,M0134,Services,low,C01218,166,13,3533,0.0365,5027.47,netbanking,Kotak,495488,19,1,0,0,0,1,0,0,0,0,0,0,0,40
TXN0001332,2024-01-17T21:30:00,16,M0019,Services,mid,C01377,16,3,1214,0.1358,5273.28,netbanking,HDFC,542278,21,2,0,0,0,1,0,0,0,0,0,0,0,12
TXN0001333,2024-01-17T06:01:00,16,M0049,Services,mid,C00520,972,120,4763,0.0006,3882.17,upi,Canara,442554,6,2,0,0,0,0,0,0,0,1,0,0,0,32
TXN0001334,2024-01-17T05:04:00,16,M0120,Food,low,C01202,22,1,1225,0.0785,933.35,card,Kotak,419692,5,2,0,13,1,2,0,0,0,0,0,0,1,25
TXN0001335,2024-01-17T19:16:00,16,M0069,SaaS,high,C01410,23,4,940,0.1409,4144.77,upi,PNB,477031,19,2,0,0,0,0,0,0,0,1,0,0,1,17
TXN0001336,2024-01-17T13:38:00,16,M0108,Food,high,C01046,18,4,553,0.0474,521.88,wallet,Kotak,511329,13,2,0,0,0,0,0,0,0,1,0,0,1,71
TXN0001337,2024-01-17T00:02:00,16,M0059,Logistics,mid,C00201,734,88,21610,0.0185,5858.28,netbanking,PNB,594728,0,2,0,0,0,1,0,0,0,1,0,0,0,18
TXN0001338,2024-01-17T15:34:00,16,M0193,B2B,low,C01400,276,16,1914,0.1717,32341.54,netbanking,ICICI,582321,15,2,0,0,0,0,0,0,0,0,0,0,0,29
TXN0001339,2024-01-17T09:17:00,16,M0163,Logistics,high,C00580,846,103,10876,0.0172,12023.83,wallet,Yes,440956,9,2,0,0,0,0,0,0,0,0,0,0,0,27
TXN0001340,2024-01-17T18:20:00,16,M0019,Services,mid,C01363,830,106,14828,0.0184,26649.61,wallet,Canara,470429,18,2,0,0,0,1,0,1,0,0,1,1,0,34
TXN0001341,2024-01-17T15:30:00,16,M0043,Logistics,high,C01156,783,61,24286,0.0003,25237.26,card,Kotak,420175,15,2,0,0,0,1,0,0,0,0,0,0,0,17
TXN0001342,2024-01-17T20:53:00,16,M0152,Retail,high,C00709,766,99,13908,0.0162,16649.29,upi,PNB,531675,20,2,0,0,0,0,0,0,0,1,0,0,0,19
TXN0001343,2024-01-17T14:38:00,16,M0038,B2B,mid,C01367,216,9,6780,0.1966,47818.95,card,Yes,502281,14,2,0,0,0,1,0,0,0,1,1,1,0,12
TXN0001344,2024-01-17T10:48:00,16,M0176,SaaS,low,C01450,183,14,6286,0.0681,7638.01,wallet,Axis,437741,10,2,0,0,0,1,0,0,0,0,0,0,0,26
TXN0001345,2024-01-17T18:43:00,16,M0179,Services,low,C01003,891,80,14836,0.0225,14457.6,wallet,ICICI,561903,18,2,0,0,0,1,0,0,0,1,0,0,0,33
TXN0001346,2024-01-17T16:54:00,16,M0012,Food,low,C01356,217,20,2714,0.0307,1171.39,wallet,Canara,559329,16,2,0,0,0,0,0,0,0,0,0,0,0,26
TXN0001347,2024-01-17T09:37:00,16,M0101,Food,low,C00604,289,17,7719,0.0208,5285.0,card,Yes,427176,9,2,0,0,1,1,0,0,0,0,0,0,0,16
TXN0001348,2024-01-17T13:12:00,16,M0061,Services,low,C01342,17,4,1571,0.174,1809.86,upi,SBI,455346,13,2,0,0,0,0,0,0,0,0,0,0,0,23
TXN0001349,2024-01-17T18:33:00,16,M0058,B2B,low,C00348,244,5,1394,0.0422,59722.47,upi,Axis,525839,18,2,0,0,0,1,0,0,1,0,1,1,0,34
TXN0001350,2024-01-17T21:07:00,16,M0143,Logistics,mid,C00900,793,109,15139,0.0533,17309.81,upi,Yes,427973,21,2,0,0,0,0,0,0,0,1,0,0,0,40
TXN0001351,2024-01-17T14:49:00,16,M0139,Logistics,low,C00617,275,10,5677,0.1505,5731.74,card,Axis,516755,14,2,0,0,0,0,0,0,0,1,0,0,0,29
TXN0001352,2024-01-17T10:28:00,16,M0101,Food,low,C00346,23,1,1516,0.0407,845.3,card,Kotak,544643,10,2,0,0,0,1,0,0,0,0,0,0,1,61
TXN0001353,2024-01-17T14:47:00,16,M0130,Food,low,C00056,14,4,645,0.1133,1802.46,card,Yes,535120,14,2,0,0,0,2,0,0,0,0,0,0,0,41
TXN0001354,2024-01-17T10:54:00,16,M0017,B2B,low,C00760,16,2,1193,0.0457,20736.97,wallet,HDFC,568986,10,2,0,0,0,0,0,0,0,0,1,1,0,25
TXN0001355,2024-01-17T23:45:00,16,M0195,Food,high,C00477,21,4,806,0.0824,299.26,card,ICICI,449889,23,2,0,0,0,0,0,0,0,1,1,1,0,43
TXN0001356,2024-01-17T18:13:00,16,M0126,B2B,low,C01275,228,18,5362,0.0179,11137.13,netbanking,SBI,411818,18,2,0,0,0,0,0,0,0,0,0,0,0,37
TXN0001357,2024-01-17T07:27:00,16,M0046,SaaS,high,C00553,21,2,1667,0.1014,1207.4,upi,Yes,587827,7,2,0,0,0,1,0,0,0,0,0,0,0,70
TXN0001358,2024-01-17T19:10:00,16,M0112,Logistics,mid,C01278,877,118,18188,0.0099,19482.56,netbanking,HDFC,540800,19,2,0,0,0,1,0,0,0,0,0,0,0,63
TXN0001359,2024-01-17T12:45:00,16,M0106,Services,high,C01105,6,2,864,0.0973,3104.57,netbanking,Kotak,414557,12,2,0,0,0,1,0,0,0,0,0,0,1,69
TXN0001360,2024-01-17T10:36:00,16,M0021,SaaS,mid,C00757,18,3,1376,0.032,856.79,upi,ICICI,458740,10,2,0,0,0,0,1,0,0,0,0,1,0,17
TXN0001361,2024-01-17T05:40:00,16,M0077,Services,high,C00068,788,109,6849,0.0242,3404.01,netbanking,Kotak,401456,5,2,0,0,0,1,0,0,0,1,1,1,0,68
TXN0001362,2024-01-17T15:24:00,16,M0075,Retail,mid,C00076,287,20,5432,0.1246,2675.83,card,Kotak,503891,15,2,0,0,0,0,0,0,0,0,0,0,0,39
TXN0001363,2024-01-17T17:38:00,16,M0015,Services,low,C00170,24,3,1654,0.0234,7158.82,netbanking,HDFC,545980,17,2,0,0,0,0,1,0,0,0,0,1,1,33
TXN0001364,2024-01-17T21:28:00,16,M0154,Retail,low,C00046,899,95,17868,0.007,8161.01,wallet,Axis,426613,21,2,0,0,0,0,0,0,0,0,0,0,0,69
TXN0001365,2024-01-17T12:30:00,16,M0058,B2B,low,C00320,211,6,4563,0.1454,31348.28,netbanking,Yes,599512,12,2,0,0,0,1,0,1,0,0,1,1,0,69
TXN0001366,2024-01-17T21:34:00,16,M0194,Retail,mid,C00368,218,17,1317,0.0644,1318.13,netbanking,Canara,586746,21,2,0,0,0,0,0,0,0,0,0,0,0,61
TXN0001367,2024-01-17T14:45:00,16,M0148,SaaS,mid,C00937,921,82,21040,0.0016,16231.62,wallet,Yes,599423,14,2,0,0,0,1,0,0,0,1,0,0,0,37
TXN0001368,2024-01-17T13:35:00,16,M0060,Services,high,C01187,158,12,5721,0.2214,6848.31,wallet,PNB,466753,13,2,0,0,0,0,0,1,0,0,1,1,0,25
TXN0001369,2024-01-17T19:22:00,16,M0115,Services,high,C01087,13,1,850,0.0532,1167.0,wallet,PNB,581980,19,2,0,0,0,0,0,0,0,0,0,0,0,56
TXN0001370,2024-01-17T20:10:00,16,M0156,Services,mid,C00167,951,114,4815,0.0341,5222.61,upi,Yes,510221,20,2,0,0,0,1,0,0,0,0,0,0,0,48
TXN0001371,2024-01-17T12:50:00,16,M0029,Retail,high,C00053,292,19,3435,0.2456,6986.75,wallet,Canara,429093,12,2,0,0,0,0,0,0,0,0,0,0,0,40
TXN0001372,2024-01-17T22:01:00,16,M0119,Retail,high,C00113,166,13,2765,0.0701,1456.05,netbanking,Canara,484874,22,2,0,0,0,1,0,0,0,0,0,0,0,52
TXN0001373,2024-01-17T11:46:00,16,M0055,Services,mid,C01004,144,8,1025,0.0719,6096.88,card,HDFC,585750,11,2,0,0,0,0,0,0,0,0,0,0,0,48
TXN0001374,2024-01-17T08:59:00,16,M0087,Logistics,mid,C00441,144,16,3404,0.0449,23055.64,upi,Kotak,441311,8,2,0,0,0,0,0,0,0,0,0,0,0,39
TXN0001375,2024-01-17T18:11:00,16,M0103,Services,low,C00046,899,95,17868,0.007,21434.91,card,Yes,412106,18,2,0,1,1,1,0,0,0,0,0,0,0,65
TXN0001376,2024-01-17T13:49:00,16,M0101,Food,low,C00210,79,8,1505,0.2364,1053.6,wallet,Yes,405690,13,2,0,0,0,0,0,0,0,0,0,0,0,63
TXN0001377,2024-01-17T07:38:00,16,M0044,Logistics,low,C00702,223,10,5735,0.0252,12271.02,upi,ICICI,451557,7,2,0,0,0,0,0,0,0,0,1,1,0,31
TXN0001378,2024-01-17T08:27:00,16,M0188,Logistics,mid,C01186,985,55,11992,0.0131,20093.08,netbanking,ICICI,430928,8,2,0,0,0,0,0,0,0,1,0,0,0,66
TXN0001379,2024-01-17T15:06:00,16,M0076,Services,high,C00861,1000,68,16236,0.0134,5105.78,upi,Yes,558004,15,2,0,0,0,0,0,0,0,0,0,0,0,55
TXN0001380,2024-01-17T14:59:00,16,M0110,Food,high,C01323,896,81,24706,0.0128,14051.29,netbanking,PNB,463527,14,2,0,0,0,0,0,0,0,0,0,0,0,31
TXN0001381,2024-01-17T17:00:00,16,M0160,Services,mid,C01126,71,20,1374,0.0499,2970.51,wallet,SBI,493782,17,2,0,0,0,0,0,0,0,0,0,0,0,34
TXN0001382,2024-01-17T07:55:00,16,M0050,Logistics,high,C00323,257,11,4702,0.0794,8040.65,wallet,Axis,592361,7,2,0,0,0,3,0,0,0,0,0,0,0,48
TXN0001383,2024-01-17T08:31:00,16,M0068,B2B,low,C01217,960,117,8732,0.0057,28201.23,wallet,PNB,584800,8,2,0,0,0,0,0,0,0,0,1,1,0,50
TXN0001384,2024-01-17T08:47:00,16,M0096,Food,mid,C01270,194,13,3612,0.2041,4717.68,upi,Canara,426813,8,2,0,0,0,0,0,0,0,1,0,0,0,61
TXN0001385,2024-01-17T05:59:00,16,M0071,Retail,low,C00510,5,2,1363,0.0704,2860.51,netbanking,Axis,416541,5,2,0,0,0,0,0,0,0,1,1,1,0,19
TXN0001386,2024-01-17T12:14:00,16,M0184,Logistics,high,C00662,911,105,23004,0.0401,19351.22,upi,Canara,472150,12,2,0,0,0,0,0,0,0,1,1,1,0,72
TXN0001387,2024-01-17T13:14:00,16,M0115,Services,high,C00736,885,113,21326,0.0296,11342.96,wallet,HDFC,421869,13,2,0,0,0,0,0,1,0,0,1,1,0,18
TXN0001388,2024-01-17T06:51:00,16,M0169,Food,low,C00592,168,14,6022,0.124,3827.92,card,PNB,487723,6,2,0,0,0,0,0,0,0,0,0,0,0,39
TXN0001389,2024-01-17T19:17:00,16,M0103,Services,low,C00108,20,2,721,0.0884,801.45,netbanking,Yes,413786,19,2,0,14,0,0,0,0,0,0,0,0,0,27
TXN0001390,2024-01-17T22:52:00,16,M0017,B2B,low,C01449,25,4,501,0.0588,82742.13,netbanking,Canara,527070,22,2,0,0,0,1,1,0,0,0,1,1,0,66
TXN0001391,2024-01-17T12:00:00,16,M0083,B2B,low,C00525,196,14,3844,0.122,19934.85,wallet,ICICI,591079,12,2,0,0,0,2,0,0,0,0,0,0,0,28
TXN0001392,2024-01-17T06:03:00,16,M0027,Services,high,C01061,20,3,1042,0.0431,3281.76,wallet,Canara,593466,6,2,0,0,0,0,0,0,0,0,0,0,0,32
TXN0001393,2024-01-17T20:57:00,16,M0011,Food,low,C00537,11,4,1296,0.1487,751.86,upi,Yes,411436,20,2,0,0,0,1,0,0,0,0,0,0,0,26
TXN0001394,2024-01-17T18:11:00,16,M0112,Logistics,mid,C01370,917,116,3464,0.0555,9425.66,upi,Kotak,439286,18,2,0,0,0,0,0,0,0,0,1,1,0,40
TXN0001395,2024-01-17T01:27:00,16,M0097,Services,low,C01350,278,9,2345,0.1225,3139.19,wallet,PNB,593252,1,2,0,0,0,0,0,0,0,1,0,0,0,28
TXN0001396,2024-01-17T02:31:00,16,M0031,Food,mid,C00940,81,14,7902,0.1297,6692.45,upi,HDFC,517644,2,2,0,0,0,0,1,0,0,0,1,1,0,23
TXN0001397,2024-01-17T12:33:00,16,M0129,Services,low,C00581,174,9,2693,0.1128,6656.38,card,Axis,478484,12,2,0,0,0,0,0,0,0,1,0,0,0,25
TXN0001398,2024-01-17T11:28:00,16,M0002,B2B,low,C01300,781,66,4116,0.0443,27451.63,upi,ICICI,444715,11,2,0,0,1,1,0,0,0,1,0,0,0,49
TXN0001399,2024-01-17T15:49:00,16,M0149,Services,low,C00548,224,15,1904,0.043,7469.24,card,HDFC,539491,15,2,0,0,0,0,0,0,0,1,0,0,0,12
TXN0001400,2024-01-17T19:02:00,16,M0143,Logistics,mid,C01105,6,2,864,0.0973,3784.97,netbanking,Yes,562281,19,2,0,0,1,2,0,0,0,0,0,0,1,18
TXN0001401,2024-01-17T18:27:00,16,M0081,Logistics,high,C00252,212,15,4155,0.0065,3167.0,upi,SBI,494305,18,2,0,0,0,1,0,0,0,0,0,0,0,44
TXN0001402,2024-01-17T20:23:00,16,M0124,Retail,low,C00385,206,11,3811,0.1467,3661.63,wallet,Axis,570247,20,2,0,0,0,0,0,1,0,0,1,1,0,18
TXN0001403,2024-01-17T07:03:00,16,M0137,B2B,mid,C00409,6,2,712,0.0617,27818.13,card,Axis,407161,7,2,0,0,1,1,0,0,0,1,1,1,0,15
TXN0001404,2024-01-17T22:31:00,16,M0057,Food,high,C01436,16,3,1961,0.0725,1547.45,upi,Yes,595972,22,2,0,0,0,0,0,0,0,1,0,0,1,28
TXN0001405,2024-01-17T14:10:00,16,M0120,Food,low,C00030,17,1,671,0.1258,241.44,upi,Yes,528697,14,2,0,0,0,0,0,0,0,0,0,0,0,69
TXN0001406,2024-01-17T08:19:00,16,M0138,Services,mid,C01040,22,4,786,0.1055,3973.76,netbanking,SBI,540573,8,2,0,0,0,1,0,1,0,0,1,1,0,35
TXN0001407,2024-01-17T12:05:00,16,M0014,Logistics,high,C00239,8,2,993,0.0332,5466.8,upi,Kotak,423014,12,2,0,11,0,1,0,0,0,0,0,0,0,17
TXN0001408,2024-01-17T14:58:00,16,M0074,Services,high,C00208,9,4,813,0.0891,1775.48,netbanking,Canara,459277,14,2,0,0,0,0,0,0,0,0,0,0,0,24
TXN0001409,2024-01-17T04:03:00,16,M0010,SaaS,high,C01161,141,15,2396,0.4262,1186.12,upi,Axis,525090,4,2,0,0,0,0,0,0,0,0,1,1,0,51
TXN0001410,2024-01-17T19:36:00,16,M0022,Retail,low,C00280,751,106,20902,0.0051,16138.11,netbanking,Yes,581661,19,2,0,0,0,0,0,0,0,0,0,0,0,29
TXN0001411,2024-01-17T03:34:00,16,M0095,Food,low,C00861,1000,68,16236,0.0134,9049.71,wallet,PNB,459838,3,2,0,1,1,1,0,0,0,0,0,1,0,14
TXN0001412,2024-01-17T09:33:00,16,M0032,Food,low,C00406,233,15,4489,0.2614,4106.72,card,Canara,404234,9,2,0,0,1,1,0,0,0,1,1,1,0,31
TXN0001413,2024-01-17T04:31:00,16,M0062,B2B,low,C01118,9,3,1462,0.0622,20909.89,wallet,PNB,453093,4,2,0,0,0,1,0,0,0,1,1,1,0,25
TXN0001414,2024-01-17T18:09:00,16,M0124,Retail,low,C00396,14,4,1990,0.0986,2731.93,upi,Canara,494879,18,2,0,0,0,1,0,0,0,0,0,0,0,37
TXN0001415,2024-01-17T19:26:00,16,M0035,SaaS,mid,C00213,741,100,11338,0.0295,11801.45,wallet,HDFC,403610,19,2,0,0,0,0,0,0,0,0,1,1,0,37
TXN0001416,2024-01-18T17:10:00,17,M0174,SaaS,low,C01072,856,104,9501,0.0112,5272.16,card,Kotak,426440,17,3,0,0,0,0,0,0,0,0,0,0,0,41
TXN0001417,2024-01-18T09:46:00,17,M0154,Retail,low,C00906,217,13,6576,0.0693,5149.86,wallet,HDFC,471231,9,3,0,0,0,1,0,1,0,0,1,1,0,24
TXN0001418,2024-01-18T11:44:00,17,M0065,B2B,high,C00852,87,8,7747,0.1301,48252.83,wallet,PNB,478025,11,3,0,0,0,0,0,0,0,0,0,1,0,50
TXN0001419,2024-01-18T15:33:00,17,M0147,SaaS,mid,C00975,145,5,5985,0.0929,4388.66,card,Canara,428027,15,3,0,0,0,1,0,0,0,0,0,0,0,67
TXN0001420,2024-01-18T20:21:00,17,M0134,Services,low,C01080,70,11,2580,0.1981,3024.63,upi,Canara,575283,20,3,0,8,0,0,0,0,0,0,0,0,0,29
TXN0001421,2024-01-18T07:34:00,17,M0123,Logistics,high,C01216,914,76,5925,0.0032,7615.47,wallet,Kotak,587428,7,3,0,10,0,1,0,0,0,1,0,0,0,12
TXN0001422,2024-01-18T11:24:00,17,M0195,Food,high,C00235,294,6,5292,0.0091,2225.71,netbanking,SBI,468960,11,3,0,0,0,1,0,0,0,0,0,0,0,37
TXN0001423,2024-01-18T05:29:00,17,M0116,Services,low,C00357,887,100,18431,0.0124,14295.71,netbanking,ICICI,459680,5,3,0,0,0,0,0,0,0,0,1,1,0,71
TXN0001424,2024-01-18T09:15:00,17,M0059,Logistics,mid,C01140,83,16,4816,0.0681,8058.2,wallet,SBI,547586,9,3,0,0,0,0,0,0,0,0,0,0,0,17
TXN0001425,2024-01-18T09:35:00,17,M0015,Services,low,C00464,277,10,7203,0.1165,4255.59,card,PNB,438183,9,3,0,0,0,0,0,1,0,0,1,1,0,12
TXN0001426,2024-01-18T20:54:00,17,M0165,Services,low,C00816,19,4,737,0.0138,1125.8,upi,PNB,502820,20,3,0,0,0,1,0,0,0,0,0,0,1,67
TXN0001427,2024-01-18T17:02:00,17,M0082,B2B,high,C00632,930,73,24796,0.0066,27471.14,card,HDFC,569531,17,3,0,0,0,0,0,1,0,0,1,1,0,20
TXN0001428,2024-01-18T21:29:00,17,M0087,Logistics,mid,C01362,246,18,2751,0.1251,13494.44,wallet,ICICI,412019,21,3,0,0,0,0,0,0,0,1,0,0,0,46
TXN0001429,2024-01-18T20:52:00,17,M0173,Food,high,C01367,216,9,6780,0.1966,1299.84,wallet,Kotak,464277,20,3,0,6,0,1,0,0,0,0,0,0,0,31
TXN0001430,2024-01-18T12:43:00,17,M0195,Food,high,C01375,827,66,13174,0.001,6302.71,netbanking,ICICI,421415,12,3,0,0,0,1,1,0,0,1,1,1,0,44
TXN0001431,2024-01-18T17:57:00,17,M0095,Food,low,C01435,239,13,5654,0.071,3624.06,upi,Kotak,589697,17,3,0,0,0,0,0,0,0,0,0,0,0,32
TXN0001432,2024-01-18T08:14:00,17,M0041,B2B,low,C01084,249,17,5055,0.1159,116111.29,card,Canara,520057,8,3,0,0,0,0,0,1,0,1,1,1,0,61
TXN0001433,2024-01-18T07:44:00,17,M0073,SaaS,high,C00465,97,20,3939,0.0191,953.21,wallet,Canara,433942,7,3,0,0,0,0,0,0,0,0,0,0,0,37
TXN0001434,2024-01-18T18:50:00,17,M0184,Logistics,high,C00561,25,3,576,0.1278,17679.64,upi,HDFC,556352,18,3,0,13,0,0,0,0,0,0,0,0,0,30
TXN0001435,2024-01-18T09:24:00,17,M0044,Logistics,low,C01256,14,3,1299,0.3112,8307.64,card,Kotak,535192,9,3,0,0,0,0,0,0,0,1,0,0,1,53
TXN0001436,2024-01-18T11:54:00,17,M0093,SaaS,mid,C00961,21,1,1446,0.011,1539.97,card,Kotak,453628,11,3,0,0,0,0,0,0,0,1,0,0,0,57
TXN0001437,2024-01-18T06:46:00,17,M0119,Retail,high,C01416,206,7,6172,0.1246,3365.4,upi,Canara,454859,6,3,0,0,0,0,0,0,0,0,0,0,0,19
TXN0001438,2024-01-18T18:11:00,17,M0039,Logistics,mid,C01071,123,9,6974,0.0782,4229.94,card,Canara,566631,18,3,0,0,0,0,0,0,0,1,0,0,0,15
TXN0001439,2024-01-18T21:46:00,17,M0094,SaaS,high,C00057,299,11,4482,0.0391,2439.12,netbanking,Axis,434079,21,3,0,0,0,0,0,1,0,0,1,1,0,12
TXN0001440,2024-01-18T17:02:00,17,M0196,Retail,low,C01015,763,93,15353,0.0415,10020.04,card,PNB,451161,17,3,0,0,0,0,0,0,0,0,0,0,0,63
TXN0001441,2024-01-18T20:51:00,17,M0132,Food,mid,C00615,233,15,5548,0.0875,2614.17,card,HDFC,426373,20,3,0,0,0,0,0,0,0,0,0,0,0,18
TXN0001442,2024-01-18T13:18:00,17,M0080,Logistics,low,C01235,111,8,1550,0.0381,11570.09,upi,Canara,550505,13,3,0,0,0,1,0,0,0,1,0,0,0,62
TXN0001443,2024-01-18T10:24:00,17,M0170,Logistics,mid,C00436,880,107,8813,0.0956,26369.68,upi,HDFC,411360,10,3,0,0,0,0,0,0,0,0,1,1,0,31
TXN0001444,2024-01-18T19:33:00,17,M0169,Food,low,C01250,832,75,11273,0.0124,9315.41,card,Yes,459586,19,3,0,0,0,0,0,0,0,0,1,1,0,67
TXN0001445,2024-01-18T00:57:00,17,M0166,SaaS,mid,C00863,773,54,20610,0.0073,4812.31,card,Canara,475231,0,3,0,0,0,0,0,0,0,0,0,0,0,61
TXN0001446,2024-01-18T15:20:00,17,M0047,Logistics,low,C00366,97,8,1865,0.1181,6749.31,upi,Canara,485241,15,3,0,0,0,0,1,0,0,1,1,1,0,18
TXN0001447,2024-01-18T09:50:00,17,M0079,Retail,high,C01333,70,10,3319,0.0482,1603.4,card,Kotak,575408,9,3,0,0,0,0,0,0,0,1,0,0,0,48
TXN0001448,2024-01-18T16:54:00,17,M0183,Retail,mid,C00288,208,5,7341,0.1152,8085.0,card,Yes,423245,16,3,0,13,0,0,0,0,0,1,0,0,0,13
TXN0001449,2024-01-18T07:01:00,17,M0049,Services,mid,C00183,101,17,6050,0.1691,6308.95,wallet,PNB,402504,7,3,0,0,0,1,0,0,0,0,0,0,0,15
TXN0001450,2024-01-18T10:24:00,17,M0183,Retail,mid,C00553,21,2,1667,0.1014,817.03,card,Canara,525748,10,3,0,0,0,1,0,0,0,1,0,0,1,15
TXN0001451,2024-01-18T02:48:00,17,M0086,Retail,high,C00005,9,1,1256,0.1416,1696.32,card,ICICI,481426,2,3,0,0,0,0,0,0,0,0,1,1,0,67
TXN0001452,2024-01-18T20:14:00,17,M0107,SaaS,mid,C00200,274,10,1297,0.0557,401.5,upi,PNB,439041,20,3,0,0,0,3,0,0,0,1,0,0,0,48
TXN0001453,2024-01-18T05:25:00,17,M0166,SaaS,mid,C00773,866,52,18391,0.0182,8406.94,wallet,Canara,516146,5,3,0,0,0,1,0,0,0,0,1,1,0,18
TXN0001454,2024-01-18T03:59:00,17,M0152,Retail,high,C01178,209,14,2357,0.1801,5617.77,card,SBI,558619,3,3,0,0,0,1,0,0,0,0,1,1,0,13
TXN0001455,2024-01-18T10:30:00,17,M0131,Logistics,high,C01371,76,11,7758,0.0835,19977.75,wallet,PNB,446390,10,3,0,0,0,0,0,0,0,1,0,0,0,44
TXN0001456,2024-01-18T12:57:00,17,M0047,Logistics,low,C01425,25,4,1901,0.0218,24513.88,card,PNB,518574,12,3,0,0,0,1,0,0,0,0,1,1,0,17
TXN0001457,2024-01-18T13:04:00,17,M0016,Services,high,C00670,6,4,1295,0.065,1429.86,upi,Axis,517802,13,3,0,0,0,0,0,0,0,0,0,0,0,15
TXN0001458,2024-01-18T19:13:00,17,M0145,SaaS,low,C00570,877,51,14248,0.0283,9532.43,upi,Yes,427841,19,3,0,0,0,0,0,0,0,1,0,0,0,27
TXN0001459,2024-01-18T10:46:00,17,M0097,Services,low,C01188,22,1,1190,0.1683,6511.71,card,Canara,546728,10,3,0,7,0,0,0,0,0,1,0,0,1,67
TXN0001460,2024-01-18T19:38:00,17,M0180,Food,low,C01281,736,65,13056,0.0178,9711.02,upi,Kotak,480819,19,3,0,0,0,0,0,1,0,0,1,1,0,52
TXN0001461,2024-01-18T18:43:00,17,M0109,Services,low,C01479,922,53,17547,0.0327,9262.4,netbanking,SBI,473434,18,3,0,14,0,0,0,0,0,1,0,0,0,51
TXN0001462,2024-01-18T22:20:00,17,M0165,Services,low,C00982,23,2,983,0.0941,2131.27,wallet,ICICI,517263,22,3,0,0,0,0,0,0,0,0,1,1,0,39
TXN0001463,2024-01-18T15:29:00,17,M0045,Food,high,C00311,23,1,967,0.0137,1445.86,upi,HDFC,421692,15,3,0,0,0,0,0,0,1,0,0,0,0,63
TXN0001464,2024-01-18T17:30:00,17,M0103,Services,low,C00475,116,18,5922,0.0285,3719.84,netbanking,Yes,469184,17,3,0,0,0,0,0,1,0,1,1,1,0,46
TXN0001465,2024-01-18T07:20:00,17,M0046,SaaS,high,C00187,270,12,1258,0.1298,593.77,netbanking,Yes,465121,7,3,0,0,0,1,0,0,0,0,0,0,0,42
TXN0001466,2024-01-18T13:07:00,17,M0092,Food,low,C00028,842,112,10190,0.0064,5525.66,card,Yes,594553,13,3,0,0,0,0,0,0,0,0,0,0,0,39
TXN0001467,2024-01-18T01:26:00,17,M0083,B2B,low,C00895,131,18,2727,0.1277,15982.34,netbanking,HDFC,524742,1,3,0,0,0,1,0,0,0,0,1,1,0,45
TXN0001468,2024-01-18T12:11:00,17,M0097,Services,low,C00383,290,6,7598,0.2306,4487.15,wallet,Axis,499753,12,3,0,0,0,1,0,0,1,1,0,0,0,34
TXN0001469,2024-01-18T07:12:00,17,M0137,B2B,mid,C00272,20,3,1722,0.0965,34463.2,netbanking,Axis,435567,7,3,0,0,0,0,0,0,0,0,1,1,0,13
TXN0001470,2024-01-18T21:48:00,17,M0198,Food,mid,C00440,21,2,1351,0.1088,2415.58,wallet,HDFC,537629,21,3,0,0,0,1,0,0,0,0,0,0,0,66
TXN0001471,2024-01-18T14:47:00,17,M0085,SaaS,mid,C00508,167,16,3990,0.0381,2629.33,wallet,Yes,451184,14,3,0,0,0,0,0,0,0,0,0,0,0,60
TXN0001472,2024-01-18T08:20:00,17,M0099,B2B,low,C00552,270,13,5333,0.0504,40359.34,netbanking,SBI,554163,8,3,0,0,0,0,0,0,0,0,0,1,0,19
TXN0001473,2024-01-18T08:38:00,17,M0053,Retail,low,C01060,157,10,4057,0.1045,4686.26,wallet,SBI,552624,8,3,0,0,0,0,1,0,0,0,1,1,0,12
TXN0001474,2024-01-18T17:50:00,17,M0078,B2B,high,C01421,87,15,5114,0.0752,12998.17,wallet,SBI,482831,17,3,0,0,0,0,0,0,0,0,0,0,0,36
TXN0001475,2024-01-18T08:33:00,17,M0157,SaaS,mid,C00614,901,109,16564,0.0653,5078.81,upi,ICICI,424054,8,3,0,0,0,0,0,0,0,1,0,0,0,18
TXN0001476,2024-01-18T09:26:00,17,M0072,SaaS,high,C01220,20,3,632,0.015,551.47,card,ICICI,452010,9,3,0,0,0,0,0,0,0,0,0,0,0,57
TXN0001477,2024-01-18T22:49:00,17,M0181,Food,high,C01012,10,1,716,0.1008,387.35,netbanking,Axis,412230,22,3,0,0,0,0,0,0,0,0,1,1,0,48
TXN0001478,2024-01-18T17:16:00,17,M0124,Retail,low,C00674,731,115,19078,0.0133,22981.54,upi,Axis,427471,17,3,0,0,0,0,0,0,0,0,0,0,0,34
TXN0001479,2024-01-18T09:08:00,17,M0158,Retail,low,C01416,206,7,6172,0.1246,3925.07,wallet,Yes,537857,9,3,0,0,1,1,0,0,0,1,0,0,0,17
TXN0001480,2024-01-18T11:01:00,17,M0136,Logistics,mid,C00650,236,7,2163,0.1174,9843.09,netbanking,Axis,425392,11,3,0,0,0,0,0,0,0,1,0,0,1,69
TXN0001481,2024-01-18T18:04:00,17,M0017,B2B,low,C00941,8,1,1237,0.0191,44352.72,card,HDFC,548290,18,3,0,0,0,0,0,0,0,0,1,1,0,66
TXN0001482,2024-01-18T21:17:00,17,M0023,Services,low,C01222,809,61,11869,0.0028,6232.43,netbanking,Yes,412731,21,3,0,0,0,0,0,0,0,0,0,0,0,47
TXN0001483,2024-01-18T11:15:00,17,M0001,Retail,high,C00888,11,2,1722,0.0928,11981.34,netbanking,PNB,431330,11,3,0,0,0,0,0,0,0,1,0,0,0,69
TXN0001484,2024-01-18T16:01:00,17,M0092,Food,low,C01363,830,106,14828,0.0184,6331.65,netbanking,ICICI,567175,16,3,0,0,1,2,0,0,0,0,0,0,1,52
TXN0001485,2024-01-18T14:14:00,17,M0174,SaaS,low,C00859,229,9,5706,0.017,3077.52,upi,HDFC,407252,14,3,0,0,0,1,0,0,0,1,0,0,0,37
TXN0001486,2024-01-18T06:19:00,17,M0036,Retail,low,C01396,132,14,4168,0.1527,2735.96,upi,Axis,551400,6,3,0,0,0,0,0,0,0,0,1,1,0,35
TXN0001487,2024-01-18T22:24:00,17,M0092,Food,low,C01046,18,4,553,0.0474,1527.74,upi,PNB,491241,22,3,0,0,0,1,0,0,0,0,0,0,1,71
TXN0001488,2024-01-18T14:54:00,17,M0154,Retail,low,C00014,91,14,5154,0.0628,3468.55,wallet,Yes,405478,14,3,0,0,0,0,0,0,0,1,0,0,0,37
TXN0001489,2024-01-18T20:40:00,17,M0165,Services,low,C00326,91,5,1505,0.2531,4169.67,wallet,SBI,402662,20,3,0,0,0,1,0,0,0,1,0,0,0,66
TXN0001490,2024-01-18T10:18:00,17,M0142,Retail,mid,C00995,165,7,1895,0.1327,602.99,wallet,Kotak,488372,10,3,0,0,0,1,0,0,0,0,0,0,0,35
TXN0001491,2024-01-18T22:46:00,17,M0148,SaaS,mid,C00754,16,4,1368,0.0617,4662.76,card,PNB,564937,22,3,0,0,0,0,0,0,0,0,0,0,0,51
TXN0001492,2024-01-18T10:41:00,17,M0006,Food,low,C01158,19,4,734,0.057,786.7,upi,PNB,403343,10,3,0,0,0,0,0,0,0,0,0,0,1,33
TXN0001493,2024-01-18T09:05:00,17,M0082,B2B,high,C00414,216,6,1095,0.0964,27589.91,upi,ICICI,501808,9,3,0,0,0,2,0,0,0,0,1,1,0,51
TXN0001494,2024-01-18T08:07:00,17,M0009,Retail,low,C00718,996,52,12606,0.0099,11063.0,card,PNB,570845,8,3,0,0,0,1,0,0,0,0,0,0,0,72
TXN0001495,2024-01-18T21:18:00,17,M0027,Services,high,C00279,256,20,5503,0.1075,19583.21,upi,Kotak,492534,21,3,0,0,0,0,0,0,0,0,0,0,0,53
TXN0001496,2024-01-18T11:56:00,17,M0078,B2B,high,C00507,22,3,985,0.0587,27363.78,netbanking,Yes,428067,11,3,0,0,0,0,0,1,0,0,1,1,0,66
TXN0001497,2024-01-18T09:59:00,17,M0039,Logistics,mid,C00660,137,20,7112,0.0513,13774.5,upi,Yes,448673,9,3,0,0,0,0,0,0,0,1,0,0,0,50
TXN0001498,2024-01-18T01:27:00,17,M0197,Food,low,C00087,17,3,684,0.0884,1279.95,wallet,Canara,521613,1,3,0,0,0,0,0,0,0,0,0,0,1,56
TXN0001499,2024-01-18T17:21:00,17,M0176,SaaS,low,C00133,8,1,1855,0.0839,1937.86,netbanking,Yes,585247,17,3,0,0,0,0,0,1,0,0,1,1,0,49
TXN0001500,2024-01-18T12:13:00,17,M0029,Retail,high,C00633,76,20,1924,0.0829,1372.81,wallet,SBI,547638,12,3,0,0,0,0,0,0,0,0,0,0,0,26
TXN0001501,2024-01-18T09:14:00,17,M0042,Logistics,mid,C01466,15,3,1413,0.1741,7965.28,upi,Yes,507235,9,3,0,0,0,0,1,0,0,0,1,1,0,63
TXN0001502,2024-01-18T08:57:00,17,M0027,Services,high,C00543,202,16,7598,0.0093,3085.08,wallet,HDFC,492857,8,3,0,0,0,1,0,0,0,0,0,0,0,49
TXN0001503,2024-01-18T09:55:00,17,M0026,Retail,high,C00964,13,2,849,0.2487,2396.3,netbanking,Axis,475298,9,3,0,0,0,0,0,0,0,0,0,0,1,55
TXN0001504,2024-01-18T14:26:00,17,M0123,Logistics,high,C01465,199,13,5560,0.1649,5122.64,card,Yes,481798,14,3,0,0,0,1,0,0,0,0,0,0,0,32
TXN0001505,2024-01-18T21:12:00,17,M0089,Food,low,C00855,10,1,1044,0.075,1850.38,netbanking,Axis,543869,21,3,0,0,0,2,0,0,0,1,0,0,1,47
TXN0001506,2024-01-18T20:25:00,17,M0170,Logistics,mid,C00749,21,1,1460,0.0459,7434.93,card,Kotak,474536,20,3,0,6,0,0,0,0,0,0,0,0,0,23
TXN0001507,2024-01-18T12:16:00,17,M0142,Retail,mid,C01079,120,13,2720,0.1461,4349.83,upi,Axis,518337,12,3,0,9,0,1,1,0,0,0,0,1,0,49
TXN0001508,2024-01-18T15:50:00,17,M0188,Logistics,mid,C00412,998,78,24949,0.0394,5747.94,wallet,ICICI,453337,15,3,0,0,0,0,0,0,0,0,0,0,0,42
TXN0001509,2024-01-18T13:44:00,17,M0166,SaaS,mid,C00269,192,10,5521,0.0392,5410.67,card,ICICI,452454,13,3,0,0,0,0,0,0,0,1,0,0,0,15
TXN0001510,2024-01-19T17:48:00,18,M0061,Services,low,C00500,105,20,3571,0.0765,3549.88,upi,HDFC,488736,17,4,0,0,0,0,0,0,0,1,0,0,0,17
TXN0001511,2024-01-19T13:15:00,18,M0106,Services,high,C00984,20,1,1236,0.0756,2479.77,card,SBI,517450,13,4,0,0,0,0,0,0,0,0,0,0,0,29
TXN0001512,2024-01-19T09:49:00,18,M0108,Food,high,C01171,184,7,2722,0.1516,1199.47,upi,ICICI,489302,9,4,0,0,0,0,0,0,0,0,0,0,0,65
TXN0001513,2024-01-19T02:43:00,18,M0199,SaaS,mid,C00326,91,5,1505,0.2531,2017.92,upi,Kotak,477294,2,4,0,0,1,2,0,0,0,0,1,1,0,68
TXN0001514,2024-01-19T12:32:00,18,M0040,SaaS,mid,C00076,287,20,5432,0.1246,2954.56,card,Canara,520374,12,4,0,0,0,1,0,0,0,1,0,0,0,38
TXN0001515,2024-01-19T10:04:00,18,M0194,Retail,mid,C00385,206,11,3811,0.1467,4377.1,netbanking,Axis,508844,10,4,0,0,0,1,0,0,0,0,0,0,0,55
TXN0001516,2024-01-19T12:05:00,18,M0063,SaaS,high,C00974,94,15,2436,0.1347,8031.62,netbanking,Yes,532409,12,4,0,0,0,1,0,0,0,1,0,0,0,55
TXN0001517,2024-01-19T14:36:00,18,M0131,Logistics,high,C01429,6,4,1564,0.0259,5292.63,netbanking,Yes,401139,14,4,0,0,0,0,0,0,0,0,1,1,0,36
TXN0001518,2024-01-19T15:50:00,18,M0127,Food,low,C01311,103,5,5902,0.2606,3206.99,card,Kotak,400669,15,4,0,0,0,0,0,0,0,0,0,0,0,64
TXN0001519,2024-01-19T06:10:00,18,M0185,Food,high,C00063,86,10,3701,0.0681,1514.3,upi,Canara,400807,6,4,0,12,0,0,0,0,0,0,0,0,0,59
TXN0001520,2024-01-19T06:08:00,18,M0128,B2B,high,C00423,297,8,7325,0.0946,30754.64,wallet,Yes,517521,6,4,0,0,0,0,1,0,0,0,1,1,0,31
TXN0001521,2024-01-19T06:00:00,18,M0133,SaaS,mid,C00774,781,76,14008,0.0117,5369.72,card,Kotak,430355,6,4,0,0,0,1,0,0,0,0,0,0,0,61
TXN0001522,2024-01-19T10:05:00,18,M0007,Food,mid,C00883,196,10,1155,0.0425,1184.38,upi,Kotak,455816,10,4,0,0,0,0,0,0,0,0,0,0,0,68
TXN0001523,2024-01-19T10:50:00,18,M0099,B2B,low,C01269,294,12,4633,0.1214,51388.03,wallet,HDFC,497706,10,4,0,0,0,0,0,0,0,0,1,1,0,46
TXN0001524,2024-01-19T22:37:00,18,M0040,SaaS,mid,C01289,145,18,6341,0.0789,1947.54,netbanking,HDFC,475614,22,4,0,0,0,0,0,0,0,0,1,1,0,24
TXN0001525,2024-01-19T09:06:00,18,M0107,SaaS,mid,C00456,966,120,5396,0.0062,8539.01,card,HDFC,557459,9,4,0,0,0,0,0,0,0,1,0,0,0,25
TXN0001526,2024-01-19T10:53:00,18,M0017,B2B,low,C01405,22,1,758,0.1553,4881.48,card,Axis,415047,10,4,0,0,0,0,0,0,0,1,0,0,0,38
TXN0001527,2024-01-19T16:06:00,18,M0089,Food,low,C00914,6,1,1272,0.0413,971.4,wallet,Yes,552046,16,4,0,0,0,0,1,0,0,0,1,1,0,59
TXN0001528,2024-01-19T15:30:00,18,M0032,Food,low,C01473,249,18,1175,0.0682,1870.36,netbanking,Yes,469198,15,4,0,0,0,0,1,0,0,0,1,1,0,46
TXN0001529,2024-01-19T10:35:00,18,M0180,Food,low,C01279,17,4,987,0.2452,1543.2,netbanking,PNB,532699,10,4,0,0,0,0,0,0,0,0,0,0,1,50
TXN0001530,2024-01-19T09:58:00,18,M0002,B2B,low,C01063,16,2,1323,0.0664,40887.13,upi,Kotak,476291,9,4,0,1,0,1,0,0,0,1,1,1,0,41
TXN0001531,2024-01-19T10:09:00,18,M0013,Logistics,high,C00927,914,55,3972,0.0048,5567.6,netbanking,ICICI,560862,10,4,0,0,0,1,0,0,0,1,0,0,1,28
TXN0001532,2024-01-19T23:56:00,18,M0097,Services,low,C00014,91,14,5154,0.0628,2395.23,netbanking,Canara,525910,23,4,0,0,0,1,0,1,0,0,1,1,0,42
TXN0001533,2024-01-19T16:13:00,18,M0091,Logistics,high,C00060,7,2,1880,0.1375,3247.5,netbanking,PNB,464180,16,4,0,0,0,0,0,0,0,0,0,0,0,61
TXN0001534,2024-01-19T11:28:00,18,M0123,Logistics,high,C00137,101,11,7563,0.169,11550.95,card,HDFC,451873,11,4,0,0,0,2,0,0,0,0,0,0,0,20
TXN0001535,2024-01-19T10:39:00,18,M0077,Services,high,C01402,178,14,1326,0.0337,4756.17,card,Kotak,547625,10,4,0,11,0,0,0,0,0,1,0,0,0,20
TXN0001536,2024-01-19T20:41:00,18,M0027,Services,high,C01336,262,17,2591,0.1696,2916.36,card,HDFC,406178,20,4,0,0,0,0,1,1,0,0,1,1,0,64
TXN0001537,2024-01-19T02:40:00,18,M0004,Logistics,low,C00727,14,2,1657,0.1645,5443.95,upi,Yes,434873,2,4,0,0,0,0,0,0,0,1,1,1,0,29
TXN0001538,2024-01-19T16:44:00,18,M0031,Food,mid,C00641,110,11,6582,0.129,4553.3,card,Axis,459297,16,4,0,0,0,0,0,0,0,0,0,0,0,72
TXN0001539,2024-01-19T10:25:00,18,M0157,SaaS,mid,C00636,76,15,2705,0.1601,2096.53,upi,PNB,473752,10,4,0,0,0,0,1,0,0,1,0,1,0,46
TXN0001540,2024-01-19T11:08:00,18,M0078,B2B,high,C00129,806,92,5670,0.0205,40915.33,upi,Axis,599450,11,4,0,0,0,0,0,0,0,1,0,1,0,38
TXN0001541,2024-01-19T16:04:00,18,M0116,Services,low,C01383,16,3,833,0.1456,1375.48,netbanking,Axis,489037,16,4,0,0,0,0,0,0,0,0,0,0,0,64
TXN0001542,2024-01-19T13:55:00,18,M0046,SaaS,high,C00702,223,10,5735,0.0252,2269.91,wallet,Yes,419132,13,4,0,0,0,1,0,0,0,0,0,0,0,61
TXN0001543,2024-01-19T13:47:00,18,M0011,Food,low,C00948,163,14,3671,0.0629,3561.71,netbanking,PNB,586755,13,4,0,0,0,1,0,0,0,1,0,0,0,37
TXN0001544,2024-01-19T07:39:00,18,M0157,SaaS,mid,C00047,8,2,892,0.0391,1671.8,netbanking,PNB,481101,7,4,0,0,0,2,0,0,0,0,0,0,1,62
TXN0001545,2024-01-19T09:01:00,18,M0064,Food,high,C00555,100,19,3886,0.0597,2736.37,wallet,Axis,403956,9,4,0,0,0,0,0,0,0,0,0,0,0,24
TXN0001546,2024-01-19T09:46:00,18,M0148,SaaS,mid,C00055,7,2,505,0.0761,1367.8,netbanking,Yes,590008,9,4,0,0,0,0,0,0,0,0,0,0,0,68
TXN0001547,2024-01-19T18:46:00,18,M0129,Services,low,C00617,275,10,5677,0.1505,5467.28,netbanking,ICICI,541425,18,4,0,0,0,1,0,0,0,0,0,0,0,40
TXN0001548,2024-01-19T20:54:00,18,M0140,Logistics,high,C00900,793,109,15139,0.0533,15667.7,wallet,Axis,403176,20,4,0,0,0,1,0,1,0,1,1,1,0,50
TXN0001549,2024-01-19T14:49:00,18,M0143,Logistics,mid,C00885,157,13,1745,0.0382,20089.2,netbanking,PNB,567858,14,4,0,0,0,0,0,0,0,0,0,0,0,70
TXN0001550,2024-01-19T15:28:00,18,M0040,SaaS,mid,C00916,281,5,4714,0.0524,1219.91,card,HDFC,466082,15,4,0,0,0,0,0,0,0,0,0,0,0,70
TXN0001551,2024-01-19T09:34:00,18,M0012,Food,low,C00947,734,113,24589,0.037,5588.5,wallet,Axis,566579,9,4,0,0,0,0,0,0,0,0,0,0,0,70
TXN0001552,2024-01-19T07:11:00,18,M0138,Services,mid,C01336,262,17,2591,0.1696,4499.77,netbanking,SBI,513654,7,4,0,1,1,1,0,1,0,0,1,1,0,37
TXN0001553,2024-01-19T23:31:00,18,M0106,Services,high,C01356,217,20,2714,0.0307,2650.75,card,HDFC,570765,23,4,0,0,0,1,0,0,1,0,0,0,0,17
TXN0001554,2024-01-19T08:36:00,18,M0162,Services,high,C01074,6,4,1334,0.1,1762.93,upi,PNB,406344,8,4,0,0,0,0,1,0,0,1,0,1,1,66
TXN0001555,2024-01-19T09:54:00,18,M0169,Food,low,C00481,9,3,1477,0.2252,503.59,card,Canara,518784,9,4,0,6,0,0,0,0,0,0,0,0,0,22
TXN0001556,2024-01-19T09:39:00,18,M0018,SaaS,high,C00523,973,109,20713,0.0508,13709.9,wallet,Yes,541387,9,4,0,0,0,2,0,0,0,0,0,0,0,35
TXN0001557,2024-01-19T12:46:00,18,M0115,Services,high,C01213,63,16,3466,0.121,5175.99,card,Canara,538740,12,4,0,0,0,0,0,0,0,0,0,0,0,37
TXN0001558,2024-01-19T09:16:00,18,M0080,Logistics,low,C00332,9,4,908,0.1434,5330.25,wallet,Yes,488487,9,4,0,1,0,0,0,0,0,0,1,1,0,63
TXN0001559,2024-01-19T17:27:00,18,M0181,Food,high,C01261,22,4,765,0.0873,711.21,upi,Canara,445948,17,4,0,11,0,0,0,0,0,0,0,0,0,55
TXN0001560,2024-01-19T18:47:00,18,M0063,SaaS,high,C00059,137,17,3230,0.0947,3605.79,upi,ICICI,443585,18,4,0,0,0,0,0,0,0,0,0,0,0,31
TXN0001561,2024-01-19T13:00:00,18,M0077,Services,high,C01437,172,14,2265,0.197,2385.04,card,ICICI,487510,13,4,0,0,0,1,0,0,0,0,0,0,0,24
TXN0001562,2024-01-19T12:26:00,18,M0167,SaaS,low,C00924,19,1,1515,0.0429,1461.93,card,Canara,476498,12,4,0,0,0,0,0,0,0,0,0,0,0,32
TXN0001563,2024-01-19T19:40:00,18,M0117,SaaS,low,C00909,174,15,1042,0.0534,2894.22,card,Axis,572120,19,4,0,0,0,0,0,0,0,0,0,0,1,18
TXN0001564,2024-01-19T05:28:00,18,M0067,Food,mid,C01385,233,17,3459,0.019,1387.77,card,Axis,415192,5,4,0,0,0,0,0,0,0,0,0,0,0,43
TXN0001565,2024-01-19T17:23:00,18,M0038,B2B,mid,C00689,20,1,513,0.005,33458.37,netbanking,ICICI,503165,17,4,0,0,0,0,0,0,0,0,1,1,0,55
TXN0001566,2024-01-19T10:44:00,18,M0148,SaaS,mid,C01399,25,1,1736,0.1858,2402.8,card,Kotak,452437,10,4,0,0,0,1,0,0,0,0,0,0,0,38
TXN0001567,2024-01-19T23:33:00,18,M0063,SaaS,high,C00658,808,113,16531,0.032,8256.72,wallet,Canara,501617,23,4,0,0,0,0,0,0,0,0,0,0,0,43
TXN0001568,2024-01-19T10:19:00,18,M0190,Services,low,C00594,111,19,1738,0.0355,1306.58,netbanking,ICICI,510264,10,4,0,0,0,1,0,0,0,0,0,0,0,49
TXN0001569,2024-01-19T18:24:00,18,M0010,SaaS,high,C01139,12,1,816,0.0541,774.91,wallet,PNB,505493,18,4,0,0,0,0,0,0,0,1,0,0,0,63
TXN0001570,2024-01-19T09:58:00,18,M0026,Retail,high,C01275,228,18,5362,0.0179,2514.49,upi,PNB,555377,9,4,0,0,0,1,0,0,0,0,0,0,0,16
TXN0001571,2024-01-19T07:35:00,18,M0118,Retail,mid,C00213,741,100,11338,0.0295,3010.91,netbanking,HDFC,527060,7,4,0,6,0,1,0,0,0,0,0,0,0,41
TXN0001572,2024-01-19T09:11:00,18,M0132,Food,mid,C00610,941,55,13937,0.0074,3080.61,card,SBI,467140,9,4,0,0,0,0,1,0,0,1,1,1,0,63
TXN0001573,2024-01-19T01:12:00,18,M0193,B2B,low,C01108,159,19,6909,0.148,27606.34,upi,ICICI,569012,1,4,0,0,0,0,0,0,0,0,1,1,0,14
TXN0001574,2024-01-19T20:36:00,18,M0167,SaaS,low,C00204,104,17,7774,0.0827,1733.36,netbanking,HDFC,576737,20,4,0,0,0,0,0,0,0,0,0,0,0,16
TXN0001575,2024-01-19T13:21:00,18,M0034,Retail,high,C00906,217,13,6576,0.0693,9083.63,upi,Axis,407548,13,4,0,0,0,1,0,0,0,0,0,0,0,60
TXN0001576,2024-01-19T15:55:00,18,M0137,B2B,mid,C01218,166,13,3533,0.0365,32382.99,upi,SBI,582068,15,4,0,0,0,2,0,0,0,0,1,1,0,28
TXN0001577,2024-01-19T14:08:00,18,M0082,B2B,high,C00259,22,2,1896,0.1789,58774.04,upi,Yes,551942,14,4,0,0,0,0,0,0,0,0,1,1,0,19
TXN0001578,2024-01-19T09:00:00,18,M0134,Services,low,C01129,210,6,3376,0.0541,3479.07,card,HDFC,598117,9,4,0,0,0,1,0,0,0,1,0,0,0,16
TXN0001579,2024-01-19T08:55:00,18,M0015,Services,low,C01110,168,20,6680,0.0808,5559.24,upi,Canara,400683,8,4,0,0,0,0,0,0,0,0,0,0,0,20
TXN0001580,2024-01-19T19:38:00,18,M0116,Services,low,C00274,16,2,1546,0.0683,2924.83,wallet,Axis,546655,19,4,0,0,0,0,0,0,0,0,0,0,1,64
TXN0001581,2024-01-19T10:38:00,18,M0138,Services,mid,C00998,188,8,4691,0.1272,5022.69,card,Axis,468824,10,4,0,0,0,0,0,0,0,1,0,0,0,45
TXN0001582,2024-01-19T22:35:00,18,M0155,SaaS,mid,C00199,7,2,1595,0.2347,1637.01,netbanking,ICICI,512353,22,4,0,0,0,0,0,0,0,0,0,0,1,54
TXN0001583,2024-01-19T18:32:00,18,M0040,SaaS,mid,C01335,21,4,541,0.0082,361.22,upi,Canara,564189,18,4,0,0,0,0,0,0,0,1,0,0,0,62
TXN0001584,2024-01-19T14:02:00,18,M0132,Food,mid,C00616,911,58,7892,0.0092,4669.67,wallet,SBI,405611,14,4,0,0,0,0,0,0,0,0,0,0,0,54
TXN0001585,2024-01-19T14:31:00,18,M0005,Logistics,high,C00728,70,9,6554,0.1071,10298.95,netbanking,Yes,566805,14,4,0,0,0,0,0,0,0,1,0,0,0,56
TXN0001586,2024-01-19T01:06:00,18,M0140,Logistics,high,C00549,6,2,719,0.0845,6469.82,card,Kotak,562706,1,4,0,0,0,0,0,0,0,0,1,1,0,62
TXN0001587,2024-01-19T16:57:00,18,M0123,Logistics,high,C01389,9,2,852,0.0691,10988.62,netbanking,Canara,526981,16,4,0,0,0,0,0,0,0,0,0,0,1,72
TXN0001588,2024-01-19T07:34:00,18,M0013,Logistics,high,C01405,22,1,758,0.1553,8270.7,netbanking,ICICI,532353,7,4,0,1,1,1,0,0,1,1,0,0,0,61
TXN0001589,2024-01-19T01:49:00,18,M0034,Retail,high,C00093,16,3,624,0.0975,1941.05,wallet,PNB,490235,1,4,0,0,0,0,0,0,0,0,0,0,0,34
TXN0001590,2024-01-19T10:24:00,18,M0088,Food,low,C00284,22,2,1162,0.105,730.28,netbanking,Canara,429246,10,4,0,0,0,0,0,0,0,1,0,0,0,23
TXN0001591,2024-01-19T10:15:00,18,M0087,Logistics,mid,C00721,195,19,4751,0.0478,4978.93,upi,Kotak,497485,10,4,0,0,0,0,0,0,0,0,0,0,1,36
TXN0001592,2024-01-19T20:41:00,18,M0054,Retail,mid,C00401,167,8,5190,0.0369,3725.14,netbanking,Yes,547809,20,4,0,0,0,1,1,0,0,1,1,1,0,45
TXN0001593,2024-01-19T15:39:00,18,M0026,Retail,high,C01362,246,18,2751,0.1251,3251.19,wallet,Kotak,450771,15,4,0,0,1,1,0,0,0,0,0,0,0,46
TXN0001594,2024-01-19T15:28:00,18,M0159,Services,low,C00005,9,1,1256,0.1416,5211.57,wallet,PNB,582777,15,4,0,0,0,1,0,0,0,0,0,0,0,25
TXN0001595,2024-01-19T17:44:00,18,M0183,Retail,mid,C01035,242,10,4320,0.0826,2968.27,wallet,Yes,442615,17,4,0,0,0,0,0,0,0,0,0,0,0,40
TXN0001596,2024-01-19T10:42:00,18,M0144,Retail,low,C00074,19,1,1979,0.0283,2597.81,netbanking,Yes,562836,10,4,0,0,0,0,0,0,0,0,0,0,0,72
TXN0001597,2024-01-19T20:06:00,18,M0113,Services,high,C00867,176,15,2934,0.1788,3628.85,card,Yes,552442,20,4,0,0,0,1,0,0,0,1,0,0,0,59
TXN0001598,2024-01-19T08:51:00,18,M0060,Services,high,C00535,199,20,2487,0.0332,1600.79,card,Canara,470776,8,4,0,0,0,1,0,0,0,0,0,0,0,70
TXN0001599,2024-01-19T05:13:00,18,M0072,SaaS,high,C01222,809,61,11869,0.0028,3550.2,card,Kotak,471773,5,4,0,12,1,1,0,0,0,1,0,0,0,38
TXN0001600,2024-01-19T11:04:00,18,M0000,Logistics,low,C00371,246,18,5955,0.1486,3519.25,upi,Kotak,577736,11,4,0,8,0,1,0,0,0,0,0,0,0,72
TXN0001601,2024-01-19T16:59:00,18,M0089,Food,low,C00195,125,20,2752,0.0288,1649.5,wallet,HDFC,566068,16,4,0,0,0,0,1,0,0,1,1,1,0,58
TXN0001602,2024-01-19T20:16:00,18,M0062,B2B,low,C00683,753,81,24259,0.0033,22900.86,upi,Axis,560643,20,4,0,0,0,0,0,1,1,1,1,1,0,53
TXN0001603,2024-01-19T15:12:00,18,M0135,Retail,low,C01237,12,3,1754,0.1256,1178.82,netbanking,PNB,462878,15,4,0,0,0,0,0,0,0,0,0,0,1,16
TXN0001604,2024-01-19T15:49:00,18,M0134,Services,low,C00315,14,2,1450,0.0587,4069.5,netbanking,Canara,586499,15,4,0,0,0,2,0,0,0,0,1,1,0,65
TXN0001605,2024-01-19T15:00:00,18,M0051,Food,low,C01074,6,4,1334,0.1,1406.1,wallet,Yes,484735,15,4,0,0,1,1,0,0,0,0,0,0,1,52
TXN0001606,2024-01-19T21:55:00,18,M0191,Logistics,high,C00079,234,12,5076,0.0979,12524.18,wallet,Axis,580931,21,4,0,0,0,0,0,0,0,1,0,0,1,14
TXN0001607,2024-01-19T17:15:00,18,M0109,Services,low,C01154,150,18,5285,0.0879,3579.35,card,PNB,428524,17,4,0,0,0,0,0,0,0,1,0,0,0,22
TXN0001608,2024-01-20T21:19:00,19,M0105,SaaS,high,C01391,114,20,6475,0.0823,8268.88,upi,ICICI,449985,21,5,1,0,0,0,0,0,0,0,0,0,1,50
TXN0001609,2024-01-20T16:21:00,19,M0043,Logistics,high,C01115,113,12,1457,0.1206,10004.74,upi,Canara,507700,16,5,1,0,0,0,0,0,0,1,0,0,0,59
TXN0001610,2024-01-20T18:18:00,19,M0178,Logistics,low,C01063,16,2,1323,0.0664,3400.27,wallet,ICICI,472108,18,5,1,0,0,1,0,1,1,1,1,1,0,53
TXN0001611,2024-01-20T20:15:00,19,M0119,Retail,high,C00081,18,3,1435,0.0842,2320.34,wallet,Axis,512544,20,5,1,0,0,0,0,0,0,1,0,0,0,32
TXN0001612,2024-01-20T12:29:00,19,M0153,Food,low,C01369,11,1,1181,0.2256,1081.53,card,SBI,538956,12,5,1,0,0,0,0,0,0,1,0,0,1,58
TXN0001613,2024-01-20T08:10:00,19,M0021,SaaS,mid,C00403,20,3,980,0.0023,1091.6,upi,ICICI,472849,8,5,1,0,0,0,0,0,0,1,0,0,0,33
TXN0001614,2024-01-20T19:24:00,19,M0041,B2B,low,C00379,9,2,1731,0.1003,26080.61,netbanking,HDFC,473280,19,5,1,0,0,0,1,0,0,1,1,1,0,51
TXN0001615,2024-01-20T08:21:00,19,M0177,Food,low,C00387,8,4,762,0.1501,549.08,upi,HDFC,489219,8,5,1,0,0,1,0,0,0,1,0,0,1,52
TXN0001616,2024-01-20T14:03:00,19,M0190,Services,low,C00548,224,15,1904,0.043,1966.93,upi,PNB,418360,14,5,1,0,0,1,0,0,0,0,0,0,1,31
TXN0001617,2024-01-20T12:40:00,19,M0128,B2B,high,C00610,941,55,13937,0.0074,24101.33,wallet,SBI,574213,12,5,1,0,0,1,0,0,0,0,0,0,1,72
TXN0001618,2024-01-20T07:43:00,19,M0169,Food,low,C00001,266,5,6471,0.1662,5316.27,wallet,SBI,571270,7,5,1,11,0,0,0,0,0,1,0,0,0,39
TXN0001619,2024-01-20T13:50:00,19,M0168,Food,high,C00835,979,88,23266,0.031,7017.56,netbanking,SBI,475775,13,5,1,0,0,0,0,0,0,0,0,0,0,24
TXN0001620,2024-01-20T19:46:00,19,M0183,Retail,mid,C00319,12,4,1935,0.1573,1077.74,card,Canara,418663,19,5,1,0,0,0,0,0,0,0,0,0,0,57
TXN0001621,2024-01-20T16:01:00,19,M0068,B2B,low,C00389,144,16,3134,0.1005,62965.62,card,PNB,472256,16,5,1,0,0,0,0,0,0,1,1,1,0,47
TXN0001622,2024-01-20T16:18:00,19,M0118,Retail,mid,C00126,6,4,711,0.1739,1325.24,upi,ICICI,592194,16,5,1,0,0,0,0,0,0,1,0,0,1,65
TXN0001623,2024-01-20T15:19:00,19,M0074,Services,high,C01072,856,104,9501,0.0112,10141.25,upi,HDFC,515165,15,5,1,0,0,1,0,0,0,1,0,0,1,16
TXN0001624,2024-01-20T03:36:00,19,M0187,SaaS,high,C00600,115,20,4717,0.0706,4974.53,upi,HDFC,520172,3,5,1,0,0,0,1,0,0,0,1,1,0,55
TXN0001625,2024-01-20T18:13:00,19,M0052,Logistics,mid,C00153,187,16,7531,0.082,5357.54,upi,Kotak,430412,18,5,1,0,0,0,0,0,0,1,0,0,0,71
TXN0001626,2024-01-20T07:46:00,19,M0018,SaaS,high,C00680,76,14,5093,0.1005,2499.61,upi,ICICI,585952,7,5,1,0,0,0,0,0,0,0,0,0,0,42
TXN0001627,2024-01-20T08:07:00,19,M0024,B2B,mid,C00524,820,108,23678,0.0222,21307.26,netbanking,Yes,456479,8,5,1,0,0,0,0,1,0,0,1,1,0,43
TXN0001628,2024-01-20T00:09:00,19,M0051,Food,low,C01022,974,77,19220,0.0059,16539.56,netbanking,HDFC,543862,0,5,1,0,0,0,1,0,0,0,1,1,0,14
TXN0001629,2024-01-20T10:14:00,19,M0189,SaaS,mid,C01248,819,99,16764,0.0629,7496.53,upi,Kotak,415445,10,5,1,0,0,0,0,0,0,0,0,0,0,55
TXN0001630,2024-01-20T15:45:00,19,M0129,Services,low,C00234,20,4,1443,0.0488,724.27,upi,Yes,586116,15,5,1,0,0,0,0,0,0,0,0,0,1,51
TXN0001631,2024-01-20T17:52:00,19,M0038,B2B,mid,C00728,70,9,6554,0.1071,19102.56,wallet,PNB,472996,17,5,1,0,0,1,0,1,0,0,1,1,0,14
TXN0001632,2024-01-20T20:09:00,19,M0085,SaaS,mid,C00143,1000,104,6643,0.0326,4635.97,upi,Canara,400798,20,5,1,0,0,0,0,0,0,0,0,0,0,28
TXN0001633,2024-01-20T11:45:00,19,M0013,Logistics,high,C01030,903,105,7868,0.0201,13222.28,wallet,PNB,421993,11,5,1,0,0,1,0,0,0,0,0,0,0,22
TXN0001634,2024-01-20T08:51:00,19,M0004,Logistics,low,C00168,12,3,1562,0.291,936.92,wallet,ICICI,422920,8,5,1,0,0,0,0,0,0,1,0,0,0,29
TXN0001635,2024-01-20T16:30:00,19,M0000,Logistics,low,C01379,877,76,14212,0.0235,17925.49,netbanking,HDFC,502531,16,5,1,0,0,1,0,0,0,0,0,0,0,43
TXN0001636,2024-01-20T01:41:00,19,M0109,Services,low,C00017,816,60,12299,0.0135,12459.94,upi,PNB,564032,1,5,1,0,0,0,1,1,0,0,1,1,0,56
TXN0001637,2024-01-20T11:23:00,19,M0181,Food,high,C01209,15,4,790,0.0451,3855.99,upi,PNB,412628,11,5,1,0,0,2,0,0,0,0,0,0,1,50
TXN0001638,2024-01-20T11:37:00,19,M0162,Services,high,C01196,22,2,1850,0.1106,3010.78,upi,Axis,435109,11,5,1,0,0,1,0,0,0,1,0,0,1,40
TXN0001639,2024-01-20T22:49:00,19,M0071,Retail,low,C01154,150,18,5285,0.0879,12020.54,card,ICICI,487137,22,5,1,0,0,1,0,0,0,0,0,0,0,72
TXN0001640,2024-01-20T05:34:00,19,M0170,Logistics,mid,C00270,170,17,1239,0.1579,23603.4,wallet,Yes,503713,5,5,1,0,0,0,0,0,0,0,1,1,0,25
TXN0001641,2024-01-20T23:31:00,19,M0197,Food,low,C00665,272,7,1097,0.067,441.36,wallet,ICICI,400558,23,5,1,14,0,0,0,0,0,1,0,0,1,21
TXN0001642,2024-01-20T20:52:00,19,M0001,Retail,high,C01029,18,2,615,0.0338,972.86,netbanking,ICICI,505001,20,5,1,0,0,0,1,0,0,0,1,1,0,43
TXN0001643,2024-01-20T14:47:00,19,M0101,Food,low,C00533,246,5,2907,0.0373,1018.13,wallet,SBI,513122,14,5,1,0,0,0,0,0,0,0,0,0,0,61
TXN0001644,2024-01-20T18:11:00,19,M0165,Services,low,C00077,283,8,4634,0.0584,2345.77,wallet,Kotak,563777,18,5,1,0,0,0,0,0,0,1,0,0,0,24
TXN0001645,2024-01-20T08:38:00,19,M0171,Retail,low,C01198,23,3,1138,0.1846,1693.94,card,Canara,460777,8,5,1,0,0,0,0,0,0,0,0,0,1,14
TXN0001646,2024-01-20T09:47:00,19,M0158,Retail,low,C00126,6,4,711,0.1739,1641.47,card,Kotak,555618,9,5,1,1,1,1,0,0,0,0,0,0,1,71
TXN0001647,2024-01-20T17:42:00,19,M0087,Logistics,mid,C00321,931,91,13422,0.0134,23590.87,wallet,HDFC,423232,17,5,1,0,0,0,1,0,1,0,1,1,0,39
TXN0001648,2024-01-20T16:45:00,19,M0081,Logistics,high,C01035,242,10,4320,0.0826,19769.97,netbanking,Kotak,584142,16,5,1,0,1,1,0,0,0,1,1,1,0,54
TXN0001649,2024-01-20T16:56:00,19,M0076,Services,high,C01478,168,13,2908,0.0476,2329.38,upi,Kotak,477126,16,5,1,0,0,0,0,0,0,0,0,0,0,14
TXN0001650,2024-01-20T23:11:00,19,M0035,SaaS,mid,C01239,20,3,1092,0.1306,3285.46,upi,HDFC,476411,23,5,1,0,0,0,0,0,0,0,0,0,0,45
TXN0001651,2024-01-20T09:15:00,19,M0108,Food,high,C00046,899,95,17868,0.007,16976.36,upi,Axis,452245,9,5,1,0,0,2,0,0,0,0,0,0,0,18
TXN0001652,2024-01-20T10:56:00,19,M0077,Services,high,C01332,12,1,573,0.2078,1854.23,upi,Canara,533264,10,5,1,0,0,1,0,0,0,0,0,0,0,33
TXN0001653,2024-01-20T22:20:00,19,M0085,SaaS,mid,C00001,266,5,6471,0.1662,1894.38,wallet,ICICI,470549,22,5,1,0,1,1,0,0,0,1,0,0,0,29
TXN0001654,2024-01-20T12:14:00,19,M0021,SaaS,mid,C00729,83,15,1450,0.1125,1788.92,netbanking,Axis,509202,12,5,1,0,0,0,0,0,0,0,0,0,0,40
TXN0001655,2024-01-20T18:30:00,19,M0135,Retail,low,C00331,24,2,1825,0.0553,4063.71,netbanking,HDFC,590237,18,5,1,0,0,1,0,0,0,0,0,0,0,49
TXN0001656,2024-01-20T08:54:00,19,M0039,Logistics,mid,C00670,6,4,1295,0.065,6775.01,wallet,PNB,486110,8,5,1,0,0,1,0,0,0,1,0,0,1,31
TXN0001657,2024-01-20T08:17:00,19,M0120,Food,low,C00248,151,17,4537,0.044,2073.87,netbanking,SBI,549440,8,5,1,0,0,0,1,0,0,0,0,1,0,42
TXN0001658,2024-01-20T09:43:00,19,M0092,Food,low,C00795,954,90,24116,0.0144,7371.52,netbanking,Yes,462092,9,5,1,0,0,0,1,0,0,1,0,1,0,72
TXN0001659,2024-01-20T09:02:00,19,M0043,Logistics,high,C00371,246,18,5955,0.1486,39565.79,upi,ICICI,547376,9,5,1,0,1,2,0,0,0,0,1,1,0,61
TXN0001660,2024-01-20T09:15:00,19,M0176,SaaS,low,C01242,801,109,18019,0.0054,5149.32,netbanking,Axis,406462,9,5,1,11,0,0,0,0,0,0,0,0,0,56
TXN0001661,2024-01-20T10:17:00,19,M0169,Food,low,C00954,139,11,5116,0.1756,5075.33,wallet,PNB,584184,10,5,1,0,0,0,0,0,0,0,0,0,1,57
TXN0001662,2024-01-20T12:12:00,19,M0142,Retail,mid,C01303,959,102,23671,0.0101,17178.2,wallet,Axis,525940,12,5,1,0,0,0,0,0,0,0,0,0,0,33
TXN0001663,2024-01-20T05:31:00,19,M0104,Food,low,C00251,10,4,1419,0.1389,1991.45,card,ICICI,549203,5,5,1,0,0,0,0,0,0,1,0,0,1,39
TXN0001664,2024-01-20T18:42:00,19,M0106,Services,high,C01471,226,11,7159,0.0178,3328.69,card,SBI,481794,18,5,1,0,0,0,0,0,0,0,0,0,0,52
TXN0001665,2024-01-20T22:59:00,19,M0046,SaaS,high,C00257,237,11,4924,0.0529,2013.58,wallet,SBI,487551,22,5,1,0,0,0,0,0,0,0,0,0,0,23
TXN0001666,2024-01-20T18:14:00,19,M0049,Services,mid,C00646,9,2,523,0.1528,2888.79,netbanking,SBI,447377,18,5,1,0,0,0,0,0,0,0,0,0,1,64
TXN0001667,2024-01-20T12:27:00,19,M0144,Retail,low,C00682,233,9,7070,0.098,8614.14,card,Axis,504922,12,5,1,0,0,0,0,0,0,1,0,0,0,32
TXN0001668,2024-01-20T17:47:00,19,M0002,B2B,low,C00456,966,120,5396,0.0062,47233.99,netbanking,PNB,518267,17,5,1,0,0,1,0,0,0,0,1,1,0,16
TXN0001669,2024-01-20T19:48:00,19,M0074,Services,high,C01186,985,55,11992,0.0131,9763.57,card,SBI,410777,19,5,1,0,0,1,0,0,0,1,0,0,0,71
TXN0001670,2024-01-20T21:12:00,19,M0055,Services,mid,C00675,765,119,10400,0.0,5019.37,netbanking,Kotak,588574,21,5,1,0,0,0,0,0,0,0,0,0,0,68
TXN0001671,2024-01-20T11:28:00,19,M0029,Retail,high,C00062,23,4,1800,0.1931,1495.5,card,ICICI,423482,11,5,1,0,0,1,0,0,0,1,0,0,1,40
TXN0001672,2024-01-20T10:27:00,19,M0067,Food,mid,C00435,845,97,22280,0.0149,23306.1,upi,Axis,534113,10,5,1,0,0,1,0,0,0,0,0,0,1,44
TXN0001673,2024-01-20T11:19:00,19,M0049,Services,mid,C01203,13,3,700,0.0223,2803.67,upi,HDFC,485650,11,5,1,9,0,0,0,0,0,0,0,0,1,67
TXN0001674,2024-01-20T20:17:00,19,M0107,SaaS,mid,C01066,151,11,1906,0.0889,2125.6,netbanking,Kotak,550553,20,5,1,0,0,0,0,0,0,0,0,0,0,53
TXN0001675,2024-01-20T22:38:00,19,M0165,Services,low,C01276,24,3,1037,0.1616,3616.46,wallet,Yes,583332,22,5,1,0,0,0,0,0,0,1,0,0,1,65
TXN0001676,2024-01-20T18:01:00,19,M0094,SaaS,high,C01175,16,1,944,0.0192,614.91,wallet,HDFC,563595,18,5,1,9,0,0,0,0,0,1,0,0,0,31
TXN0001677,2024-01-20T09:38:00,19,M0093,SaaS,mid,C01293,247,18,5415,0.1497,5140.71,upi,Yes,457786,9,5,1,0,0,0,0,0,0,0,0,0,0,39
TXN0001678,2024-01-20T16:34:00,19,M0190,Services,low,C00353,227,10,5975,0.0345,13468.3,netbanking,ICICI,579084,16,5,1,0,0,0,0,1,0,0,1,1,0,22
TXN0001679,2024-01-20T18:57:00,19,M0183,Retail,mid,C00579,15,4,1845,0.033,1054.45,upi,Axis,534504,18,5,1,0,0,1,0,0,0,0,0,0,1,56
TXN0001680,2024-01-20T15:43:00,19,M0101,Food,low,C00819,79,12,7293,0.1004,4014.85,netbanking,Axis,558887,15,5,1,0,0,0,0,0,0,0,0,0,0,14
TXN0001681,2024-01-20T07:49:00,19,M0131,Logistics,high,C01386,785,103,16955,0.0407,23824.3,upi,Axis,518540,7,5,1,0,0,2,0,0,0,0,0,0,0,21
TXN0001682,2024-01-20T10:22:00,19,M0013,Logistics,high,C00754,16,4,1368,0.0617,6307.14,netbanking,HDFC,589479,10,5,1,0,0,1,1,0,0,0,1,1,0,19
TXN0001683,2024-01-20T14:15:00,19,M0070,Services,low,C00029,264,17,6932,0.0507,2526.22,upi,SBI,578787,14,5,1,0,0,2,0,0,0,1,0,0,0,71
TXN0001684,2024-01-20T16:10:00,19,M0026,Retail,high,C00017,816,60,12299,0.0135,18644.31,card,Canara,416055,16,5,1,0,1,1,0,0,0,0,1,1,0,51
TXN0001685,2024-01-20T14:06:00,19,M0048,SaaS,mid,C01354,125,11,1634,0.1324,799.35,wallet,Yes,598477,14,5,1,0,0,0,0,0,0,0,0,0,1,64
TXN0001686,2024-01-20T10:05:00,19,M0019,Services,mid,C00269,192,10,5521,0.0392,3295.83,wallet,Yes,496646,10,5,1,0,0,1,0,0,0,0,0,0,0,41
TXN0001687,2024-01-20T18:12:00,19,M0062,B2B,low,C00382,183,7,3754,0.1617,8527.35,upi,Yes,452353,18,5,1,0,0,0,0,0,0,0,0,0,0,58
TXN0001688,2024-01-20T20:46:00,19,M0146,Food,mid,C01312,5,3,916,0.0576,601.73,wallet,SBI,522385,20,5,1,0,0,1,0,0,0,0,0,0,1,15
TXN0001689,2024-01-20T20:32:00,19,M0095,Food,low,C01193,262,17,3211,0.1334,1505.82,wallet,Kotak,464701,20,5,1,0,0,0,0,0,0,1,0,0,0,18
TXN0001690,2024-01-20T09:33:00,19,M0123,Logistics,high,C00406,233,15,4489,0.2614,5616.41,card,PNB,482407,9,5,1,8,0,2,0,0,0,0,0,0,0,27
TXN0001691,2024-01-20T10:31:00,19,M0184,Logistics,high,C00538,22,1,1018,0.095,4711.84,card,HDFC,436305,10,5,1,0,0,0,0,0,0,1,0,0,1,13
TXN0001692,2024-01-20T08:18:00,19,M0003,SaaS,low,C00236,165,9,7902,0.1522,2855.29,netbanking,SBI,593720,8,5,1,0,0,0,0,0,0,0,1,1,0,42
TXN0001693,2024-01-20T15:41:00,19,M0006,Food,low,C01352,19,2,636,0.0786,493.65,upi,ICICI,455493,15,5,1,0,0,0,0,0,0,0,0,0,0,56
TXN0001694,2024-01-20T08:28:00,19,M0111,Logistics,low,C00593,288,9,4220,0.0945,11693.31,netbanking,HDFC,572533,8,5,1,0,0,0,0,0,0,0,0,0,0,23
TXN0001695,2024-01-20T22:23:00,19,M0032,Food,low,C00093,16,3,624,0.0975,940.86,card,ICICI,506504,22,5,1,0,0,1,0,0,0,0,1,1,0,39
TXN0001696,2024-01-20T16:58:00,19,M0103,Services,low,C01272,201,11,2005,0.0898,5767.64,upi,ICICI,497012,16,5,1,0,0,0,0,0,0,0,0,0,0,20
TXN0001697,2024-01-20T21:33:00,19,M0061,Services,low,C01193,262,17,3211,0.1334,1099.1,netbanking,PNB,594187,21,5,1,0,1,1,0,0,0,1,0,0,0,16
TXN0001698,2024-01-20T20:33:00,19,M0071,Retail,low,C00945,201,19,6918,0.026,6360.52,netbanking,HDFC,415845,20,5,1,0,0,0,0,0,0,0,0,0,0,28
TXN0001699,2024-01-20T10:14:00,19,M0198,Food,mid,C01042,11,2,1733,0.1162,1437.96,upi,ICICI,541181,10,5,1,0,0,0,0,0,0,0,0,0,0,45
TXN0001700,2024-01-20T10:28:00,19,M0043,Logistics,high,C01003,891,80,14836,0.0225,27956.11,wallet,Axis,581302,10,5,1,0,0,2,0,0,0,0,1,1,0,52
TXN0001701,2024-01-20T13:20:00,19,M0026,Retail,high,C01311,103,5,5902,0.2606,4579.28,wallet,Canara,566926,13,5,1,0,1,1,0,0,0,0,0,0,0,50
TXN0001702,2024-01-20T05:19:00,19,M0184,Logistics,high,C00124,769,61,23152,0.0186,18256.21,upi,SBI,523405,5,5,1,0,0,0,0,0,0,0,1,1,0,23
TXN0001703,2024-01-21T11:44:00,20,M0163,Logistics,high,C00375,745,80,15204,0.0135,17944.99,netbanking,PNB,484074,11,6,1,0,0,0,1,0,0,0,0,1,1,31
TXN0001704,2024-01-21T13:08:00,20,M0039,Logistics,mid,C00552,270,13,5333,0.0504,6664.67,wallet,HDFC,519959,13,6,1,0,0,1,1,0,0,0,1,1,0,57
TXN0001705,2024-01-21T12:03:00,20,M0015,Services,low,C01406,854,117,21647,0.0155,7175.29,netbanking,PNB,588919,12,6,1,0,0,1,0,0,0,0,0,0,0,62
TXN0001706,2024-01-21T20:24:00,20,M0045,Food,high,C00121,79,10,7331,0.1149,5195.21,netbanking,Kotak,418924,20,6,1,0,0,0,0,0,0,0,0,0,0,63
TXN0001707,2024-01-21T11:25:00,20,M0008,Retail,low,C01387,998,75,21611,0.0326,5789.73,wallet,Yes,432665,11,6,1,0,0,0,0,0,0,0,0,0,0,62
TXN0001708,2024-01-21T12:14:00,20,M0045,Food,high,C01180,289,7,4681,0.1057,2374.63,upi,Canara,519908,12,6,1,0,0,0,0,0,0,1,0,0,0,41
TXN0001709,2024-01-21T10:32:00,20,M0064,Food,high,C01265,12,1,1705,0.0059,3772.19,wallet,Canara,455948,10,6,1,0,0,0,0,0,0,0,0,0,0,45
TXN0001710,2024-01-21T16:37:00,20,M0014,Logistics,high,C00241,746,61,16280,0.0092,7466.02,upi,PNB,571176,16,6,1,10,0,0,0,0,0,1,0,0,0,29
TXN0001711,2024-01-21T11:17:00,20,M0140,Logistics,high,C01395,20,2,590,0.0494,10006.56,card,Axis,572671,11,6,1,0,0,0,0,0,0,0,0,0,1,20
TXN0001712,2024-01-21T11:53:00,20,M0030,B2B,high,C00609,8,1,1452,0.0926,28087.19,netbanking,Kotak,477005,11,6,1,0,0,0,1,0,0,0,1,1,0,60
TXN0001713,2024-01-21T08:42:00,20,M0067,Food,mid,C00406,233,15,4489,0.2614,2434.18,card,Kotak,504068,8,6,1,0,1,3,0,0,0,0,0,0,0,63
TXN0001714,2024-01-21T20:55:00,20,M0101,Food,low,C00019,767,108,16580,0.0404,3593.1,upi,ICICI,420168,20,6,1,0,0,0,0,0,0,0,0,0,0,19
TXN0001715,2024-01-21T12:50:00,20,M0046,SaaS,high,C00711,292,16,1422,0.0271,1489.53,netbanking,ICICI,544692,12,6,1,0,0,0,1,0,0,0,0,1,0,42
TXN0001716,2024-01-21T13:10:00,20,M0099,B2B,low,C00177,65,7,4221,0.1108,24207.29,wallet,Axis,461577,13,6,1,0,0,0,0,0,0,1,0,0,0,44
TXN0001717,2024-01-21T19:07:00,20,M0051,Food,low,C00398,5,2,752,0.1093,747.82,netbanking,PNB,488054,19,6,1,0,0,1,0,0,0,1,0,0,1,23
TXN0001718,2024-01-21T19:17:00,20,M0036,Retail,low,C00992,126,19,6579,0.0334,2699.75,wallet,Kotak,517853,19,6,1,0,0,0,1,0,0,0,0,1,1,48
TXN0001719,2024-01-21T11:46:00,20,M0058,B2B,low,C01185,768,103,17260,0.0082,21071.74,card,Axis,591085,11,6,1,0,0,0,0,0,0,1,1,1,0,37
TXN0001720,2024-01-21T07:19:00,20,M0187,SaaS,high,C01175,16,1,944,0.0192,2345.51,wallet,ICICI,574271,7,6,1,0,1,1,0,1,0,0,1,1,0,44
TXN0001721,2024-01-21T05:01:00,20,M0192,B2B,mid,C00063,86,10,3701,0.0681,30775.32,netbanking,SBI,502159,5,6,1,0,0,1,0,0,0,0,0,1,0,56
TXN0001722,2024-01-21T20:06:00,20,M0180,Food,low,C01455,10,2,1166,0.1054,1272.96,wallet,Kotak,494762,20,6,1,0,0,0,0,0,0,0,0,0,0,37
TXN0001723,2024-01-21T08:18:00,20,M0086,Retail,high,C01438,223,12,1229,0.2301,1562.19,wallet,Yes,439043,8,6,1,0,0,0,0,0,0,0,0,0,0,59
TXN0001724,2024-01-21T20:42:00,20,M0078,B2B,high,C00980,292,12,7565,0.1281,26699.09,wallet,Yes,495668,20,6,1,0,0,0,0,1,0,0,1,1,0,71
TXN0001725,2024-01-21T13:57:00,20,M0055,Services,mid,C00886,7,2,1128,0.0251,2960.24,upi,PNB,508123,13,6,1,0,0,0,0,0,0,0,0,0,0,59
TXN0001726,2024-01-21T10:45:00,20,M0047,Logistics,low,C00282,851,76,22265,0.0191,12125.63,card,Kotak,559147,10,6,1,0,0,0,0,0,0,0,0,0,0,39
TXN0001727,2024-01-21T09:57:00,20,M0050,Logistics,high,C00245,79,14,2330,0.0808,8622.27,wallet,Axis,534535,9,6,1,0,0,0,0,0,0,0,0,0,0,63
TXN0001728,2024-01-21T10:02:00,20,M0174,SaaS,low,C01180,289,7,4681,0.1057,2756.53,upi,Kotak,482332,10,6,1,1,1,1,0,0,0,0,0,0,0,17
TXN0001729,2024-01-21T23:45:00,20,M0055,Services,mid,C00650,236,7,2163,0.1174,5039.72,card,Yes,468469,23,6,1,0,0,1,0,0,0,1,0,0,0,34
TXN0001730,2024-01-21T13:57:00,20,M0066,Food,mid,C00432,68,16,7668,0.0738,2035.64,netbanking,Yes,544456,13,6,1,14,0,0,0,0,0,1,0,0,0,44
TXN0001731,2024-01-21T12:43:00,20,M0077,Services,high,C00709,766,99,13908,0.0162,7691.37,upi,Kotak,484474,12,6,1,0,0,1,0,0,0,0,0,0,0,18
TXN0001732,2024-01-21T12:18:00,20,M0051,Food,low,C00444,14,1,1558,0.2692,704.19,wallet,Canara,420506,12,6,1,0,0,0,0,0,0,0,1,1,0,42
TXN0001733,2024-01-21T11:15:00,20,M0001,Retail,high,C00855,10,1,1044,0.075,6300.63,wallet,SBI,555734,11,6,1,0,0,2,0,0,0,0,0,0,0,66
TXN0001734,2024-01-21T15:04:00,20,M0013,Logistics,high,C00558,871,120,19753,0.0192,8273.16,wallet,Kotak,528817,15,6,1,0,0,0,0,0,0,1,0,0,0,61
TXN0001735,2024-01-21T10:56:00,20,M0029,Retail,high,C01244,243,9,3280,0.1395,7195.94,netbanking,HDFC,459426,10,6,1,0,0,0,0,0,0,0,0,0,0,66
TXN0001736,2024-01-21T12:37:00,20,M0096,Food,mid,C00976,5,1,1132,0.0574,746.68,upi,Axis,533549,12,6,1,0,0,0,0,0,0,0,0,0,0,44
TXN0001737,2024-01-21T09:39:00,20,M0193,B2B,low,C01070,15,4,1722,0.1733,16208.71,upi,Canara,522195,9,6,1,0,0,0,0,0,0,0,0,0,0,44
TXN0001738,2024-01-21T07:45:00,20,M0100,Retail,low,C01440,21,3,1571,0.0698,4222.18,upi,PNB,497232,7,6,1,0,0,0,0,0,0,0,0,0,0,33
TXN0001739,2024-01-21T09:23:00,20,M0152,Retail,high,C00681,6,3,1976,0.0131,1840.44,upi,Canara,584517,9,6,1,0,0,1,0,0,0,0,0,0,1,56
TXN0001740,2024-01-21T17:49:00,20,M0160,Services,mid,C00566,81,17,5110,0.0665,1700.75,upi,PNB,521270,17,6,1,0,0,0,0,0,0,1,0,0,0,70
TXN0001741,2024-01-21T09:19:00,20,M0036,Retail,low,C01126,71,20,1374,0.0499,4023.28,upi,Axis,496516,9,6,1,0,0,1,0,1,0,0,1,1,0,36
TXN0001742,2024-01-21T19:31:00,20,M0059,Logistics,mid,C00102,143,17,5893,0.0911,14001.36,netbanking,HDFC,527838,19,6,1,0,0,0,0,0,0,0,0,0,0,26
TXN0001743,2024-01-21T05:03:00,20,M0071,Retail,low,C00835,979,88,23266,0.031,5699.83,netbanking,HDFC,416783,5,6,1,0,1,1,0,0,0,1,0,0,1,40
TXN0001744,2024-01-21T15:03:00,20,M0065,B2B,high,C01381,181,9,4827,0.1171,45895.5,wallet,Yes,525852,15,6,1,0,0,0,0,0,0,1,1,1,0,36
TXN0001745,2024-01-21T09:13:00,20,M0139,Logistics,low,C00579,15,4,1845,0.033,2363.24,upi,Axis,586894,9,6,1,0,1,2,0,0,0,1,0,0,1,15
TXN0001746,2024-01-21T07:50:00,20,M0143,Logistics,mid,C00282,851,76,22265,0.0191,14264.77,upi,Axis,495981,7,6,1,1,1,1,0,1,0,0,1,1,0,67
TXN0001747,2024-01-21T08:18:00,20,M0074,Services,high,C00243,1000,55,10528,0.0039,13533.48,card,ICICI,563985,8,6,1,0,0,0,0,0,0,1,0,0,0,63
TXN0001748,2024-01-21T08:10:00,20,M0098,Retail,mid,C01373,238,7,5638,0.023,1690.54,upi,SBI,461744,8,6,1,0,0,0,1,0,0,0,0,1,0,68
TXN0001749,2024-01-21T19:50:00,20,M0102,Retail,high,C01182,78,11,6381,0.0772,6138.09,wallet,SBI,537198,19,6,1,9,0,0,0,0,0,0,0,0,0,48
TXN0001750,2024-01-21T17:39:00,20,M0179,Services,low,C00803,10,1,1321,0.1485,3000.92,card,Yes,525634,17,6,1,0,0,0,0,0,0,0,0,0,1,51
TXN0001751,2024-01-21T15:56:00,20,M0061,Services,low,C01259,95,11,5481,0.2295,3044.17,netbanking,Axis,599496,15,6,1,0,0,0,1,0,0,0,1,1,0,66
TXN0001752,2024-01-21T13:36:00,20,M0045,Food,high,C01417,137,14,7151,0.1005,2837.78,netbanking,Kotak,479360,13,6,1,0,0,0,0,0,0,0,0,0,0,31
TXN0001753,2024-01-21T05:06:00,20,M0125,Retail,low,C01217,960,117,8732,0.0057,2881.42,card,SBI,426916,5,6,1,0,0,1,0,0,0,0,1,1,0,33
TXN0001754,2024-01-21T09:57:00,20,M0157,SaaS,mid,C01253,293,20,2557,0.2042,933.57,upi,Axis,567747,9,6,1,0,0,0,0,0,0,0,0,0,0,16
TXN0001755,2024-01-21T19:28:00,20,M0014,Logistics,high,C00307,10,1,525,0.1779,6903.08,wallet,Axis,454486,19,6,1,0,0,0,0,0,0,0,1,1,0,22
TXN0001756,2024-01-21T19:39:00,20,M0089,Food,low,C00211,21,4,738,0.1348,724.5,netbanking,SBI,567506,19,6,1,0,0,0,0,0,0,0,0,0,0,37
TXN0001757,2024-01-21T08:59:00,20,M0089,Food,low,C00814,994,90,17279,0.046,3924.77,card,Canara,512091,8,6,1,0,0,0,0,0,0,0,0,0,0,60
TXN0001758,2024-01-21T12:19:00,20,M0142,Retail,mid,C01454,216,11,5677,0.16,6282.43,netbanking,HDFC,503890,12,6,1,0,0,1,0,0,0,0,0,0,0,49
TXN0001759,2024-01-21T10:08:00,20,M0105,SaaS,high,C00573,11,3,608,0.1234,629.9,netbanking,HDFC,591229,10,6,1,0,0,0,0,0,0,0,0,0,0,31
TXN0001760,2024-01-21T22:24:00,20,M0176,SaaS,low,C00813,914,105,12270,0.0492,6117.68,upi,SBI,407235,22,6,1,0,0,0,0,0,0,1,0,0,0,33
TXN0001761,2024-01-21T09:00:00,20,M0044,Logistics,low,C00225,883,68,18172,0.0458,3905.26,card,Yes,588465,9,6,1,0,0,0,0,0,0,0,0,0,0,44
TXN0001762,2024-01-21T06:42:00,20,M0118,Retail,mid,C00539,88,12,6184,0.0646,5174.63,card,Yes,531130,6,6,1,0,0,0,0,0,0,1,0,0,0,50
TXN0001763,2024-01-21T05:37:00,20,M0160,Services,mid,C01234,278,9,3464,0.0809,11550.27,card,Canara,570990,5,6,1,0,0,0,0,0,0,1,1,1,0,12
TXN0001764,2024-01-21T13:19:00,20,M0146,Food,mid,C01419,11,2,726,0.1334,270.08,upi,HDFC,482446,13,6,1,0,0,0,0,0,0,1,0,0,1,60
TXN0001765,2024-01-21T07:41:00,20,M0082,B2B,high,C01239,20,3,1092,0.1306,46905.04,netbanking,Kotak,493745,7,6,1,0,1,1,0,0,0,1,1,1,0,17
TXN0001766,2024-01-21T06:32:00,20,M0004,Logistics,low,C01466,15,3,1413,0.1741,8314.04,netbanking,Kotak,431308,6,6,1,0,0,1,0,0,0,0,0,0,1,50
TXN0001767,2024-01-21T12:29:00,20,M0012,Food,low,C01175,16,1,944,0.0192,538.7,upi,PNB,553868,12,6,1,0,2,2,0,0,0,1,0,0,0,35
TXN0001768,2024-01-21T20:13:00,20,M0025,Food,mid,C00351,767,93,8574,0.0491,7296.98,wallet,SBI,435773,20,6,1,0,0,0,0,0,0,0,0,0,0,19
TXN0001769,2024-01-21T09:01:00,20,M0095,Food,low,C00795,954,90,24116,0.0144,15192.58,card,Yes,420173,9,6,1,0,1,1,0,0,0,1,1,1,0,51
TXN0001770,2024-01-21T18:37:00,20,M0195,Food,high,C00530,869,86,24248,0.023,8960.31,card,Axis,524952,18,6,1,0,0,0,0,0,0,0,0,0,0,56
TXN0001771,2024-01-21T17:47:00,20,M0184,Logistics,high,C00550,194,13,1402,0.0991,9097.88,upi,ICICI,588968,17,6,1,0,0,0,0,0,0,0,0,0,0,51
TXN0001772,2024-01-21T06:15:00,20,M0083,B2B,low,C01369,11,1,1181,0.2256,40719.13,wallet,PNB,462911,6,6,1,0,1,1,1,0,0,0,1,1,0,60
TXN0001773,2024-01-21T05:43:00,20,M0157,SaaS,mid,C01322,135,8,2793,0.0247,757.13,netbanking,Kotak,536068,5,6,1,0,0,0,0,0,0,0,1,1,0,27
TXN0001774,2024-01-21T20:35:00,20,M0081,Logistics,high,C00229,11,1,1480,0.1655,10268.62,upi,HDFC,584366,20,6,1,0,0,0,0,0,0,0,0,0,0,44
TXN0001775,2024-01-21T14:49:00,20,M0075,Retail,mid,C00336,12,3,1592,0.2711,2035.72,upi,Yes,593687,14,6,1,0,0,0,0,0,0,0,0,0,1,33
TXN0001776,2024-01-21T09:22:00,20,M0181,Food,high,C01308,11,4,1563,0.0613,687.05,wallet,PNB,544974,9,6,1,0,0,0,0,0,0,1,0,0,0,23
TXN0001777,2024-01-21T15:26:00,20,M0020,B2B,low,C00189,240,9,5249,0.0397,20260.36,netbanking,Axis,501940,15,6,1,0,0,0,0,0,0,0,0,0,0,19
TXN0001778,2024-01-21T04:54:00,20,M0193,B2B,low,C01425,25,4,1901,0.0218,9076.13,card,ICICI,538055,4,6,1,0,0,1,0,0,0,0,0,1,1,71
TXN0001779,2024-01-21T17:17:00,20,M0151,Food,low,C00525,196,14,3844,0.122,1484.5,netbanking,SBI,577966,17,6,1,0,0,1,0,0,0,0,0,0,0,38
TXN0001780,2024-01-21T07:18:00,20,M0059,Logistics,mid,C01165,811,91,9676,0.0017,8300.26,wallet,Kotak,499328,7,6,1,0,0,0,0,0,0,1,0,0,0,47
TXN0001781,2024-01-21T23:30:00,20,M0156,Services,mid,C00469,906,112,18797,0.0674,19173.07,netbanking,Axis,561283,23,6,1,0,0,0,0,0,0,0,0,0,0,69
TXN0001782,2024-01-21T09:10:00,20,M0033,Logistics,low,C00903,25,4,727,0.0815,5815.73,wallet,SBI,447298,9,6,1,0,0,1,0,0,0,0,0,0,1,41
TXN0001783,2024-01-21T15:22:00,20,M0037,Retail,mid,C00089,216,12,6305,0.0219,2267.02,wallet,Canara,454981,15,6,1,0,0,0,0,0,0,0,0,0,0,18
TXN0001784,2024-01-22T15:23:00,21,M0135,Retail,low,C00699,115,19,2458,0.0619,4204.05,netbanking,ICICI,590647,15,0,0,10,0,0,0,0,0,0,0,0,0,60
TXN0001785,2024-01-22T22:42:00,21,M0129,Services,low,C01154,150,18,5285,0.0879,7260.53,card,Kotak,435364,22,0,0,0,0,2,0,0,0,1,1,1,0,28
TXN0001786,2024-01-22T16:20:00,21,M0048,SaaS,mid,C00410,17,3,1752,0.01,2190.99,netbanking,HDFC,548139,16,0,0,0,0,0,0,0,0,1,0,0,0,30
TXN0001787,2024-01-22T22:29:00,21,M0037,Retail,mid,C00567,17,2,1649,0.1358,3312.89,card,Kotak,466713,22,0,0,0,0,0,0,0,0,1,0,0,0,48
TXN0001788,2024-01-22T19:37:00,21,M0188,Logistics,mid,C00058,6,2,1129,0.0777,4086.73,card,Kotak,476252,19,0,0,0,0,0,0,0,0,0,0,0,1,14
TXN0001789,2024-01-22T06:09:00,21,M0112,Logistics,mid,C00786,74,7,3571,0.0818,11289.85,upi,ICICI,540211,6,0,0,0,0,0,0,0,0,0,0,0,0,30
TXN0001790,2024-01-22T07:55:00,21,M0005,Logistics,high,C00294,20,1,771,0.1142,7455.62,netbanking,Canara,481855,7,0,0,6,0,0,0,0,0,0,0,0,1,42
TXN0001791,2024-01-22T12:40:00,21,M0164,Logistics,high,C00484,126,18,5625,0.0606,14663.25,card,ICICI,445622,12,0,0,0,0,0,0,0,0,1,0,0,1,22
TXN0001792,2024-01-22T07:08:00,21,M0049,Services,mid,C00833,176,19,6110,0.0399,9926.45,upi,Yes,409714,7,0,0,0,0,0,0,0,0,0,0,0,0,30
TXN0001793,2024-01-22T19:51:00,21,M0142,Retail,mid,C01480,19,4,906,0.0555,1911.88,netbanking,HDFC,454080,19,0,0,0,0,0,0,0,0,1,0,0,1,59
TXN0001794,2024-01-22T08:16:00,21,M0072,SaaS,high,C00324,271,6,2761,0.0283,3046.46,wallet,HDFC,472743,8,0,0,0,0,0,0,0,0,0,0,0,0,33
TXN0001795,2024-01-22T16:23:00,21,M0042,Logistics,mid,C00292,13,1,1840,0.0605,3524.45,wallet,HDFC,582086,16,0,0,0,0,0,0,0,0,1,0,0,0,60
TXN0001796,2024-01-22T05:27:00,21,M0130,Food,low,C01274,81,6,3286,0.0105,1562.99,card,ICICI,425131,5,0,0,0,0,0,0,1,0,0,1,1,0,72
TXN0001797,2024-01-22T00:22:00,21,M0174,SaaS,low,C00651,21,1,1571,0.0791,1049.85,upi,Axis,488710,0,0,0,0,0,0,0,1,0,0,1,1,0,69
TXN0001798,2024-01-22T15:28:00,21,M0090,Logistics,mid,C01029,18,2,615,0.0338,6991.63,upi,Kotak,455835,15,0,0,0,0,1,0,0,0,1,0,0,1,42
TXN0001799,2024-01-22T13:43:00,21,M0083,B2B,low,C00826,159,20,3199,0.088,25021.58,wallet,Canara,447529,13,0,0,0,0,0,1,0,0,1,1,1,0,60
TXN0001800,2024-01-22T20:16:00,21,M0130,Food,low,C00219,7,1,1716,0.0124,1395.75,card,Canara,488133,20,0,0,0,0,0,0,0,0,0,0,0,1,18
TXN0001801,2024-01-22T15:50:00,21,M0005,Logistics,high,C00017,816,60,12299,0.0135,31862.12,card,HDFC,547512,15,0,0,0,0,2,0,0,0,0,0,0,0,26
TXN0001802,2024-01-22T19:17:00,21,M0175,Food,low,C01292,226,7,1633,0.3705,607.59,wallet,Yes,539089,19,0,0,0,0,0,0,0,0,0,0,0,0,61
TXN0001803,2024-01-22T18:33:00,21,M0184,Logistics,high,C00454,11,3,933,0.0749,2127.61,wallet,HDFC,562295,18,0,0,0,0,0,0,0,0,0,1,1,0,38
TXN0001804,2024-01-22T18:14:00,21,M0117,SaaS,low,C01210,5,3,1470,0.1267,569.13,upi,ICICI,411307,18,0,0,0,0,0,0,0,1,0,0,0,1,50
TXN0001805,2024-01-22T15:29:00,21,M0166,SaaS,mid,C00906,217,13,6576,0.0693,3766.11,upi,HDFC,499071,15,0,0,0,0,2,0,1,0,0,1,1,0,33
TXN0001806,2024-01-22T19:06:00,21,M0062,B2B,low,C00929,9,4,1841,0.0442,9110.55,upi,Yes,425112,19,0,0,0,0,0,0,1,0,1,1,1,0,71
TXN0001807,2024-01-22T17:07:00,21,M0019,Services,mid,C01118,9,3,1462,0.0622,3431.99,netbanking,ICICI,421381,17,0,0,0,0,1,0,1,0,0,0,1,1,39
TXN0001808,2024-01-22T11:36:00,21,M0058,B2B,low,C00367,165,13,4137,0.1283,31092.42,upi,Canara,405180,11,0,0,0,0,0,0,0,0,1,0,0,0,32
TXN0001809,2024-01-22T10:02:00,21,M0064,Food,high,C00617,275,10,5677,0.1505,6711.8,netbanking,HDFC,486857,10,0,0,0,0,2,0,0,0,0,0,0,0,51
TXN0001810,2024-01-22T18:26:00,21,M0084,B2B,mid,C00004,9,3,830,0.1613,13996.14,card,SBI,400624,18,0,0,0,0,0,0,0,0,0,0,0,1,56
TXN0001811,2024-01-22T09:49:00,21,M0052,Logistics,mid,C01260,748,94,5318,0.0544,14523.22,upi,Canara,451197,9,0,0,0,0,0,0,0,0,1,0,0,0,65
TXN0001812,2024-01-22T14:24:00,21,M0076,Services,high,C01253,293,20,2557,0.2042,2818.59,netbanking,ICICI,567100,14,0,0,8,0,1,0,0,0,0,0,0,0,43
TXN0001813,2024-01-22T19:20:00,21,M0031,Food,mid,C00849,21,1,630,0.0762,563.12,wallet,ICICI,490327,19,0,0,0,0,0,0,0,0,1,0,0,0,44
TXN0001814,2024-01-22T18:09:00,21,M0191,Logistics,high,C01191,67,12,1391,0.2025,9464.02,wallet,Kotak,555724,18,0,0,0,0,0,0,0,0,1,0,0,0,39
TXN0001815,2024-01-22T05:57:00,21,M0176,SaaS,low,C00625,9,2,1060,0.0287,903.88,netbanking,Kotak,494136,5,0,0,0,0,0,0,0,0,1,1,1,0,47
TXN0001816,2024-01-22T18:21:00,21,M0044,Logistics,low,C00440,21,2,1351,0.1088,4967.77,wallet,Yes,526949,18,0,0,0,0,1,0,0,0,0,0,0,0,69
TXN0001817,2024-01-22T18:04:00,21,M0162,Services,high,C00304,220,18,4469,0.1126,3764.59,wallet,SBI,455538,18,0,0,14,0,1,0,0,0,1,0,0,0,29
TXN0001818,2024-01-22T12:46:00,21,M0041,B2B,low,C01123,182,15,6346,0.1537,12950.41,wallet,SBI,431658,12,0,0,0,0,0,0,0,0,0,0,0,0,14
TXN0001819,2024-01-22T03:37:00,21,M0167,SaaS,low,C01236,957,100,4823,0.0537,3211.39,wallet,Kotak,438282,3,0,0,0,0,1,0,0,0,0,1,1,0,24
TXN0001820,2024-01-22T11:12:00,21,M0141,Logistics,low,C00017,816,60,12299,0.0135,28210.24,upi,Kotak,464614,11,0,0,1,1,3,0,0,0,1,1,1,0,33
TXN0001821,2024-01-22T19:05:00,21,M0058,B2B,low,C01222,809,61,11869,0.0028,29026.67,netbanking,PNB,429364,19,0,0,12,0,2,0,0,0,1,0,0,0,58
TXN0001822,2024-01-22T11:19:00,21,M0051,Food,low,C01490,5,4,570,0.0627,702.6,netbanking,Axis,546183,11,0,0,0,0,0,0,0,0,1,0,0,0,68
TXN0001823,2024-01-22T16:21:00,21,M0086,Retail,high,C00273,104,14,6033,0.1228,3893.53,upi,Kotak,439682,16,0,0,0,0,0,0,0,0,1,0,0,0,31
TXN0001824,2024-01-22T18:53:00,21,M0162,Services,high,C01211,878,79,20212,0.0123,13498.01,wallet,PNB,433568,18,0,0,0,0,0,0,0,0,0,1,1,0,23
TXN0001825,2024-01-22T21:46:00,21,M0055,Services,mid,C00485,260,20,2464,0.0804,4208.11,card,Yes,572691,21,0,0,0,0,0,1,0,0,0,1,1,0,37
TXN0001826,2024-01-22T16:13:00,21,M0177,Food,low,C00422,8,4,941,0.0724,668.56,upi,ICICI,416386,16,0,0,0,0,0,0,0,0,1,1,1,0,27
TXN0001827,2024-01-22T07:18:00,21,M0170,Logistics,mid,C00422,8,4,941,0.0724,6703.86,upi,Canara,417940,7,0,0,1,1,1,0,0,0,0,0,0,0,68
TXN0001828,2024-01-22T13:37:00,21,M0155,SaaS,mid,C00441,144,16,3404,0.0449,1377.71,card,Yes,513565,13,0,0,0,0,1,1,0,0,0,1,1,0,25
TXN0001829,2024-01-22T18:54:00,21,M0156,Services,mid,C00869,17,2,715,0.0491,3043.9,wallet,Kotak,440152,18,0,0,0,0,0,1,0,0,0,1,1,0,33
TXN0001830,2024-01-22T18:03:00,21,M0026,Retail,high,C00644,211,17,6121,0.065,1871.5,upi,SBI,592103,18,0,0,0,0,0,0,0,0,0,1,1,0,59
TXN0001831,2024-01-22T10:26:00,21,M0101,Food,low,C01060,157,10,4057,0.1045,686.39,upi,SBI,501407,10,0,0,0,0,1,0,0,0,1,0,0,0,45
TXN0001832,2024-01-22T00:15:00,21,M0010,SaaS,high,C00805,90,12,6845,0.0346,7694.78,wallet,Yes,504589,0,0,0,0,0,0,0,0,0,0,0,0,0,15
TXN0001833,2024-01-22T12:41:00,21,M0112,Logistics,mid,C00492,12,1,822,0.0267,14948.77,netbanking,Yes,577068,12,0,0,0,0,0,0,0,0,0,1,1,0,59
TXN0001834,2024-01-22T18:55:00,21,M0125,Retail,low,C00960,154,7,7188,0.0316,18060.18,card,PNB,451603,18,0,0,0,0,0,0,0,0,0,1,1,0,34
TXN0001835,2024-01-22T20:29:00,21,M0118,Retail,mid,C01408,162,5,2506,0.0998,2526.57,netbanking,HDFC,535163,20,0,0,12,0,0,0,0,0,0,0,0,0,39
TXN0001836,2024-01-22T11:55:00,21,M0020,B2B,low,C00096,97,5,3271,0.041,19519.14,netbanking,HDFC,576782,11,0,0,0,0,0,0,0,0,1,0,0,0,48
TXN0001837,2024-01-22T10:50:00,21,M0111,Logistics,low,C01065,288,10,5394,0.1014,2449.17,card,ICICI,555298,10,0,0,0,0,0,1,0,0,0,0,1,0,52
TXN0001838,2024-01-22T13:36:00,21,M0164,Logistics,high,C00297,803,58,20383,0.0156,16741.75,upi,ICICI,537555,13,0,0,0,0,0,0,0,0,0,1,1,0,35
TXN0001839,2024-01-22T03:33:00,21,M0116,Services,low,C00862,226,19,6713,0.0589,6759.18,upi,Yes,433736,3,0,0,0,0,0,0,0,0,0,1,1,0,22
TXN0001840,2024-01-22T18:05:00,21,M0130,Food,low,C00219,7,1,1716,0.0124,1055.09,netbanking,SBI,586959,18,0,0,1,1,1,0,0,0,0,0,0,1,55
TXN0001841,2024-01-22T15:31:00,21,M0109,Services,low,C00373,259,5,2423,0.0326,4622.02,wallet,Axis,556274,15,0,0,0,0,0,0,0,0,1,0,0,0,18
TXN0001842,2024-01-22T11:34:00,21,M0196,Retail,low,C00675,765,119,10400,0.0,2804.98,wallet,Kotak,555387,11,0,0,0,0,1,0,0,0,0,0,0,1,44
TXN0001843,2024-01-22T10:44:00,21,M0112,Logistics,mid,C00667,24,2,1269,0.1222,6950.36,card,ICICI,598742,10,0,0,0,0,1,0,0,0,0,0,0,0,32
TXN0001844,2024-01-22T18:03:00,21,M0130,Food,low,C01112,167,12,6759,0.0311,2983.71,netbanking,PNB,562439,18,0,0,0,0,0,1,0,0,0,1,1,0,59
TXN0001845,2024-01-22T13:31:00,21,M0056,Retail,low,C01117,9,1,1001,0.0185,1727.05,netbanking,ICICI,406687,13,0,0,0,0,0,0,0,0,0,0,0,0,64
TXN0001846,2024-01-22T19:23:00,21,M0034,Retail,high,C01251,171,11,1704,0.0976,2630.29,card,PNB,515500,19,0,0,0,0,0,0,0,0,0,0,0,0,28
TXN0001847,2024-01-22T07:49:00,21,M0079,Retail,high,C00194,804,87,4378,0.0061,1933.4,netbanking,HDFC,563124,7,0,0,0,0,1,0,0,0,0,1,1,0,60
TXN0001848,2024-01-22T21:31:00,21,M0130,Food,low,C00375,745,80,15204,0.0135,7432.68,netbanking,PNB,584109,21,0,0,0,0,1,0,0,0,0,1,1,0,44
TXN0001849,2024-01-22T17:41:00,21,M0068,B2B,low,C00972,154,6,1551,0.1387,23706.92,wallet,Canara,422361,17,0,0,0,0,0,0,0,0,0,0,0,0,17
TXN0001850,2024-01-22T16:39:00,21,M0117,SaaS,low,C01232,24,1,1095,0.0993,2100.6,card,SBI,599734,16,0,0,0,0,0,0,1,0,0,0,1,1,37
TXN0001851,2024-01-22T16:38:00,21,M0100,Retail,low,C01065,288,10,5394,0.1014,8797.6,netbanking,SBI,468557,16,0,0,0,1,1,0,0,0,1,0,0,0,22
TXN0001852,2024-01-22T06:51:00,21,M0010,SaaS,high,C00907,756,91,17173,0.0372,20821.24,wallet,ICICI,407936,6,0,0,0,0,0,0,0,0,0,0,0,0,72
TXN0001853,2024-01-22T14:03:00,21,M0161,Services,mid,C01392,141,9,4275,0.1374,5157.34,card,Yes,478648,14,0,0,13,0,0,0,0,0,0,0,0,0,16
TXN0001854,2024-01-22T16:32:00,21,M0071,Retail,low,C01477,9,3,641,0.0741,1286.48,upi,SBI,413244,16,0,0,0,0,0,0,0,0,0,0,0,0,48
TXN0001855,2024-01-22T22:28:00,21,M0010,SaaS,high,C00638,211,19,3665,0.127,4113.49,card,ICICI,453623,22,0,0,0,0,0,0,1,0,0,1,1,0,31
TXN0001856,2024-01-22T18:36:00,21,M0016,Services,high,C00598,256,19,3365,0.1542,6956.62,netbanking,SBI,568241,18,0,0,0,0,0,0,0,0,1,0,0,0,64
TXN0001857,2024-01-22T17:57:00,21,M0026,Retail,high,C01013,873,78,11441,0.016,7326.89,upi,Kotak,553821,17,0,0,8,0,0,0,0,0,1,0,0,0,69
TXN0001858,2024-01-22T06:25:00,21,M0107,SaaS,mid,C01431,750,96,16088,0.0245,12942.81,wallet,SBI,456145,6,0,0,0,0,0,0,0,0,0,0,0,0,60
TXN0001859,2024-01-22T14:36:00,21,M0114,Logistics,mid,C00947,734,113,24589,0.037,18900.92,upi,SBI,444895,14,0,0,13,0,1,0,0,0,0,0,0,0,39
TXN0001860,2024-01-22T08:32:00,21,M0198,Food,mid,C00329,755,71,21805,0.0102,16053.45,netbanking,PNB,489256,8,0,0,0,0,1,0,0,0,0,0,0,1,50
TXN0001861,2024-01-22T14:46:00,21,M0022,Retail,low,C01348,868,116,13563,0.0197,14469.98,wallet,Canara,406719,14,0,0,8,0,0,0,0,0,1,0,0,0,35
TXN0001862,2024-01-23T10:30:00,22,M0188,Logistics,mid,C01005,24,1,1586,0.0437,9641.15,upi,Axis,433807,10,1,0,0,0,0,0,0,0,0,0,0,1,41
TXN0001863,2024-01-23T12:19:00,22,M0094,SaaS,high,C00039,99,18,2442,0.1739,1365.05,wallet,Axis,425701,12,1,0,0,0,0,0,0,0,0,0,0,0,54
TXN0001864,2024-01-23T00:35:00,22,M0108,Food,high,C00864,22,3,937,0.0258,552.52,wallet,Kotak,429676,0,1,0,0,0,0,0,0,0,0,0,0,0,27
TXN0001865,2024-01-23T15:42:00,22,M0153,Food,low,C01234,278,9,3464,0.0809,5233.0,wallet,Axis,544624,15,1,0,0,0,1,0,0,0,0,0,0,0,49
TXN0001866,2024-01-23T12:35:00,22,M0135,Retail,low,C00306,139,18,6979,0.0673,3953.67,card,Canara,542454,12,1,0,0,0,0,0,0,0,1,0,0,0,52
TXN0001867,2024-01-23T02:33:00,22,M0092,Food,low,C00272,20,3,1722,0.0965,462.79,netbanking,HDFC,541867,2,1,0,0,0,1,0,0,0,1,1,1,0,58
TXN0001868,2024-01-23T13:57:00,22,M0039,Logistics,mid,C00836,932,88,5871,0.004,14027.13,wallet,Canara,575817,13,1,0,0,0,0,0,1,0,0,1,1,0,42
TXN0001869,2024-01-23T13:50:00,22,M0019,Services,mid,C01091,62,16,2796,0.1742,1577.83,wallet,ICICI,414505,13,1,0,0,0,0,0,0,0,1,0,0,0,29
TXN0001870,2024-01-23T11:33:00,22,M0142,Retail,mid,C01419,11,2,726,0.1334,1557.23,card,Yes,523876,11,1,0,0,0,1,0,0,0,0,0,0,1,66
TXN0001871,2024-01-23T07:25:00,22,M0052,Logistics,mid,C01227,273,18,1786,0.038,9272.16,netbanking,HDFC,407082,7,1,0,0,0,0,0,0,0,0,0,0,0,70
TXN0001872,2024-01-23T17:10:00,22,M0130,Food,low,C00878,273,9,7241,0.0281,3233.31,netbanking,Canara,595989,17,1,0,0,0,0,0,0,0,0,0,0,0,43
TXN0001873,2024-01-23T18:15:00,22,M0095,Food,low,C00559,119,13,7644,0.0554,2841.23,wallet,SBI,439190,18,1,0,0,0,0,0,0,0,0,0,0,0,31
TXN0001874,2024-01-23T10:15:00,22,M0096,Food,mid,C01495,123,12,3053,0.0454,4032.57,wallet,Canara,581632,10,1,0,0,0,0,1,0,0,0,1,1,0,66
TXN0001875,2024-01-23T09:15:00,22,M0137,B2B,mid,C01416,206,7,6172,0.1246,12738.32,upi,Canara,489663,9,1,0,0,0,2,0,0,0,1,0,0,0,37
TXN0001876,2024-01-23T10:36:00,22,M0156,Services,mid,C01265,12,1,1705,0.0059,787.08,card,SBI,425143,10,1,0,0,0,1,0,0,0,0,0,0,1,51
TXN0001877,2024-01-23T18:36:00,22,M0079,Retail,high,C00572,739,98,22103,0.0447,17262.77,netbanking,HDFC,526254,18,1,0,0,0,0,0,0,1,0,0,0,0,55
TXN0001878,2024-01-23T01:27:00,22,M0195,Food,high,C00891,261,9,3495,0.0819,3032.18,wallet,Kotak,410757,1,1,0,0,0,0,0,0,0,0,1,1,0,19
TXN0001879,2024-01-23T15:53:00,22,M0016,Services,high,C00928,10,3,1635,0.0628,4049.33,wallet,SBI,532464,15,1,0,0,0,0,1,0,0,0,1,1,0,12
TXN0001880,2024-01-23T11:04:00,22,M0199,SaaS,mid,C01314,82,9,3281,0.0539,1426.24,netbanking,Yes,595112,11,1,0,0,0,0,1,0,0,0,0,1,0,32
TXN0001881,2024-01-23T01:55:00,22,M0067,Food,mid,C01255,21,3,706,0.0285,1470.77,card,Canara,568156,1,1,0,0,0,0,0,0,0,1,1,1,0,72
TXN0001882,2024-01-23T12:21:00,22,M0095,Food,low,C00519,12,3,1935,0.1677,1388.65,wallet,ICICI,494558,12,1,0,10,0,0,0,0,1,1,0,0,0,65
TXN0001883,2024-01-23T10:26:00,22,M0199,SaaS,mid,C01377,16,3,1214,0.1358,1744.38,upi,Yes,568799,10,1,0,0,0,1,0,0,0,0,1,1,0,33
TXN0001884,2024-01-23T19:36:00,22,M0124,Retail,low,C01101,22,3,1785,0.1531,3573.74,card,Yes,439952,19,1,0,0,0,0,0,0,0,0,0,0,0,61
TXN0001885,2024-01-23T19:37:00,22,M0145,SaaS,low,C01498,12,2,1312,0.0618,2578.54,card,SBI,421144,19,1,0,0,0,0,0,0,0,0,0,0,1,49
TXN0001886,2024-01-23T16:15:00,22,M0012,Food,low,C00267,149,14,3810,0.0835,2062.02,card,ICICI,468989,16,1,0,0,0,0,0,0,0,1,0,0,0,43
TXN0001887,2024-01-23T18:47:00,22,M0136,Logistics,mid,C00026,18,3,1611,0.0667,5085.05,upi,Yes,545174,18,1,0,0,0,0,0,0,0,1,0,0,1,35
TXN0001888,2024-01-23T07:30:00,22,M0142,Retail,mid,C01179,251,13,7683,0.0651,6614.77,netbanking,Canara,541677,7,1,0,0,0,0,0,0,0,0,0,0,0,42
TXN0001889,2024-01-23T23:53:00,22,M0116,Services,low,C01271,219,20,3291,0.0181,10324.03,wallet,Yes,508796,23,1,0,0,0,0,0,0,0,0,0,0,1,37
TXN0001890,2024-01-23T18:42:00,22,M0109,Services,low,C01098,21,2,1988,0.0213,2964.53,netbanking,HDFC,444219,18,1,0,0,0,0,0,0,0,1,0,0,0,71
TXN0001891,2024-01-23T07:27:00,22,M0198,Food,mid,C00271,11,2,1070,0.1758,233.16,card,Axis,505878,7,1,0,0,0,0,0,0,0,0,0,0,0,72
TXN0001892,2024-01-23T06:23:00,22,M0015,Services,low,C01350,278,9,2345,0.1225,2481.91,netbanking,Canara,449193,6,1,0,0,0,1,0,0,0,0,0,0,0,65
TXN0001893,2024-01-23T09:39:00,22,M0147,SaaS,mid,C00392,15,2,1141,0.0684,937.22,netbanking,Kotak,573415,9,1,0,0,0,0,0,0,0,1,0,0,1,57
TXN0001894,2024-01-23T10:33:00,22,M0192,B2B,mid,C00643,761,97,20985,0.0702,62117.55,wallet,ICICI,595521,10,1,0,0,0,0,0,0,0,0,1,1,0,40
TXN0001895,2024-01-23T11:32:00,22,M0124,Retail,low,C01207,103,11,3847,0.1379,5168.24,card,Kotak,427386,11,1,0,0,0,0,0,0,0,1,0,0,0,39
TXN0001896,2024-01-23T22:54:00,22,M0060,Services,high,C00637,199,12,2417,0.0887,3106.55,card,Canara,580642,22,1,0,0,0,0,0,0,0,0,0,0,0,13
TXN0001897,2024-01-23T12:43:00,22,M0024,B2B,mid,C00736,885,113,21326,0.0296,28967.88,upi,ICICI,452850,12,1,0,0,0,1,0,0,0,0,0,0,0,44
TXN0001898,2024-01-23T14:30:00,22,M0017,B2B,low,C00031,114,19,3677,0.0731,30879.84,netbanking,Yes,539517,14,1,0,0,0,0,0,0,0,0,1,1,0,66
TXN0001899,2024-01-23T12:38:00,22,M0054,Retail,mid,C00785,9,1,1029,0.1564,5513.64,netbanking,SBI,522788,12,1,0,0,0,0,0,0,0,0,0,0,0,53
TXN0001900,2024-01-23T01:19:00,22,M0005,Logistics,high,C01217,960,117,8732,0.0057,14448.76,netbanking,Yes,586962,1,1,0,0,0,2,0,0,0,0,1,1,0,51
TXN0001901,2024-01-23T09:03:00,22,M0012,Food,low,C01047,82,16,3732,0.0328,939.48,wallet,Axis,511862,9,1,0,0,0,0,0,1,0,0,1,1,0,28
TXN0001902,2024-01-23T04:37:00,22,M0053,Retail,low,C00299,8,4,1219,0.0488,3739.13,netbanking,Kotak,554587,4,1,0,0,0,0,0,1,0,0,1,1,0,64
TXN0001903,2024-01-23T18:53:00,22,M0194,Retail,mid,C00704,116,9,5699,0.0142,7361.0,upi,Canara,440982,18,1,0,0,0,0,0,0,0,0,0,0,0,56
TXN0001904,2024-01-23T07:54:00,22,M0080,Logistics,low,C00183,101,17,6050,0.1691,4603.64,card,Yes,475637,7,1,0,0,0,1,0,0,0,1,0,0,1,14
TXN0001905,2024-01-23T08:16:00,22,M0010,SaaS,high,C00845,903,109,7297,0.0375,4670.63,card,SBI,485469,8,1,0,0,0,0,0,0,0,0,0,0,0,67
TXN0001906,2024-01-23T12:22:00,22,M0124,Retail,low,C00659,113,16,1445,0.1625,1248.42,card,PNB,528569,12,1,0,0,0,0,0,0,0,0,0,0,0,41
TXN0001907,2024-01-23T09:41:00,22,M0014,Logistics,high,C00430,876,104,3418,0.0136,3676.8,card,Yes,475634,9,1,0,0,0,0,0,0,0,0,0,0,0,60
TXN0001908,2024-01-23T15:39:00,22,M0116,Services,low,C00590,749,116,6582,0.0124,5791.97,card,Yes,445319,15,1,0,9,0,0,0,0,0,0,0,0,0,43
TXN0001909,2024-01-23T21:27:00,22,M0050,Logistics,high,C01393,160,7,3841,0.0843,5443.14,wallet,Yes,508847,21,1,0,0,0,0,0,0,0,1,0,0,0,14
TXN0001910,2024-01-23T09:12:00,22,M0170,Logistics,mid,C00157,67,9,7952,0.0952,25500.09,card,ICICI,477325,9,1,0,0,0,0,0,0,0,1,0,0,0,42
TXN0001911,2024-01-23T07:39:00,22,M0027,Services,high,C00688,102,19,2995,0.0255,3986.12,upi,Axis,446821,7,1,0,0,0,1,0,0,0,1,0,0,0,24
TXN0001912,2024-01-23T11:17:00,22,M0044,Logistics,low,C01446,83,11,7007,0.0191,13940.54,wallet,Axis,446134,11,1,0,11,0,0,0,0,0,0,0,0,0,34
TXN0001913,2024-01-23T23:35:00,22,M0075,Retail,mid,C00697,211,15,4432,0.0478,2556.38,card,HDFC,563193,23,1,0,0,0,0,0,0,0,0,0,0,1,39
TXN0001914,2024-01-23T14:31:00,22,M0130,Food,low,C01243,240,17,5202,0.0226,2332.36,netbanking,Canara,471531,14,1,0,0,0,0,0,0,0,1,0,0,0,54
TXN0001915,2024-01-23T21:33:00,22,M0021,SaaS,mid,C01225,284,15,7589,0.1303,3152.46,wallet,PNB,513897,21,1,0,0,0,0,0,0,0,0,0,0,0,71
TXN0001916,2024-01-23T11:58:00,22,M0136,Logistics,mid,C00755,8,2,1515,0.1589,6392.35,wallet,Yes,579414,11,1,0,0,0,0,0,0,0,0,0,0,0,17
TXN0001917,2024-01-23T16:59:00,22,M0004,Logistics,low,C00696,22,2,823,0.2265,5870.23,netbanking,PNB,559861,16,1,0,0,0,0,1,0,0,1,1,1,0,33
TXN0001918,2024-01-23T09:21:00,22,M0133,SaaS,mid,C00613,294,20,7531,0.0191,2826.95,upi,HDFC,578815,9,1,0,0,0,0,0,0,0,0,0,0,0,67
TXN0001919,2024-01-23T07:07:00,22,M0184,Logistics,high,C01492,24,1,1137,0.1009,14945.21,netbanking,Canara,564953,7,1,0,0,0,0,0,0,0,1,0,0,1,50
TXN0001920,2024-01-23T12:20:00,22,M0176,SaaS,low,C00822,175,15,6992,0.2517,2305.92,netbanking,SBI,466454,12,1,0,0,0,0,0,0,0,0,0,0,1,41
TXN0001921,2024-01-23T16:59:00,22,M0072,SaaS,high,C01449,25,4,501,0.0588,992.3,wallet,SBI,405022,16,1,0,0,0,1,0,0,0,0,0,0,0,47
TXN0001922,2024-01-23T21:56:00,22,M0026,Retail,high,C00338,744,95,21600,0.0159,18976.6,upi,PNB,576705,21,1,0,1,0,0,0,0,0,0,1,1,0,18
TXN0001923,2024-01-23T10:13:00,22,M0175,Food,low,C00651,21,1,1571,0.0791,1358.97,card,Canara,525461,10,1,0,12,0,1,0,0,0,0,0,0,1,23
TXN0001924,2024-01-23T07:43:00,22,M0196,Retail,low,C00753,245,8,2753,0.1068,1869.64,netbanking,Canara,465909,7,1,0,0,0,0,0,0,0,1,0,0,0,71
TXN0001925,2024-01-23T15:32:00,22,M0060,Services,high,C00143,1000,104,6643,0.0326,9979.16,card,HDFC,555453,15,1,0,0,0,1,0,0,0,0,0,0,0,25
TXN0001926,2024-01-23T08:52:00,22,M0164,Logistics,high,C01337,137,13,4759,0.0393,24770.92,netbanking,Yes,444240,8,1,0,0,0,0,0,0,0,0,1,1,0,20
TXN0001927,2024-01-23T19:32:00,22,M0054,Retail,mid,C00285,799,102,4942,0.075,13037.76,wallet,Canara,482649,19,1,0,0,0,0,0,0,0,0,0,0,0,26
TXN0001928,2024-01-23T00:43:00,22,M0088,Food,low,C00361,299,20,5691,0.0205,1196.08,upi,Yes,473633,0,1,0,0,0,0,1,0,0,0,1,1,0,41
TXN0001929,2024-01-23T15:12:00,22,M0128,B2B,high,C00418,218,14,5164,0.1062,22244.07,wallet,Kotak,443812,15,1,0,0,0,0,0,0,0,1,0,0,0,16
TXN0001930,2024-01-23T10:18:00,22,M0047,Logistics,low,C00831,205,13,3911,0.051,17635.42,card,PNB,556200,10,1,0,0,0,0,0,0,0,0,0,0,0,12
TXN0001931,2024-01-23T13:49:00,22,M0022,Retail,low,C01415,250,20,2725,0.1037,1834.89,wallet,Canara,431621,13,1,0,0,0,0,0,0,0,0,1,1,0,30
TXN0001932,2024-01-23T11:19:00,22,M0154,Retail,low,C00579,15,4,1845,0.033,5272.77,card,PNB,407667,11,1,0,0,0,2,0,0,0,0,0,0,1,23
TXN0001933,2024-01-23T11:19:00,22,M0040,SaaS,mid,C01027,177,10,5728,0.0384,3254.67,netbanking,Canara,538366,11,1,0,0,0,0,0,0,0,0,0,0,0,44
TXN0001934,2024-01-23T05:45:00,22,M0085,SaaS,mid,C00088,270,16,1887,0.1236,1425.01,upi,SBI,522880,5,1,0,0,0,0,0,0,0,0,0,0,1,53
TXN0001935,2024-01-23T22:40:00,22,M0035,SaaS,mid,C00479,950,116,16784,0.0125,25072.86,card,Axis,411982,22,1,0,0,0,0,0,0,0,1,0,1,0,59
TXN0001936,2024-01-23T15:22:00,22,M0141,Logistics,low,C00307,10,1,525,0.1779,3956.27,wallet,SBI,515082,15,1,0,0,0,1,0,0,0,0,0,0,0,40
TXN0001937,2024-01-23T07:49:00,22,M0136,Logistics,mid,C00320,211,6,4563,0.1454,10541.0,netbanking,Axis,406196,7,1,0,0,0,1,0,0,0,1,0,0,0,13
TXN0001938,2024-01-23T15:37:00,22,M0097,Services,low,C01081,245,20,7234,0.042,3329.97,card,ICICI,475910,15,1,0,6,0,0,0,0,0,0,0,0,0,47
TXN0001939,2024-01-23T14:15:00,22,M0029,Retail,high,C00154,270,10,5468,0.0633,6995.63,netbanking,HDFC,473999,14,1,0,0,0,0,1,0,0,0,1,1,0,22
TXN0001940,2024-01-23T14:56:00,22,M0112,Logistics,mid,C00198,25,4,1477,0.1421,18688.24,wallet,Axis,579269,14,1,0,0,0,0,1,0,0,0,0,1,1,29
TXN0001941,2024-01-23T23:07:00,22,M0014,Logistics,high,C01064,99,18,2014,0.1697,24632.12,netbanking,Canara,586626,23,1,0,0,0,0,0,0,0,1,1,1,0,27
TXN0001942,2024-01-23T09:45:00,22,M0121,Food,low,C00841,186,14,1303,0.0839,1815.43,upi,PNB,474153,9,1,0,12,0,0,0,0,0,1,0,0,0,39
TXN0001943,2024-01-23T19:10:00,22,M0105,SaaS,high,C01024,136,10,1176,0.0902,761.3,netbanking,ICICI,425806,19,1,0,0,0,0,0,0,0,0,0,0,0,70
TXN0001944,2024-01-23T07:49:00,22,M0030,B2B,high,C00108,20,2,721,0.0884,11595.31,upi,ICICI,436852,7,1,0,0,0,1,0,0,0,0,0,0,0,26
TXN0001945,2024-01-23T04:28:00,22,M0020,B2B,low,C00817,276,9,2012,0.075,23317.83,wallet,Canara,423497,4,1,0,0,0,0,0,0,0,0,1,1,0,24
TXN0001946,2024-01-23T12:02:00,22,M0136,Logistics,mid,C00470,118,7,5215,0.1511,5544.13,card,SBI,424737,12,1,0,0,0,0,1,0,0,0,0,1,0,56
TXN0001947,2024-01-23T19:53:00,22,M0076,Services,high,C01046,18,4,553,0.0474,817.15,netbanking,PNB,457950,19,1,0,0,0,2,0,0,0,0,0,0,1,60
TXN0001948,2024-01-23T12:46:00,22,M0004,Logistics,low,C00043,285,13,5553,0.0103,30289.97,upi,Axis,406901,12,1,0,0,0,0,0,0,0,0,1,1,0,36
TXN0001949,2024-01-23T11:46:00,22,M0018,SaaS,high,C00976,5,1,1132,0.0574,321.7,card,Kotak,537169,11,1,0,0,0,1,0,0,0,0,0,0,1,44
TXN0001950,2024-01-23T07:49:00,22,M0027,Services,high,C01094,932,69,17616,0.0048,8749.46,card,PNB,451388,7,1,0,0,0,0,0,0,0,0,0,0,0,13
TXN0001951,2024-01-24T10:07:00,23,M0019,Services,mid,C00835,979,88,23266,0.031,6481.52,wallet,Axis,514786,10,2,0,6,0,2,0,0,0,0,0,0,0,62
TXN0001952,2024-01-24T13:16:00,23,M0092,Food,low,C01136,979,55,14910,0.0392,12896.76,card,PNB,483264,13,2,0,11,0,0,0,0,0,0,0,0,0,66
TXN0001953,2024-01-24T11:26:00,23,M0177,Food,low,C00569,66,14,2386,0.1049,776.34,upi,Yes,564103,11,2,0,0,0,0,0,0,0,0,0,0,1,60
TXN0001954,2024-01-24T19:51:00,23,M0094,SaaS,high,C01166,199,7,5684,0.0932,2774.62,card,Axis,491020,19,2,0,0,0,0,0,0,0,0,0,0,0,52
TXN0001955,2024-01-24T13:04:00,23,M0131,Logistics,high,C01322,135,8,2793,0.0247,6851.02,card,SBI,555364,13,2,0,0,0,1,0,0,0,0,0,0,0,43
TXN0001956,2024-01-24T05:15:00,23,M0138,Services,mid,C00765,193,20,7494,0.0847,1577.1,wallet,Yes,545265,5,2,0,0,0,0,0,0,0,0,0,0,0,69
TXN0001957,2024-01-24T00:53:00,23,M0168,Food,high,C01161,141,15,2396,0.4262,1246.8,upi,Kotak,502474,0,2,0,11,0,1,0,0,0,0,0,0,0,16
TXN0001958,2024-01-24T13:56:00,23,M0199,SaaS,mid,C01218,166,13,3533,0.0365,2416.32,wallet,Canara,417424,13,2,0,0,0,1,0,0,0,0,0,0,0,32
TXN0001959,2024-01-24T14:19:00,23,M0047,Logistics,low,C01224,168,17,1803,0.2423,2560.74,upi,Kotak,425241,14,2,0,0,0,0,0,0,0,1,0,0,0,65
TXN0001960,2024-01-24T11:50:00,23,M0041,B2B,low,C00910,845,104,5439,0.0542,41249.92,netbanking,ICICI,542468,11,2,0,0,0,0,0,0,0,0,1,1,0,59
TXN0001961,2024-01-24T11:33:00,23,M0184,Logistics,high,C01099,7,3,792,0.1452,9539.87,netbanking,ICICI,478330,11,2,0,0,0,0,0,0,0,1,0,0,1,27
TXN0001962,2024-01-24T23:47:00,23,M0070,Services,low,C01276,24,3,1037,0.1616,3622.76,card,Yes,515355,23,2,0,0,0,1,0,0,0,1,0,0,1,38
TXN0001963,2024-01-24T04:42:00,23,M0169,Food,low,C00332,9,4,908,0.1434,833.24,upi,HDFC,555678,4,2,0,0,0,1,0,0,0,0,0,0,0,36
TXN0001964,2024-01-24T17:12:00,23,M0143,Logistics,mid,C00857,994,96,3975,0.0102,4437.57,netbanking,PNB,516894,17,2,0,0,0,0,0,1,0,0,1,1,0,50
TXN0001965,2024-01-24T07:03:00,23,M0147,SaaS,mid,C00762,162,16,4897,0.165,1658.52,netbanking,Yes,406109,7,2,0,0,0,0,0,0,0,1,1,1,0,28
TXN0001966,2024-01-24T19:49:00,23,M0076,Services,high,C00561,25,3,576,0.1278,948.31,card,HDFC,442929,19,2,0,0,0,1,0,0,0,0,0,0,0,48
TXN0001967,2024-01-24T10:29:00,23,M0045,Food,high,C01149,892,51,7931,0.0336,1622.93,card,SBI,591845,10,2,0,0,0,0,0,1,0,0,0,1,1,24
TXN0001968,2024-01-24T21:58:00,23,M0198,Food,mid,C00288,208,5,7341,0.1152,2408.12,netbanking,Kotak,440949,21,2,0,0,0,1,0,0,0,0,0,0,0,50
TXN0001969,2024-01-24T15:18:00,23,M0130,Food,low,C01127,140,17,6944,0.0594,3450.17,wallet,Axis,469563,15,2,0,8,0,0,0,0,0,0,0,0,0,66
TXN0001970,2024-01-24T08:33:00,23,M0167,SaaS,low,C01263,11,4,1896,0.0942,813.58,netbanking,Canara,574362,8,2,0,0,0,0,0,0,0,0,0,0,1,72
TXN0001971,2024-01-24T06:01:00,23,M0104,Food,low,C00403,20,3,980,0.0023,1147.46,upi,PNB,574945,6,2,0,0,0,1,0,0,0,0,0,0,0,54
TXN0001972,2024-01-24T17:11:00,23,M0097,Services,low,C00897,64,9,6295,0.0343,10835.91,upi,PNB,454851,17,2,0,0,0,0,0,0,0,0,0,0,0,17
TXN0001973,2024-01-24T07:14:00,23,M0136,Logistics,mid,C01477,9,3,641,0.0741,6772.74,wallet,HDFC,539367,7,2,0,0,0,1,1,0,0,0,1,1,0,54
TXN0001974,2024-01-24T15:27:00,23,M0130,Food,low,C00874,90,18,1903,0.0334,1091.59,netbanking,Axis,560978,15,2,0,0,0,0,0,0,0,1,1,1,0,69
TXN0001975,2024-01-24T08:19:00,23,M0176,SaaS,low,C00685,24,2,629,0.1519,333.17,wallet,Canara,451290,8,2,0,0,0,0,0,0,0,1,0,0,1,46
TXN0001976,2024-01-24T16:32:00,23,M0061,Services,low,C00285,799,102,4942,0.075,5382.12,netbanking,Yes,494348,16,2,0,0,1,1,0,1,0,0,0,1,0,30
TXN0001977,2024-01-24T09:38:00,23,M0175,Food,low,C01321,14,2,1098,0.1209,488.74,netbanking,Axis,493933,9,2,0,0,0,0,0,0,0,0,0,0,0,45
TXN0001978,2024-01-24T13:08:00,23,M0069,SaaS,high,C00798,897,108,3896,0.0264,4428.35,upi,SBI,468005,13,2,0,0,0,0,0,0,0,0,0,0,0,51
TXN0001979,2024-01-24T15:01:00,23,M0134,Services,low,C00566,81,17,5110,0.0665,3057.58,wallet,Kotak,506294,15,2,0,0,0,1,0,0,0,0,0,0,0,69
TXN0001980,2024-01-24T23:17:00,23,M0136,Logistics,mid,C01159,941,100,3249,0.047,10986.34,card,Canara,480141,23,2,0,0,0,0,0,0,0,0,0,0,0,64
TXN0001981,2024-01-24T07:02:00,23,M0011,Food,low,C01206,243,17,4210,0.0573,2636.82,upi,Yes,476193,7,2,0,0,0,0,0,0,0,0,0,0,0,54
TXN0001982,2024-01-24T11:39:00,23,M0084,B2B,mid,C00338,744,95,21600,0.0159,76583.67,netbanking,Axis,442143,11,2,0,0,1,1,1,1,0,0,1,1,0,68
TXN0001983,2024-01-24T19:13:00,23,M0136,Logistics,mid,C00634,92,8,4323,0.2108,2652.29,card,HDFC,595818,19,2,0,0,0,0,0,0,0,0,0,0,0,23
TXN0001984,2024-01-24T18:38:00,23,M0019,Services,mid,C01271,219,20,3291,0.0181,2490.78,netbanking,Axis,592793,18,2,0,0,1,1,0,0,0,0,0,0,0,13
TXN0001985,2024-01-24T12:03:00,23,M0122,Retail,low,C01112,167,12,6759,0.0311,4190.35,netbanking,Kotak,592971,12,2,0,0,0,1,0,0,0,0,0,0,0,53
TXN0001986,2024-01-24T07:51:00,23,M0154,Retail,low,C00897,64,9,6295,0.0343,2471.94,netbanking,PNB,460511,7,2,0,1,1,1,0,0,0,1,0,0,0,39
TXN0001987,2024-01-24T07:00:00,23,M0135,Retail,low,C00587,12,1,1336,0.0454,1620.36,card,PNB,449913,7,2,0,0,0,0,1,0,0,0,1,1,0,42
TXN0001988,2024-01-24T06:09:00,23,M0089,Food,low,C00070,765,85,16596,0.0072,17241.78,upi,Canara,465383,6,2,0,0,0,0,0,0,0,0,0,0,0,59
TXN0001989,2024-01-24T13:24:00,23,M0198,Food,mid,C01462,24,4,621,0.0321,986.77,netbanking,Axis,595328,13,2,0,0,0,0,0,0,0,0,0,0,0,34
TXN0001990,2024-01-24T02:04:00,23,M0105,SaaS,high,C00293,25,3,1986,0.1281,985.42,upi,Yes,461810,2,2,0,8,0,0,0,0,0,1,0,0,1,46
TXN0001991,2024-01-24T23:03:00,23,M0150,Retail,mid,C00481,9,3,1477,0.2252,2246.26,card,Kotak,522102,23,2,0,0,0,1,0,0,0,0,0,0,1,51
TXN0001992,2024-01-24T17:32:00,23,M0184,Logistics,high,C00204,104,17,7774,0.0827,9662.3,card,Yes,413946,17,2,0,0,0,1,0,0,0,0,0,0,0,67
TXN0001993,2024-01-24T18:03:00,23,M0087,Logistics,mid,C00031,114,19,3677,0.0731,2813.1,netbanking,PNB,478585,18,2,0,0,0,1,0,0,0,0,0,0,0,41
TXN0001994,2024-01-24T21:17:00,23,M0101,Food,low,C01301,159,18,3902,0.0381,1221.06,wallet,Kotak,450165,21,2,0,0,0,0,0,0,0,1,0,0,0,58
TXN0001995,2024-01-24T19:12:00,23,M0024,B2B,mid,C00035,14,1,1685,0.0108,33106.08,card,SBI,454808,19,2,0,0,0,0,0,0,0,1,1,1,0,14
TXN0001996,2024-01-24T11:29:00,23,M0029,Retail,high,C00701,19,4,1356,0.0281,1247.02,upi,PNB,442645,11,2,0,6,0,0,0,0,0,1,0,0,0,50
TXN0001997,2024-01-24T08:19:00,23,M0192,B2B,mid,C00488,73,10,4187,0.0391,34499.85,netbanking,Yes,566031,8,2,0,0,0,0,0,0,0,0,0,1,0,53
TXN0001998,2024-01-24T10:21:00,23,M0004,Logistics,low,C01030,903,105,7868,0.0201,10995.03,netbanking,Kotak,467140,10,2,0,0,0,1,0,0,0,0,0,0,1,32
TXN0001999,2024-01-24T06:32:00,23,M0004,Logistics,low,C00215,256,18,4067,0.245,15217.02,netbanking,Yes,518900,6,2,0,0,0,0,0,0,0,0,0,0,0,63
TXN0002000,2024-01-24T12:12:00,23,M0114,Logistics,mid,C00511,261,20,3457,0.0646,11023.07,card,PNB,443261,12,2,0,0,0,0,0,0,0,0,0,0,1,32
TXN0002001,2024-01-24T18:27:00,23,M0107,SaaS,mid,C01489,138,17,6122,0.0641,5142.95,upi,SBI,544350,18,2,0,0,0,0,0,0,0,0,0,0,0,57
TXN0002002,2024-01-24T09:35:00,23,M0004,Logistics,low,C00984,20,1,1236,0.0756,5791.09,upi,Kotak,551585,9,2,0,0,0,1,1,0,0,0,1,1,0,44
TXN0002003,2024-01-24T13:25:00,23,M0161,Services,mid,C01211,878,79,20212,0.0123,9469.96,netbanking,SBI,445231,13,2,0,0,0,1,0,0,0,0,0,0,0,61
TXN0002004,2024-01-24T10:49:00,23,M0145,SaaS,low,C01174,13,1,894,0.1125,1352.05,wallet,Axis,466574,10,2,0,0,0,0,1,0,0,0,1,1,0,58
TXN0002005,2024-01-24T10:35:00,23,M0010,SaaS,high,C01038,6,1,755,0.0897,1097.86,wallet,Axis,475643,10,2,0,0,0,0,0,0,0,0,0,0,0,55
TXN0002006,2024-01-24T11:30:00,23,M0160,Services,mid,C00384,5,4,1105,0.0554,865.87,card,HDFC,528827,11,2,0,0,0,0,0,0,0,0,1,1,0,43
TXN0002007,2024-01-24T05:17:00,23,M0079,Retail,high,C00654,260,13,1503,0.1147,674.55,card,ICICI,472426,5,2,0,0,0,0,1,0,0,0,1,1,0,28
TXN0002008,2024-01-24T15:10:00,23,M0002,B2B,low,C00163,25,2,1240,0.1129,6806.99,card,Canara,586300,15,2,0,0,0,0,0,0,0,1,0,0,1,36
TXN0002009,2024-01-24T21:27:00,23,M0019,Services,mid,C01060,157,10,4057,0.1045,9500.95,wallet,Kotak,527765,21,2,0,0,0,2,0,0,0,0,0,0,0,52
TXN0002010,2024-01-24T23:07:00,23,M0151,Food,low,C00213,741,100,11338,0.0295,4074.48,wallet,Yes,510640,23,2,0,0,0,1,0,0,0,0,0,0,0,52
TXN0002011,2024-01-24T07:25:00,23,M0199,SaaS,mid,C01189,130,15,7174,0.0537,1386.84,wallet,HDFC,576965,7,2,0,0,0,0,0,0,0,0,0,0,0,39
TXN0002012,2024-01-24T18:59:00,23,M0178,Logistics,low,C00771,123,12,6309,0.0529,1642.32,card,HDFC,410285,18,2,0,0,0,0,0,0,0,0,0,0,0,58
TXN0002013,2024-01-24T09:30:00,23,M0105,SaaS,high,C01074,6,4,1334,0.1,423.13,wallet,Yes,517649,9,2,0,0,0,2,0,0,0,1,0,0,1,64
TXN0002014,2024-01-24T18:48:00,23,M0139,Logistics,low,C00753,245,8,2753,0.1068,5885.42,card,HDFC,567297,18,2,0,0,0,1,1,0,0,0,1,1,0,55
TXN0002015,2024-01-24T13:00:00,23,M0143,Logistics,mid,C01195,131,15,7329,0.1734,4441.86,wallet,Axis,414459,13,2,0,0,0,0,0,0,0,0,0,0,0,43
TXN0002016,2024-01-24T17:53:00,23,M0175,Food,low,C00065,198,19,4385,0.0174,2048.31,netbanking,Kotak,563749,17,2,0,0,0,0,0,0,0,0,0,0,0,31
TXN0002017,2024-01-24T13:07:00,23,M0116,Services,low,C00006,750,95,9883,0.0209,2835.65,upi,Kotak,427359,13,2,0,0,0,0,0,0,0,1,0,0,0,56
TXN0002018,2024-01-24T16:03:00,23,M0199,SaaS,mid,C01421,87,15,5114,0.0752,3600.88,upi,Canara,429150,16,2,0,7,0,1,0,0,1,0,0,0,0,57
TXN0002019,2024-01-24T20:30:00,23,M0156,Services,mid,C01172,822,88,3332,0.0419,4943.58,wallet,HDFC,482098,20,2,0,0,0,0,0,0,0,0,0,0,0,36
TXN0002020,2024-01-24T06:30:00,23,M0027,Services,high,C01298,215,13,7519,0.0801,3166.22,card,Axis,489198,6,2,0,0,0,0,0,0,0,1,0,0,0,62
TXN0002021,2024-01-24T16:25:00,23,M0193,B2B,low,C00617,275,10,5677,0.1505,33438.26,netbanking,Kotak,454733,16,2,0,1,0,2,0,0,0,0,1,1,0,32
TXN0002022,2024-01-24T11:14:00,23,M0166,SaaS,mid,C00002,22,2,1057,0.0607,400.91,upi,Axis,469400,11,2,0,0,0,0,0,0,0,0,0,0,0,21
TXN0002023,2024-01-24T18:04:00,23,M0070,Services,low,C00564,116,9,1413,0.1264,2678.09,netbanking,ICICI,536507,18,2,0,0,0,0,0,0,0,0,1,1,0,36
TXN0002024,2024-01-24T15:25:00,23,M0053,Retail,low,C01225,284,15,7589,0.1303,1467.22,wallet,Kotak,597358,15,2,0,0,1,1,0,0,0,0,0,0,0,60
TXN0002025,2024-01-24T21:06:00,23,M0120,Food,low,C01456,971,88,15150,0.0033,10112.7,card,SBI,544810,21,2,0,0,0,0,0,0,0,0,0,0,0,62
TXN0002026,2024-01-24T22:47:00,23,M0030,B2B,high,C00227,197,11,1422,0.0498,33921.53,upi,Axis,571873,22,2,0,0,0,0,0,0,0,1,1,1,0,19
TXN0002027,2024-01-24T11:43:00,23,M0106,Services,high,C01011,969,71,17623,0.0588,12189.12,card,Axis,459873,11,2,0,0,0,0,0,0,0,0,1,1,0,48
TXN0002028,2024-01-24T06:23:00,23,M0031,Food,mid,C00509,13,2,1637,0.1018,1770.03,upi,Kotak,588414,6,2,0,0,0,0,0,0,0,0,0,0,0,13
TXN0002029,2024-01-24T19:35:00,23,M0147,SaaS,mid,C00519,12,3,1935,0.1677,1889.42,wallet,Axis,498407,19,2,0,0,0,1,0,0,0,0,0,0,0,25
TXN0002030,2024-01-24T20:57:00,23,M0133,SaaS,mid,C00883,196,10,1155,0.0425,1957.87,wallet,Axis,518750,20,2,0,0,0,1,0,0,0,0,0,0,0,25
TXN0002031,2024-01-24T09:18:00,23,M0100,Retail,low,C01049,239,14,5518,0.0835,5417.39,upi,Canara,511216,9,2,0,10,0,0,0,0,0,1,0,0,0,16
TXN0002032,2024-01-24T17:24:00,23,M0000,Logistics,low,C00704,116,9,5699,0.0142,9733.52,card,Kotak,590544,17,2,0,0,1,1,0,0,0,0,0,0,0,49
TXN0002033,2024-01-24T13:59:00,23,M0094,SaaS,high,C00653,167,16,7539,0.0503,6486.05,card,Yes,586964,13,2,0,0,0,0,0,0,1,0,1,1,0,72
TXN0002034,2024-01-24T07:39:00,23,M0044,Logistics,low,C00383,290,6,7598,0.2306,20909.74,card,HDFC,484599,7,2,0,0,0,1,0,0,0,0,0,0,0,58
TXN0002035,2024-01-24T02:30:00,23,M0013,Logistics,high,C01146,949,93,12728,0.0038,29188.44,card,Yes,446382,2,2,0,0,0,0,0,0,0,1,1,1,0,57
TXN0002036,2024-01-24T10:16:00,23,M0151,Food,low,C00560,15,4,854,0.0782,1164.24,upi,SBI,482614,10,2,0,0,0,0,1,0,0,1,1,1,0,55
TXN0002037,2024-01-24T18:54:00,23,M0042,Logistics,mid,C00346,23,1,1516,0.0407,7864.42,netbanking,Axis,444259,18,2,0,0,0,0,0,0,0,1,0,0,0,23
TXN0002038,2024-01-24T03:14:00,23,M0043,Logistics,high,C00613,294,20,7531,0.0191,15070.02,netbanking,SBI,476988,3,2,0,0,1,1,0,0,0,0,1,1,0,69
TXN0002039,2024-01-24T22:03:00,23,M0143,Logistics,mid,C01199,175,11,7389,0.0768,8149.1,wallet,Kotak,551479,22,2,0,0,0,0,0,0,0,1,0,0,1,61
TXN0002040,2024-01-24T05:25:00,23,M0113,Services,high,C00225,883,68,18172,0.0458,7927.2,upi,SBI,482860,5,2,0,0,0,1,0,0,0,0,0,1,1,29
TXN0002041,2024-01-24T17:36:00,23,M0133,SaaS,mid,C01412,93,13,3187,0.0774,615.45,card,Yes,576464,17,2,0,0,0,0,0,0,0,0,0,0,0,60
TXN0002042,2024-01-24T12:55:00,23,M0082,B2B,high,C00993,8,1,1819,0.1277,8367.09,card,Yes,449455,12,2,0,0,0,0,1,0,0,0,1,1,0,69
TXN0002043,2024-01-24T12:12:00,23,M0089,Food,low,C01278,877,118,18188,0.0099,3613.39,card,ICICI,572640,12,2,0,0,0,1,0,0,0,0,0,0,0,46
TXN0002044,2024-01-24T10:54:00,23,M0119,Retail,high,C00115,8,1,1518,0.0701,1751.64,upi,SBI,590108,10,2,0,0,0,0,0,0,0,0,0,0,0,49
TXN0002045,2024-01-24T16:27:00,23,M0085,SaaS,mid,C00240,155,17,4760,0.1241,2885.04,upi,ICICI,428186,16,2,0,0,0,0,0,0,1,0,0,0,0,47
TXN0002046,2024-01-24T08:22:00,23,M0042,Logistics,mid,C00371,246,18,5955,0.1486,7610.6,wallet,Yes,485390,8,2,0,0,0,2,0,0,0,0,0,0,0,19
TXN0002047,2024-01-25T18:57:00,24,M0072,SaaS,high,C00488,73,10,4187,0.0391,2137.38,upi,HDFC,559459,18,3,0,0,0,1,0,0,0,1,0,0,0,12
TXN0002048,2024-01-25T06:34:00,24,M0106,Services,high,C01201,825,84,3936,0.0126,2339.14,netbanking,HDFC,599819,6,3,0,0,0,0,0,0,0,0,0,0,0,57
TXN0002049,2024-01-25T19:36:00,24,M0012,Food,low,C00915,220,18,1538,0.0196,921.89,upi,ICICI,515766,19,3,0,0,0,0,0,1,0,0,1,1,0,13
TXN0002050,2024-01-25T17:18:00,24,M0083,B2B,low,C01239,20,3,1092,0.1306,24514.08,netbanking,Kotak,548032,17,3,0,0,0,2,0,0,0,1,0,0,1,41
TXN0002051,2024-01-25T11:35:00,24,M0130,Food,low,C00217,967,119,16897,0.0128,32649.61,card,SBI,415447,11,3,0,0,0,0,0,0,0,0,1,1,0,52
TXN0002052,2024-01-25T07:47:00,24,M0055,Services,mid,C00046,899,95,17868,0.007,10227.99,upi,SBI,593390,7,3,0,0,0,1,0,0,0,0,0,0,0,68
TXN0002053,2024-01-25T13:17:00,24,M0092,Food,low,C00195,125,20,2752,0.0288,1933.88,netbanking,Canara,507818,13,3,0,10,0,1,0,0,0,1,0,0,0,33
TXN0002054,2024-01-25T18:28:00,24,M0065,B2B,high,C00610,941,55,13937,0.0074,68763.61,upi,ICICI,572819,18,3,0,0,0,2,0,0,0,1,1,1,0,68
TXN0002055,2024-01-25T12:41:00,24,M0150,Retail,mid,C00043,285,13,5553,0.0103,968.72,card,HDFC,519927,12,3,0,0,0,1,0,0,0,0,0,0,0,37
TXN0002056,2024-01-25T16:11:00,24,M0124,Retail,low,C00730,110,5,1684,0.0888,8108.12,netbanking,ICICI,426861,16,3,0,0,0,0,0,1,0,1,1,1,0,60
TXN0002057,2024-01-25T09:02:00,24,M0014,Logistics,high,C00968,111,12,4069,0.0077,8768.57,wallet,SBI,454084,9,3,0,0,0,0,0,0,0,0,0,0,0,26
TXN0002058,2024-01-25T12:54:00,24,M0091,Logistics,high,C00369,128,16,1165,0.0715,7255.36,card,Canara,401426,12,3,0,0,0,0,0,0,0,0,0,0,0,65
TXN0002059,2024-01-25T19:41:00,24,M0141,Logistics,low,C00262,944,119,4204,0.0321,4177.14,wallet,Kotak,404475,19,3,0,1,0,0,0,0,0,1,1,1,0,71
TXN0002060,2024-01-25T07:04:00,24,M0197,Food,low,C01471,226,11,7159,0.0178,5884.26,card,ICICI,533445,7,3,0,0,0,1,0,0,0,0,0,0,0,66
TXN0002061,2024-01-25T07:09:00,24,M0060,Services,high,C00486,240,17,7027,0.0457,3956.13,card,HDFC,454392,7,3,0,0,0,0,0,0,0,1,0,0,0,39
TXN0002062,2024-01-25T12:06:00,24,M0194,Retail,mid,C01130,848,77,24437,0.0028,21132.86,upi,SBI,597504,12,3,0,0,0,0,0,0,0,1,0,0,0,46
TXN0002063,2024-01-25T06:36:00,24,M0139,Logistics,low,C00390,180,11,5099,0.0301,2271.93,wallet,SBI,490131,6,3,0,0,0,0,0,0,0,0,0,0,0,18
TXN0002064,2024-01-25T09:23:00,24,M0026,Retail,high,C00994,11,4,839,0.0526,1065.05,card,Axis,401524,9,3,0,0,0,0,0,0,0,1,0,0,0,30
TXN0002065,2024-01-25T18:44:00,24,M0045,Food,high,C00264,25,4,1179,0.0072,1216.6,card,SBI,515849,18,3,0,0,0,0,1,0,0,1,1,1,0,62
TXN0002066,2024-01-25T12:30:00,24,M0157,SaaS,mid,C01395,20,2,590,0.0494,1200.84,card,ICICI,410514,12,3,0,0,0,1,0,0,0,0,0,0,0,19
TXN0002067,2024-01-25T04:21:00,24,M0007,Food,mid,C01394,256,12,4023,0.0716,3784.1,wallet,Yes,423316,4,3,0,0,0,0,0,0,0,0,1,1,0,50
TXN0002068,2024-01-25T07:49:00,24,M0091,Logistics,high,C00431,101,14,6598,0.0446,9988.54,upi,Canara,507272,7,3,0,0,0,0,0,0,0,0,0,0,0,39
TXN0002069,2024-01-25T10:36:00,24,M0091,Logistics,high,C00947,734,113,24589,0.037,18903.93,netbanking,Yes,579236,10,3,0,0,0,2,0,0,0,0,1,1,0,49
TXN0002070,2024-01-25T17:16:00,24,M0180,Food,low,C01393,160,7,3841,0.0843,5054.82,netbanking,Kotak,519039,17,3,0,0,0,1,0,0,0,0,0,0,0,31
TXN0002071,2024-01-25T11:39:00,24,M0137,B2B,mid,C00622,93,11,6935,0.0169,29307.91,upi,Kotak,434735,11,3,0,0,0,0,0,0,0,1,0,0,0,16
TXN0002072,2024-01-25T09:34:00,24,M0056,Retail,low,C00415,768,112,13506,0.0062,11082.57,card,Yes,589895,9,3,0,0,0,0,0,0,0,1,0,0,0,25
TXN0002073,2024-01-25T15:42:00,24,M0113,Services,high,C00353,227,10,5975,0.0345,4004.79,card,Kotak,504945,15,3,0,0,0,1,0,0,0,1,1,1,0,57
TXN0002074,2024-01-25T06:42:00,24,M0122,Retail,low,C00703,274,19,3286,0.0064,4124.99,netbanking,HDFC,515975,6,3,0,0,0,0,0,0,0,0,0,0,0,46
TXN0002075,2024-01-25T11:07:00,24,M0163,Logistics,high,C00659,113,16,1445,0.1625,6345.78,wallet,PNB,442482,11,3,0,0,0,1,0,0,0,0,0,0,0,23
TXN0002076,2024-01-25T20:26:00,24,M0079,Retail,high,C00471,90,12,4396,0.1901,6798.38,netbanking,PNB,596501,20,3,0,0,0,0,0,0,0,0,0,0,1,32
TXN0002077,2024-01-25T06:39:00,24,M0083,B2B,low,C00581,174,9,2693,0.1128,15206.91,card,HDFC,545142,6,3,0,11,0,0,0,0,0,0,0,0,0,26
TXN0002078,2024-01-25T08:45:00,24,M0006,Food,low,C01158,19,4,734,0.057,1395.71,wallet,Axis,582646,8,3,0,0,0,1,0,1,0,0,0,1,1,36
TXN0002079,2024-01-25T21:42:00,24,M0181,Food,high,C00837,837,111,24254,0.0035,11838.12,netbanking,Yes,554985,21,3,0,0,0,0,0,1,1,1,1,1,0,17
TXN0002080,2024-01-25T07:21:00,24,M0055,Services,mid,C00745,236,8,4418,0.0669,3200.54,wallet,Kotak,476145,7,3,0,0,0,0,0,0,0,0,0,0,0,29
TXN0002081,2024-01-25T20:22:00,24,M0131,Logistics,high,C00359,13,1,809,0.2172,10134.67,netbanking,Yes,483154,20,3,0,0,0,0,0,0,1,0,0,0,0,71
TXN0002082,2024-01-25T08:35:00,24,M0152,Retail,high,C00583,15,2,1989,0.0074,2874.01,wallet,PNB,532497,8,3,0,0,0,0,0,0,0,1,0,0,0,13
TXN0002083,2024-01-25T10:12:00,24,M0102,Retail,high,C01295,16,2,1433,0.053,2054.0,upi,PNB,461225,10,3,0,0,0,0,0,1,0,1,1,1,0,52
TXN0002084,2024-01-25T08:39:00,24,M0041,B2B,low,C01017,211,11,7099,0.0344,32370.36,upi,HDFC,468835,8,3,0,0,0,0,0,0,0,0,0,0,0,72
TXN0002085,2024-01-25T09:56:00,24,M0089,Food,low,C01223,878,78,4053,0.0134,1131.47,wallet,Canara,551095,9,3,0,0,0,0,0,0,0,0,0,0,0,16
TXN0002086,2024-01-25T19:08:00,24,M0082,B2B,high,C01429,6,4,1564,0.0259,74571.24,upi,Kotak,583178,19,3,0,0,0,1,0,0,0,0,1,1,0,27
TXN0002087,2024-01-25T21:19:00,24,M0058,B2B,low,C00023,973,107,11493,0.023,72080.33,card,Kotak,436329,21,3,0,0,0,0,0,0,0,0,1,1,0,36
TXN0002088,2024-01-25T09:28:00,24,M0125,Retail,low,C00935,186,20,3198,0.089,1903.99,card,PNB,417842,9,3,0,0,0,0,0,0,0,0,0,0,0,18
TXN0002089,2024-01-25T23:08:00,24,M0103,Services,low,C01060,157,10,4057,0.1045,1852.8,card,SBI,485104,23,3,0,0,0,2,0,0,0,1,0,0,0,17
TXN0002090,2024-01-25T14:12:00,24,M0006,Food,low,C00339,982,119,13127,0.0037,15959.12,upi,Canara,480086,14,3,0,0,0,0,0,0,0,0,1,1,0,17
TXN0002091,2024-01-25T23:55:00,24,M0080,Logistics,low,C01406,854,117,21647,0.0155,17508.38,netbanking,Yes,581788,23,3,0,0,0,1,0,0,0,1,1,1,0,61
TXN0002092,2024-01-25T13:37:00,24,M0122,Retail,low,C00017,816,60,12299,0.0135,7469.55,netbanking,Canara,415926,13,3,0,0,0,4,0,0,0,0,0,0,0,68
TXN0002093,2024-01-25T10:25:00,24,M0027,Services,high,C01288,155,18,1584,0.1572,1030.62,card,ICICI,588787,10,3,0,0,0,0,0,0,0,0,0,0,0,13
TXN0002094,2024-01-25T19:19:00,24,M0130,Food,low,C00840,273,17,1417,0.0485,2018.39,card,Yes,502074,19,3,0,0,0,0,0,0,0,0,0,0,0,14
TXN0002095,2024-01-25T08:44:00,24,M0035,SaaS,mid,C01140,83,16,4816,0.0681,6647.32,wallet,HDFC,469199,8,3,0,0,0,1,0,0,0,0,0,0,0,34
TXN0002096,2024-01-25T20:01:00,24,M0060,Services,high,C01004,144,8,1025,0.0719,2666.43,card,Canara,540596,20,3,0,6,0,0,0,0,1,0,0,0,1,58
TXN0002097,2024-01-25T15:12:00,24,M0141,Logistics,low,C00284,22,2,1162,0.105,10111.11,card,SBI,587929,15,3,0,1,0,1,0,0,0,1,1,1,0,43
TXN0002098,2024-01-25T06:49:00,24,M0036,Retail,low,C00461,24,1,1074,0.0982,1415.67,netbanking,SBI,575756,6,3,0,0,0,0,0,0,0,0,0,0,0,24
TXN0002099,2024-01-25T12:54:00,24,M0032,Food,low,C00361,299,20,5691,0.0205,3271.48,wallet,Axis,438458,12,3,0,0,0,1,0,0,0,0,1,1,0,27
TXN0002100,2024-01-25T10:43:00,24,M0164,Logistics,high,C00464,277,10,7203,0.1165,8869.96,upi,Kotak,535247,10,3,0,0,0,0,1,0,0,0,1,1,0,52
TXN0002101,2024-01-25T08:11:00,24,M0158,Retail,low,C01008,20,4,1754,0.1233,8334.15,card,Canara,470471,8,3,0,0,0,0,0,0,0,1,0,0,1,15
TXN0002102,2024-01-25T00:29:00,24,M0192,B2B,mid,C00106,22,3,1872,0.0279,32904.88,upi,Yes,522632,0,3,0,0,0,0,0,0,0,1,0,1,0,33
TXN0002103,2024-01-25T14:02:00,24,M0056,Retail,low,C01027,177,10,5728,0.0384,1159.18,netbanking,Canara,499566,14,3,0,0,0,1,0,0,0,0,0,0,0,22
TXN0002104,2024-01-25T15:09:00,24,M0118,Retail,mid,C01074,6,4,1334,0.1,4129.09,card,Canara,485910,15,3,0,0,0,3,1,0,0,0,1,1,0,57
TXN0002105,2024-01-25T21:04:00,24,M0062,B2B,low,C00914,6,1,1272,0.0413,75168.99,upi,PNB,518829,21,3,0,0,0,1,0,0,0,0,1,1,0,28
TXN0002106,2024-01-25T14:02:00,24,M0177,Food,low,C01238,107,9,7705,0.1555,17598.84,upi,SBI,475069,14,3,0,0,0,0,0,0,0,0,0,0,1,20
TXN0002107,2024-01-25T09:07:00,24,M0056,Retail,low,C01381,181,9,4827,0.1171,9783.75,card,HDFC,460243,9,3,0,0,0,1,0,0,0,0,0,0,0,12
TXN0002108,2024-01-25T21:28:00,24,M0048,SaaS,mid,C00756,89,17,3323,0.0739,1734.6,upi,Canara,583964,21,3,0,10,0,0,0,0,0,0,0,0,0,48
TXN0002109,2024-01-25T14:55:00,24,M0118,Retail,mid,C00467,240,13,7839,0.1495,3286.94,card,ICICI,564908,14,3,0,0,0,0,0,0,0,1,0,0,0,29
TXN0002110,2024-01-25T20:49:00,24,M0109,Services,low,C00942,268,13,2561,0.1229,6175.39,wallet,Canara,410240,20,3,0,0,0,0,1,0,0,0,1,1,0,51
TXN0002111,2024-01-25T05:34:00,24,M0137,B2B,mid,C00833,176,19,6110,0.0399,18510.56,card,HDFC,593080,5,3,0,0,0,1,1,0,0,0,1,1,0,14
TXN0002112,2024-01-25T08:14:00,24,M0134,Services,low,C01012,10,1,716,0.1008,990.78,netbanking,SBI,527704,8,3,0,0,0,1,0,1,0,0,0,1,1,71
TXN0002113,2024-01-25T05:24:00,24,M0170,Logistics,mid,C00301,17,3,1823,0.0261,10973.43,wallet,SBI,521929,5,3,0,0,0,0,0,0,0,1,1,1,0,48
TXN0002114,2024-01-25T05:24:00,24,M0130,Food,low,C01434,25,1,1438,0.0566,448.52,wallet,SBI,561021,5,3,0,10,0,0,0,0,0,1,0,0,0,43
TXN0002115,2024-01-25T09:52:00,24,M0122,Retail,low,C00395,123,12,6681,0.0316,4088.13,wallet,Axis,430648,9,3,0,0,0,0,0,0,0,0,1,1,0,22
TXN0002116,2024-01-25T06:34:00,24,M0187,SaaS,high,C00836,932,88,5871,0.004,1516.16,card,SBI,524450,6,3,0,0,0,1,0,0,0,1,0,0,0,30
TXN0002117,2024-01-25T22:49:00,24,M0094,SaaS,high,C00542,75,16,6280,0.0499,4817.06,wallet,ICICI,519433,22,3,0,0,0,0,0,0,0,0,0,0,0,37
TXN0002118,2024-01-25T18:08:00,24,M0142,Retail,mid,C00793,792,118,10745,0.0392,5275.77,card,Yes,588884,18,3,0,0,0,0,0,0,0,0,0,0,0,72
TXN0002119,2024-01-25T18:36:00,24,M0052,Logistics,mid,C00060,7,2,1880,0.1375,9283.1,wallet,Axis,482855,18,3,0,0,0,1,1,1,0,0,1,1,0,62
TXN0002120,2024-01-25T03:57:00,24,M0142,Retail,mid,C00228,23,2,1481,0.0503,1526.11,netbanking,Kotak,460245,3,3,0,0,0,0,0,0,0,1,1,1,0,46
TXN0002121,2024-01-25T07:10:00,24,M0047,Logistics,low,C01024,136,10,1176,0.0902,3233.98,upi,SBI,476449,7,3,0,0,0,1,0,0,0,0,0,0,0,54
TXN0002122,2024-01-25T22:31:00,24,M0107,SaaS,mid,C00882,253,6,5671,0.095,3483.29,netbanking,ICICI,479449,22,3,0,0,0,0,0,0,0,1,0,0,0,50
TXN0002123,2024-01-25T23:06:00,24,M0188,Logistics,mid,C00779,231,10,1152,0.1462,7961.75,netbanking,ICICI,549416,23,3,0,0,0,0,0,0,0,0,0,0,0,37
TXN0002124,2024-01-25T19:37:00,24,M0138,Services,mid,C00593,288,9,4220,0.0945,5758.68,card,Canara,585554,19,3,0,0,0,1,0,0,0,0,1,1,0,42
TXN0002125,2024-01-25T17:03:00,24,M0042,Logistics,mid,C00285,799,102,4942,0.075,8986.57,netbanking,Kotak,474827,17,3,0,0,0,2,0,0,0,0,0,0,0,35
TXN0002126,2024-01-25T07:16:00,24,M0080,Logistics,low,C01280,146,17,1316,0.1056,7599.22,netbanking,ICICI,506722,7,3,0,0,0,0,0,0,0,1,0,0,0,39
TXN0002127,2024-01-25T10:38:00,24,M0046,SaaS,high,C00828,99,20,5319,0.1355,6517.29,netbanking,HDFC,457017,10,3,0,0,0,0,0,0,0,1,0,0,0,54
TXN0002128,2024-01-25T21:39:00,24,M0197,Food,low,C00728,70,9,6554,0.1071,6397.15,card,Axis,485987,21,3,0,0,0,2,0,0,0,1,0,0,0,20
TXN0002129,2024-01-25T05:42:00,24,M0034,Retail,high,C01215,842,68,14704,0.0152,5621.87,upi,Yes,541265,5,3,0,0,0,0,0,0,0,0,1,1,0,42
TXN0002130,2024-01-25T07:23:00,24,M0001,Retail,high,C01353,870,86,16964,0.0187,4171.35,netbanking,Yes,504082,7,3,0,0,0,0,1,0,0,0,1,1,0,60
TXN0002131,2024-01-25T10:33:00,24,M0064,Food,high,C00915,220,18,1538,0.0196,711.29,upi,PNB,586470,10,3,0,1,1,1,0,0,0,0,0,0,0,51
TXN0002132,2024-01-25T22:57:00,24,M0103,Services,low,C00675,765,119,10400,0.0,2505.1,netbanking,Kotak,483374,22,3,0,0,0,2,0,0,0,0,0,0,0,71
TXN0002133,2024-01-25T17:35:00,24,M0174,SaaS,low,C00946,172,19,7987,0.0982,17792.78,wallet,Yes,480786,17,3,0,0,0,0,0,0,0,0,0,0,0,58
TXN0002134,2024-01-25T05:05:00,24,M0082,B2B,high,C00872,172,20,6994,0.0301,19929.9,upi,Yes,432973,5,3,0,0,0,0,0,0,0,0,1,1,0,21
TXN0002135,2024-01-25T09:06:00,24,M0006,Food,low,C00092,746,97,10119,0.0086,5917.03,card,SBI,462587,9,3,0,0,0,0,0,0,0,0,0,0,0,64
TXN0002136,2024-01-26T09:41:00,25,M0053,Retail,low,C01055,6,1,1085,0.0767,1937.38,card,HDFC,503235,9,4,0,0,0,0,0,0,0,0,0,0,0,28
TXN0002137,2024-01-26T06:36:00,25,M0127,Food,low,C01250,832,75,11273,0.0124,5064.42,card,PNB,504644,6,4,0,0,0,0,0,1,0,1,1,1,0,47
TXN0002138,2024-01-26T18:19:00,25,M0003,SaaS,low,C01040,22,4,786,0.1055,3569.45,upi,SBI,591964,18,4,0,0,0,0,0,0,0,1,0,0,0,60
TXN0002139,2024-01-26T23:57:00,25,M0041,B2B,low,C00725,15,3,802,0.0878,17849.82,card,Axis,455732,23,4,0,0,0,0,0,0,0,1,1,1,0,54
TXN0002140,2024-01-26T20:19:00,25,M0012,Food,low,C00971,17,3,524,0.1054,511.59,card,ICICI,434610,20,4,0,0,0,0,0,0,0,1,0,0,0,66
TXN0002141,2024-01-26T11:06:00,25,M0081,Logistics,high,C01397,17,1,1452,0.16,4077.32,wallet,PNB,538478,11,4,0,0,0,0,0,0,0,0,0,0,0,70
TXN0002142,2024-01-26T20:41:00,25,M0048,SaaS,mid,C01248,819,99,16764,0.0629,17883.54,netbanking,Yes,493270,20,4,0,0,0,1,0,0,0,0,0,0,0,16
TXN0002143,2024-01-26T14:05:00,25,M0036,Retail,low,C00135,132,19,2916,0.0791,4434.1,upi,PNB,495629,14,4,0,0,0,0,0,0,0,0,0,0,0,15
TXN0002144,2024-01-26T14:16:00,25,M0086,Retail,high,C01277,952,104,4871,0.0312,2410.68,upi,Axis,595489,14,4,0,0,0,0,0,0,0,1,0,0,0,30
TXN0002145,2024-01-26T15:22:00,25,M0033,Logistics,low,C00136,918,106,18128,0.0252,10253.93,netbanking,Yes,585495,15,4,0,0,0,0,1,0,0,0,1,1,0,36
TXN0002146,2024-01-26T09:51:00,25,M0036,Retail,low,C00374,295,16,6772,0.0438,6739.63,wallet,HDFC,522061,9,4,0,0,0,0,1,0,0,0,1,1,0,28
TXN0002147,2024-01-26T09:48:00,25,M0173,Food,high,C01057,5,2,514,0.1246,782.84,upi,Canara,495511,9,4,0,0,0,0,0,0,0,1,0,0,0,41
TXN0002148,2024-01-26T17:43:00,25,M0123,Logistics,high,C00047,8,2,892,0.0391,2955.53,card,Axis,440890,17,4,0,0,0,0,0,0,0,0,0,0,0,63
TXN0002149,2024-01-26T18:19:00,25,M0041,B2B,low,C00261,18,4,651,0.0777,17052.72,upi,ICICI,468175,18,4,0,0,0,0,0,0,0,0,1,1,0,39
TXN0002150,2024-01-26T15:20:00,25,M0123,Logistics,high,C00744,295,10,1839,0.0357,6403.03,upi,HDFC,472417,15,4,0,0,0,0,0,0,0,1,0,0,0,14
TXN0002151,2024-01-26T14:57:00,25,M0093,SaaS,mid,C00088,270,16,1887,0.1236,1690.96,wallet,Kotak,574836,14,4,0,0,0,1,0,0,0,0,0,0,0,45
TXN0002152,2024-01-26T19:28:00,25,M0171,Retail,low,C00620,957,114,3817,0.0332,1828.05,wallet,Yes,406044,19,4,0,0,0,0,0,0,0,1,0,0,0,63
TXN0002153,2024-01-26T10:17:00,25,M0092,Food,low,C00267,149,14,3810,0.0835,7818.68,upi,Kotak,559667,10,4,0,0,0,1,0,0,0,1,0,0,0,30
TXN0002154,2024-01-26T16:29:00,25,M0046,SaaS,high,C00044,254,12,6657,0.0891,8693.47,card,Axis,417822,16,4,0,0,0,0,0,0,0,0,0,0,0,34
TXN0002155,2024-01-26T10:30:00,25,M0052,Logistics,mid,C00446,25,2,1903,0.0756,11381.8,wallet,Yes,478649,10,4,0,0,0,0,0,0,0,0,0,0,1,36
TXN0002156,2024-01-26T15:35:00,25,M0159,Services,low,C01201,825,84,3936,0.0126,8003.67,netbanking,Kotak,567129,15,4,0,0,0,1,0,0,0,0,0,0,0,45
TXN0002157,2024-01-26T07:01:00,25,M0181,Food,high,C00408,869,99,18671,0.0294,8153.2,upi,Canara,478384,7,4,0,0,0,0,1,0,0,0,1,1,0,19
TXN0002158,2024-01-26T20:56:00,25,M0143,Logistics,mid,C01067,128,8,4449,0.0795,6424.4,upi,ICICI,591163,20,4,0,0,0,0,0,0,0,0,0,0,0,25
TXN0002159,2024-01-26T16:16:00,25,M0164,Logistics,high,C00239,8,2,993,0.0332,6232.04,netbanking,SBI,506288,16,4,0,13,0,0,0,0,0,0,0,0,1,59
TXN0002160,2024-01-26T17:05:00,25,M0198,Food,mid,C00137,101,11,7563,0.169,10704.39,wallet,Axis,433031,17,4,0,0,0,0,1,0,0,0,1,1,0,51
TXN0002161,2024-01-26T03:12:00,25,M0035,SaaS,mid,C00246,158,9,7475,0.1369,7854.05,upi,Canara,436090,3,4,0,0,0,0,0,0,0,1,1,1,0,15
TXN0002162,2024-01-26T11:56:00,25,M0165,Services,low,C01339,5,4,1990,0.0703,5151.11,netbanking,Yes,562371,11,4,0,0,0,0,0,0,0,0,0,0,1,26
TXN0002163,2024-01-26T00:59:00,25,M0024,B2B,mid,C00304,220,18,4469,0.1126,5619.02,wallet,PNB,466624,0,4,0,0,0,1,0,0,0,0,0,0,0,53
TXN0002164,2024-01-26T14:12:00,25,M0142,Retail,mid,C01396,132,14,4168,0.1527,2908.51,upi,Canara,435062,14,4,0,0,0,0,0,0,0,0,0,0,0,40
TXN0002165,2024-01-26T11:33:00,25,M0195,Food,high,C01089,837,118,6807,0.0,14413.15,upi,PNB,598585,11,4,0,0,0,0,0,0,0,0,0,0,0,33
TXN0002166,2024-01-26T17:18:00,25,M0045,Food,high,C00918,794,115,11397,0.0088,8872.04,upi,Axis,403900,17,4,0,13,0,0,0,0,0,0,0,0,0,30
TXN0002167,2024-01-26T16:16:00,25,M0051,Food,low,C01487,880,97,23236,0.0125,11891.93,netbanking,Canara,432913,16,4,0,0,0,0,0,0,0,0,0,0,0,38
TXN0002168,2024-01-26T20:10:00,25,M0133,SaaS,mid,C01267,15,3,1733,0.143,2718.6,wallet,HDFC,450452,20,4,0,0,0,0,0,0,0,1,0,0,1,67
TXN0002169,2024-01-26T20:45:00,25,M0028,Retail,mid,C00449,163,18,3591,0.0093,753.32,upi,Kotak,403200,20,4,0,0,0,0,0,0,0,1,0,0,0,29
TXN0002170,2024-01-26T14:40:00,25,M0034,Retail,high,C00096,97,5,3271,0.041,1063.8,card,Axis,505622,14,4,0,6,0,1,0,0,0,0,0,0,0,52
TXN0002171,2024-01-26T11:39:00,25,M0193,B2B,low,C00386,913,114,12836,0.0306,25023.97,netbanking,Kotak,482626,11,4,0,0,0,0,0,0,0,1,0,0,0,22
TXN0002172,2024-01-26T19:37:00,25,M0152,Retail,high,C00798,897,108,3896,0.0264,3189.89,card,Axis,478489,19,4,0,0,0,1,0,0,0,0,0,0,0,14
TXN0002173,2024-01-26T07:32:00,25,M0154,Retail,low,C00167,951,114,4815,0.0341,2089.85,netbanking,HDFC,512361,7,4,0,0,0,0,0,0,0,1,0,0,0,43
TXN0002174,2024-01-26T23:30:00,25,M0101,Food,low,C00723,133,10,2436,0.1886,973.05,card,Kotak,495865,23,4,0,0,0,0,0,0,0,0,0,0,0,25
TXN0002175,2024-01-26T19:06:00,25,M0056,Retail,low,C00618,279,15,6815,0.0137,6006.1,wallet,PNB,593872,19,4,0,10,0,0,0,0,0,0,0,0,0,39
TXN0002176,2024-01-26T21:16:00,25,M0021,SaaS,mid,C00343,979,90,8708,0.0234,6330.67,card,ICICI,475041,21,4,0,0,0,0,0,0,0,1,0,0,0,42
TXN0002177,2024-01-26T15:33:00,25,M0054,Retail,mid,C00693,198,12,4802,0.19,5549.29,wallet,Kotak,469101,15,4,0,0,0,0,1,0,0,0,1,1,0,39
TXN0002178,2024-01-26T09:07:00,25,M0134,Services,low,C00922,111,11,7432,0.022,1850.46,upi,Yes,459843,9,4,0,0,0,0,0,0,0,0,0,0,0,41
TXN0002179,2024-01-26T14:37:00,25,M0068,B2B,low,C00042,186,15,2489,0.1032,19227.72,wallet,Kotak,444217,14,4,0,0,0,0,0,0,0,0,0,0,0,21
TXN0002180,2024-01-26T23:53:00,25,M0113,Services,high,C00635,196,19,4283,0.129,1827.42,upi,HDFC,594848,23,4,0,0,0,0,0,0,0,0,0,0,1,29
TXN0002181,2024-01-26T20:59:00,25,M0057,Food,high,C00178,20,4,1085,0.1022,471.78,wallet,SBI,504948,20,4,0,0,0,0,0,0,0,1,0,0,0,53
TXN0002182,2024-01-26T12:28:00,25,M0085,SaaS,mid,C00107,756,86,22674,0.0092,12086.39,upi,PNB,471004,12,4,0,9,0,0,0,0,0,0,0,0,0,22
TXN0002183,2024-01-26T19:32:00,25,M0056,Retail,low,C00737,14,4,754,0.1322,1873.81,netbanking,ICICI,446064,19,4,0,0,0,0,0,0,0,1,0,0,0,48
TXN0002184,2024-01-26T08:31:00,25,M0097,Services,low,C00071,14,4,804,0.0899,495.45,card,Canara,415146,8,4,0,0,0,0,0,1,0,0,0,1,1,69
TXN0002185,2024-01-26T13:23:00,25,M0110,Food,high,C00331,24,2,1825,0.0553,2654.58,netbanking,Axis,534357,13,4,0,0,0,1,0,0,0,0,0,0,0,37
TXN0002186,2024-01-26T18:29:00,25,M0184,Logistics,high,C00090,885,113,6805,0.0021,10979.81,upi,Axis,568148,18,4,0,0,0,0,0,0,0,1,0,0,0,51
TXN0002187,2024-01-26T02:50:00,25,M0146,Food,mid,C01153,153,5,3473,0.2117,1318.9,card,Axis,503011,2,4,0,0,0,0,0,0,0,0,0,0,0,45
TXN0002188,2024-01-26T06:27:00,25,M0002,B2B,low,C01381,181,9,4827,0.1171,18187.15,wallet,Yes,479292,6,4,0,0,1,2,0,0,0,0,1,1,0,36
TXN0002189,2024-01-26T11:45:00,25,M0056,Retail,low,C01413,15,2,630,0.1079,970.39,netbanking,SBI,425385,11,4,0,0,0,0,0,0,0,0,0,0,1,59
TXN0002190,2024-01-26T14:45:00,25,M0146,Food,mid,C01124,109,13,1888,0.0231,865.8,card,Canara,565098,14,4,0,0,0,0,0,0,0,0,0,0,0,50
TXN0002191,2024-01-26T19:39:00,25,M0001,Retail,high,C00165,165,18,7744,0.1186,3502.62,upi,Yes,412939,19,4,0,0,0,0,0,0,0,0,0,0,0,57
TXN0002192,2024-01-26T06:14:00,25,M0075,Retail,mid,C01232,24,1,1095,0.0993,12091.95,wallet,Axis,422951,6,4,0,0,0,1,0,0,0,1,0,0,1,13
TXN0002193,2024-01-26T08:15:00,25,M0182,Retail,high,C01403,124,18,3764,0.1493,2127.45,wallet,PNB,420065,8,4,0,0,0,0,0,0,0,0,0,0,1,68
TXN0002194,2024-01-26T16:00:00,25,M0107,SaaS,mid,C00178,20,4,1085,0.1022,1231.17,upi,Canara,594842,16,4,0,1,1,1,0,0,0,0,0,0,0,67
TXN0002195,2024-01-26T04:58:00,25,M0087,Logistics,mid,C01461,180,6,7399,0.092,4783.41,card,Canara,478642,4,4,0,0,0,0,0,0,0,0,0,0,0,27
TXN0002196,2024-01-26T09:00:00,25,M0008,Retail,low,C00185,236,5,5889,0.0713,7184.44,netbanking,ICICI,530004,9,4,0,0,0,0,0,0,0,0,0,0,0,42
TXN0002197,2024-01-26T08:03:00,25,M0191,Logistics,high,C01022,974,77,19220,0.0059,5399.04,card,Axis,481334,8,4,0,0,0,1,0,0,0,1,0,0,0,59
TXN0002198,2024-01-26T07:58:00,25,M0039,Logistics,mid,C00616,911,58,7892,0.0092,13709.3,wallet,ICICI,580822,7,4,0,0,0,1,0,0,0,0,0,0,0,46
TXN0002199,2024-01-26T13:50:00,25,M0112,Logistics,mid,C01437,172,14,2265,0.197,3571.01,card,Yes,555269,13,4,0,0,0,0,0,0,0,1,0,0,0,36
TXN0002200,2024-01-26T08:53:00,25,M0088,Food,low,C00198,25,4,1477,0.1421,580.05,upi,Yes,471906,8,4,0,0,0,1,0,0,0,1,0,0,0,65
TXN0002201,2024-01-26T17:42:00,25,M0011,Food,low,C01036,209,8,7172,0.1514,2240.89,wallet,Canara,486891,17,4,0,10,0,0,0,0,0,0,0,0,0,22
TXN0002202,2024-01-26T09:43:00,25,M0042,Logistics,mid,C01069,740,66,8096,0.0128,19906.28,card,Yes,542268,9,4,0,13,0,0,0,0,0,0,0,0,0,66
TXN0002203,2024-01-26T06:51:00,25,M0006,Food,low,C00894,209,14,1372,0.0327,667.59,upi,Kotak,425096,6,4,0,0,0,0,0,0,0,0,0,0,0,33
TXN0002204,2024-01-26T20:45:00,25,M0071,Retail,low,C00450,253,6,6741,0.0816,7295.18,netbanking,Axis,451342,20,4,0,0,0,0,0,0,0,1,0,0,0,64
TXN0002205,2024-01-26T13:23:00,25,M0004,Logistics,low,C00444,14,1,1558,0.2692,3930.37,upi,Kotak,560498,13,4,0,0,0,1,0,0,0,0,0,0,0,66
TXN0002206,2024-01-26T08:13:00,25,M0196,Retail,low,C00515,925,86,18196,0.0233,17161.11,netbanking,HDFC,440981,8,4,0,0,0,0,0,0,0,1,0,0,0,46
TXN0002207,2024-01-26T18:52:00,25,M0004,Logistics,low,C00766,267,5,7258,0.0094,3749.63,netbanking,ICICI,543169,18,4,0,0,0,0,0,0,0,0,0,0,0,72
TXN0002208,2024-01-26T08:07:00,25,M0152,Retail,high,C00203,225,13,6886,0.0333,3531.35,wallet,HDFC,426213,8,4,0,0,0,0,1,0,0,0,0,1,0,63
TXN0002209,2024-01-26T19:46:00,25,M0187,SaaS,high,C00451,19,4,1309,0.0308,1158.41,card,ICICI,529581,19,4,0,0,0,0,0,0,0,1,0,0,0,71
TXN0002210,2024-01-26T16:16:00,25,M0139,Logistics,low,C00769,20,4,1474,0.1538,4970.68,upi,Axis,490087,16,4,0,0,0,0,0,0,0,1,0,0,0,21
TXN0002211,2024-01-26T22:33:00,25,M0143,Logistics,mid,C00968,111,12,4069,0.0077,18021.09,upi,SBI,513722,22,4,0,0,0,1,0,0,0,1,0,0,1,31
TXN0002212,2024-01-26T10:24:00,25,M0149,Services,low,C00285,799,102,4942,0.075,15723.13,card,SBI,401500,10,4,0,0,1,3,0,0,0,0,0,0,0,65
TXN0002213,2024-01-26T19:55:00,25,M0093,SaaS,mid,C01331,932,79,12508,0.025,5780.81,card,PNB,535397,19,4,0,0,0,0,0,0,0,1,0,0,0,27
TXN0002214,2024-01-26T22:40:00,25,M0172,Food,mid,C01008,20,4,1754,0.1233,2163.44,upi,Axis,559180,22,4,0,0,0,1,0,0,0,1,1,1,0,31
TXN0002215,2024-01-26T08:54:00,25,M0003,SaaS,low,C01006,228,20,5218,0.0396,2740.31,wallet,Yes,492938,8,4,0,0,0,0,0,0,0,0,0,0,0,69
TXN0002216,2024-01-26T14:59:00,25,M0058,B2B,low,C01135,10,4,1028,0.1164,8463.64,card,Canara,431992,14,4,0,0,0,0,0,0,0,1,0,0,0,33
TXN0002217,2024-01-26T13:26:00,25,M0075,Retail,mid,C00291,19,1,1376,0.0577,2061.93,card,SBI,597157,13,4,0,0,0,0,0,0,0,1,0,0,1,51
TXN0002218,2024-01-26T22:18:00,25,M0066,Food,mid,C00489,6,4,1320,0.1016,1664.23,card,ICICI,407636,22,4,0,0,0,0,0,1,0,0,0,1,1,53
TXN0002219,2024-01-26T10:43:00,25,M0071,Retail,low,C01476,108,9,2688,0.0579,2695.35,upi,Kotak,572144,10,4,0,0,0,0,0,0,0,0,0,0,0,46
TXN0002220,2024-01-26T07:48:00,25,M0164,Logistics,high,C00135,132,19,2916,0.0791,33502.97,card,Canara,415418,7,4,0,1,1,1,0,1,0,0,1,1,0,32
TXN0002221,2024-01-26T14:57:00,25,M0088,Food,low,C01412,93,13,3187,0.0774,1701.17,card,SBI,597006,14,4,0,0,0,1,0,0,0,0,0,0,0,68
TXN0002222,2024-01-26T07:40:00,25,M0048,SaaS,mid,C01267,15,3,1733,0.143,2671.6,wallet,Kotak,497816,7,4,0,1,1,1,0,0,0,0,0,0,1,49
TXN0002223,2024-01-26T13:55:00,25,M0166,SaaS,mid,C01237,12,3,1754,0.1256,832.88,upi,SBI,425714,13,4,0,0,0,1,0,0,0,1,0,0,1,43
TXN0002224,2024-01-26T10:13:00,25,M0015,Services,low,C01328,206,10,5391,0.0281,11553.89,netbanking,Yes,530329,10,4,0,0,0,0,0,0,0,1,0,0,0,30
TXN0002225,2024-01-26T10:09:00,25,M0154,Retail,low,C00409,6,2,712,0.0617,1301.16,card,Axis,469867,10,4,0,0,0,0,1,0,0,0,0,1,1,68
TXN0002226,2024-01-26T15:12:00,25,M0176,SaaS,low,C00801,126,10,6631,0.1262,1222.55,wallet,SBI,508442,15,4,0,0,0,0,0,0,0,1,0,0,0,45
TXN0002227,2024-01-26T05:05:00,25,M0137,B2B,mid,C01235,111,8,1550,0.0381,13159.26,netbanking,ICICI,478243,5,4,0,0,0,0,0,0,0,0,0,1,0,23
TXN0002228,2024-01-26T22:28:00,25,M0006,Food,low,C00573,11,3,608,0.1234,200,card,PNB,572625,22,4,0,0,0,1,0,0,0,0,0,0,0,26
TXN0002229,2024-01-26T19:35:00,25,M0009,Retail,low,C00079,234,12,5076,0.0979,6873.73,wallet,Axis,563083,19,4,0,0,0,1,1,0,0,1,1,1,0,72
TXN0002230,2024-01-26T22:36:00,25,M0116,Services,low,C01134,289,7,5087,0.0305,3538.18,card,Kotak,478668,22,4,0,0,0,0,0,0,0,0,0,0,0,33
TXN0002231,2024-01-27T09:48:00,26,M0009,Retail,low,C01270,194,13,3612,0.2041,1758.47,wallet,SBI,591643,9,5,1,0,0,0,0,0,0,0,0,0,0,14
TXN0002232,2024-01-27T14:34:00,26,M0139,Logistics,low,C00911,25,1,557,0.0825,14538.5,card,Yes,433576,14,5,1,0,0,0,0,0,0,0,0,0,1,13
TXN0002233,2024-01-27T16:17:00,26,M0115,Services,high,C00739,126,20,6687,0.0675,4241.19,card,HDFC,568338,16,5,1,0,0,0,0,0,0,1,0,0,0,43
TXN0002234,2024-01-27T11:58:00,26,M0123,Logistics,high,C01313,19,3,724,0.1902,13003.82,card,SBI,578108,11,5,1,14,0,0,0,0,0,0,0,0,1,39
TXN0002235,2024-01-27T17:23:00,26,M0021,SaaS,mid,C01426,201,11,7965,0.1505,4153.0,card,Axis,597692,17,5,1,0,0,0,0,0,0,1,1,1,0,55
TXN0002236,2024-01-27T17:11:00,26,M0186,B2B,mid,C01069,740,66,8096,0.0128,13987.34,wallet,Axis,482602,17,5,1,0,0,1,0,0,0,0,0,0,0,72
TXN0002237,2024-01-27T12:46:00,26,M0014,Logistics,high,C01390,12,2,1902,0.1392,46166.54,wallet,Yes,437139,12,5,1,0,0,0,0,0,0,0,1,1,0,57
TXN0002238,2024-01-27T17:26:00,26,M0152,Retail,high,C00514,23,2,1082,0.0667,9824.45,wallet,Canara,505309,17,5,1,0,0,0,0,0,0,0,1,1,0,15
TXN0002239,2024-01-27T10:08:00,26,M0045,Food,high,C00327,221,7,5770,0.1545,1391.89,wallet,SBI,566034,10,5,1,0,0,0,0,0,0,1,0,0,0,68
TXN0002240,2024-01-27T09:05:00,26,M0005,Logistics,high,C00346,23,1,1516,0.0407,9643.42,card,PNB,479478,9,5,1,0,0,1,0,0,0,0,0,0,1,13
TXN0002241,2024-01-27T13:39:00,26,M0153,Food,low,C01340,5,4,975,0.1102,1702.86,card,HDFC,506256,13,5,1,0,0,0,0,0,0,1,0,0,1,23
TXN0002242,2024-01-27T03:42:00,26,M0130,Food,low,C01024,136,10,1176,0.0902,1105.5,upi,HDFC,467594,3,5,1,0,0,2,0,0,0,1,0,0,0,18
TXN0002243,2024-01-27T12:39:00,26,M0168,Food,high,C00214,16,1,1608,0.0371,735.8,upi,Axis,556970,12,5,1,0,0,0,0,1,0,0,1,1,0,41
TXN0002244,2024-01-27T22:34:00,26,M0123,Logistics,high,C01265,12,1,1705,0.0059,13050.85,wallet,HDFC,460263,22,5,1,0,0,2,0,0,0,0,0,0,1,58
TXN0002245,2024-01-27T22:12:00,26,M0194,Retail,mid,C01010,988,54,7189,0.0172,8482.25,upi,Kotak,434944,22,5,1,0,0,0,0,0,0,0,0,0,0,71
TXN0002246,2024-01-27T17:44:00,26,M0003,SaaS,low,C00068,788,109,6849,0.0242,3218.18,netbanking,PNB,522869,17,5,1,10,0,0,0,0,0,0,0,0,0,26
TXN0002247,2024-01-27T09:21:00,26,M0043,Logistics,high,C01437,172,14,2265,0.197,4521.21,card,Kotak,524178,9,5,1,0,1,1,1,0,0,0,1,1,0,19
TXN0002248,2024-01-27T17:45:00,26,M0118,Retail,mid,C00560,15,4,854,0.0782,840.26,card,Canara,455134,17,5,1,0,0,1,0,1,0,0,1,1,0,65
TXN0002249,2024-01-27T18:24:00,26,M0125,Retail,low,C00675,765,119,10400,0.0,4702.23,card,SBI,560781,18,5,1,0,0,3,0,0,0,1,0,0,0,21
TXN0002250,2024-01-27T12:16:00,26,M0037,Retail,mid,C00154,270,10,5468,0.0633,5617.35,wallet,SBI,532080,12,5,1,0,0,1,0,0,0,0,0,0,0,33
TXN0002251,2024-01-27T15:43:00,26,M0031,Food,mid,C00283,217,9,7429,0.0668,6358.9,card,Canara,534508,15,5,1,0,0,0,0,0,0,0,0,0,0,57
TXN0002252,2024-01-27T11:58:00,26,M0075,Retail,mid,C01095,777,113,8947,0.0105,8962.73,card,ICICI,427632,11,5,1,0,0,0,0,0,0,0,0,0,0,60
TXN0002253,2024-01-27T12:35:00,26,M0084,B2B,mid,C00434,17,4,1353,0.0554,9469.89,upi,HDFC,470785,12,5,1,0,0,0,0,0,0,1,0,0,0,52
TXN0002254,2024-01-27T15:20:00,26,M0171,Retail,low,C00664,257,11,5259,0.0795,4619.77,upi,PNB,550401,15,5,1,0,0,0,0,0,0,1,0,0,0,62
TXN0002255,2024-01-27T15:36:00,26,M0140,Logistics,high,C00972,154,6,1551,0.1387,8558.72,upi,Yes,556271,15,5,1,0,0,1,0,0,0,0,0,0,0,53
TXN0002256,2024-01-27T15:11:00,26,M0033,Logistics,low,C00215,256,18,4067,0.245,26819.2,card,Axis,453173,15,5,1,9,0,1,0,0,0,0,0,0,1,41
TXN0002257,2024-01-27T14:22:00,26,M0114,Logistics,mid,C00124,769,61,23152,0.0186,13246.95,card,Axis,436674,14,5,1,0,0,0,0,0,0,0,0,0,0,47
TXN0002258,2024-01-27T16:19:00,26,M0130,Food,low,C00532,185,11,3626,0.1331,7864.55,netbanking,Kotak,570753,16,5,1,0,0,0,0,0,0,0,0,0,0,44
TXN0002259,2024-01-27T01:44:00,26,M0192,B2B,mid,C00717,769,63,8399,0.0059,64020.42,wallet,Axis,403875,1,5,1,0,0,0,0,0,0,0,1,1,0,33
TXN0002260,2024-01-27T20:11:00,26,M0024,B2B,mid,C01444,129,7,7536,0.0228,21555.94,upi,ICICI,441472,20,5,1,1,0,0,0,0,0,0,1,1,0,39
TXN0002261,2024-01-27T16:19:00,26,M0181,Food,high,C01310,784,79,24837,0.0081,21085.57,card,PNB,540546,16,5,1,0,0,0,1,0,0,0,1,1,0,40
TXN0002262,2024-01-27T09:48:00,26,M0088,Food,low,C00785,9,1,1029,0.1564,1297.65,card,ICICI,552655,9,5,1,0,0,1,1,0,0,0,1,1,0,12
TXN0002263,2024-01-27T12:03:00,26,M0176,SaaS,low,C01075,73,14,1901,0.0584,280.24,upi,Kotak,580832,12,5,1,0,0,0,0,0,0,1,0,0,0,33
TXN0002264,2024-01-27T08:09:00,26,M0197,Food,low,C00059,137,17,3230,0.0947,2050.4,wallet,Axis,438932,8,5,1,0,0,0,0,0,0,1,0,0,0,67
TXN0002265,2024-01-27T16:15:00,26,M0151,Food,low,C01460,11,4,1061,0.0319,1629.58,card,Canara,466136,16,5,1,0,0,0,0,0,0,1,0,0,1,35
TXN0002266,2024-01-27T13:24:00,26,M0184,Logistics,high,C01438,223,12,1229,0.2301,6985.86,card,Yes,546900,13,5,1,0,0,1,0,0,0,1,0,0,0,67
TXN0002267,2024-01-27T13:03:00,26,M0100,Retail,low,C00346,23,1,1516,0.0407,930.52,wallet,HDFC,467209,13,5,1,0,1,2,0,0,0,1,0,0,1,68
TXN0002268,2024-01-27T20:57:00,26,M0184,Logistics,high,C00055,7,2,505,0.0761,7078.96,card,Canara,474422,20,5,1,0,0,0,0,0,0,0,0,0,0,58
TXN0002269,2024-01-27T21:11:00,26,M0154,Retail,low,C00459,61,15,3016,0.1617,2685.59,wallet,ICICI,435029,21,5,1,0,0,0,0,0,0,0,0,0,0,39
TXN0002270,2024-01-27T15:53:00,26,M0027,Services,high,C00326,91,5,1505,0.2531,1132.03,upi,PNB,585289,15,5,1,0,0,0,0,0,0,1,0,0,0,41
TXN0002271,2024-01-27T12:53:00,26,M0088,Food,low,C00822,175,15,6992,0.2517,3127.16,wallet,ICICI,501496,12,5,1,0,0,1,0,0,0,0,0,0,0,24
TXN0002272,2024-01-27T12:20:00,26,M0161,Services,mid,C01430,24,1,1398,0.0992,4602.65,netbanking,Canara,526736,12,5,1,0,0,0,0,0,1,0,0,0,0,49
TXN0002273,2024-01-27T11:31:00,26,M0096,Food,mid,C00283,217,9,7429,0.0668,2565.52,card,Axis,485921,11,5,1,1,1,1,0,0,0,1,0,0,0,53
TXN0002274,2024-01-27T11:51:00,26,M0017,B2B,low,C00333,64,17,7405,0.1213,28749.13,netbanking,HDFC,414987,11,5,1,0,0,0,0,0,0,0,1,1,0,17
TXN0002275,2024-01-27T18:00:00,26,M0191,Logistics,high,C00044,254,12,6657,0.0891,21164.93,card,SBI,440702,18,5,1,0,0,1,0,0,0,0,0,0,0,15
TXN0002276,2024-01-27T11:42:00,26,M0043,Logistics,high,C00226,94,17,2989,0.0739,3714.87,wallet,Yes,513901,11,5,1,0,0,0,0,0,0,0,0,0,0,66
TXN0002277,2024-01-27T18:57:00,26,M0024,B2B,mid,C01461,180,6,7399,0.092,25666.25,upi,ICICI,482819,18,5,1,0,0,1,0,0,0,1,1,1,0,72
TXN0002278,2024-01-27T10:44:00,26,M0096,Food,mid,C00795,954,90,24116,0.0144,7644.33,netbanking,PNB,513834,10,5,1,0,0,1,1,0,0,0,1,1,0,18
TXN0002279,2024-01-27T16:57:00,26,M0196,Retail,low,C00673,806,50,4239,0.0236,7078.68,wallet,PNB,509448,16,5,1,0,0,0,1,0,0,0,1,1,0,16
TXN0002280,2024-01-27T19:47:00,26,M0120,Food,low,C01115,113,12,1457,0.1206,985.35,wallet,Axis,403284,19,5,1,0,0,0,0,0,0,0,0,0,0,51
TXN0002281,2024-01-27T11:23:00,26,M0109,Services,low,C01279,17,4,987,0.2452,4603.39,netbanking,Axis,544960,11,5,1,0,0,0,0,0,0,1,0,0,0,31
TXN0002282,2024-01-27T20:17:00,26,M0057,Food,high,C01410,23,4,940,0.1409,1039.53,card,ICICI,489738,20,5,1,0,0,0,0,0,0,0,0,0,0,48
TXN0002283,2024-01-27T10:27:00,26,M0152,Retail,high,C00960,154,7,7188,0.0316,6625.48,upi,PNB,586440,10,5,1,0,0,1,0,0,0,0,0,0,0,61
TXN0002284,2024-01-27T14:25:00,26,M0154,Retail,low,C01022,974,77,19220,0.0059,2895.12,wallet,Yes,459502,14,5,1,0,0,1,0,0,0,0,0,0,0,18
TXN0002285,2024-01-27T18:53:00,26,M0162,Services,high,C01176,13,4,908,0.0867,6554.83,upi,ICICI,500363,18,5,1,6,0,0,1,0,0,0,0,1,1,39
TXN0002286,2024-01-27T13:49:00,26,M0157,SaaS,mid,C00850,147,16,7302,0.0202,5265.32,wallet,Axis,417073,13,5,1,0,0,0,0,0,0,0,0,0,0,23
TXN0002287,2024-01-27T06:08:00,26,M0077,Services,high,C00396,14,4,1990,0.0986,2330.08,wallet,ICICI,567346,6,5,1,0,0,0,1,0,0,0,1,1,0,63
TXN0002288,2024-01-27T18:47:00,26,M0003,SaaS,low,C00149,178,20,6175,0.035,9284.82,wallet,PNB,491031,18,5,1,0,0,0,0,0,0,0,0,0,1,69
TXN0002289,2024-01-27T12:41:00,26,M0051,Food,low,C00102,143,17,5893,0.0911,1633.33,wallet,Yes,589018,12,5,1,0,0,1,0,0,0,0,0,0,1,53
TXN0002290,2024-01-27T07:03:00,26,M0115,Services,high,C00626,200,15,3220,0.0394,4134.6,card,ICICI,530960,7,5,1,12,0,0,0,0,0,0,0,0,0,39
TXN0002291,2024-01-27T07:31:00,26,M0106,Services,high,C01075,73,14,1901,0.0584,5328.19,netbanking,PNB,582575,7,5,1,1,1,1,0,0,0,1,1,1,0,68
TXN0002292,2024-01-27T18:43:00,26,M0101,Food,low,C00747,241,14,1235,0.0284,1283.33,card,SBI,410099,18,5,1,0,0,0,0,0,0,0,0,0,0,55
TXN0002293,2024-01-27T20:59:00,26,M0007,Food,mid,C00285,799,102,4942,0.075,4026.15,card,Kotak,582518,20,5,1,0,0,4,0,0,0,1,0,0,0,59
TXN0002294,2024-01-27T08:19:00,26,M0119,Retail,high,C01160,13,3,1349,0.0094,2549.18,upi,Axis,444629,8,5,1,0,0,0,0,0,0,1,0,0,1,71
TXN0002295,2024-01-27T16:54:00,26,M0046,SaaS,high,C01270,194,13,3612,0.2041,2076.99,wallet,SBI,499218,16,5,1,0,1,1,0,0,0,0,0,0,0,67
TXN0002296,2024-01-27T15:54:00,26,M0177,Food,low,C00679,25,4,888,0.0293,1544.01,card,ICICI,557481,15,5,1,0,0,0,0,0,0,1,0,0,1,20
TXN0002297,2024-01-27T14:49:00,26,M0199,SaaS,mid,C00067,25,2,1953,0.0356,598.9,netbanking,ICICI,441054,14,5,1,0,0,0,0,0,0,0,0,0,1,58
TXN0002298,2024-01-27T21:36:00,26,M0006,Food,low,C01432,91,8,2195,0.2033,1220.64,netbanking,HDFC,587969,21,5,1,0,0,0,0,0,0,0,0,0,0,69
TXN0002299,2024-01-27T07:03:00,26,M0021,SaaS,mid,C00707,138,10,6761,0.0794,4364.45,netbanking,Yes,580525,7,5,1,0,0,0,0,0,0,1,0,0,0,23
TXN0002300,2024-01-27T11:47:00,26,M0019,Services,mid,C00234,20,4,1443,0.0488,3200.65,upi,Canara,429092,11,5,1,0,0,1,0,0,0,1,0,0,0,45
TXN0002301,2024-01-27T23:09:00,26,M0183,Retail,mid,C00628,6,1,1373,0.0525,1798.66,netbanking,Canara,406746,23,5,1,0,0,0,0,0,0,1,0,0,0,68
TXN0002302,2024-01-27T00:16:00,26,M0122,Retail,low,C01339,5,4,1990,0.0703,3019.29,upi,Canara,437590,0,5,1,0,1,1,0,0,0,0,1,1,0,26
TXN0002303,2024-01-27T06:31:00,26,M0122,Retail,low,C00104,84,15,4496,0.0376,1964.27,card,ICICI,404339,6,5,1,0,0,0,0,0,0,1,0,0,0,25
TXN0002304,2024-01-27T09:07:00,26,M0047,Logistics,low,C00038,277,18,7736,0.0967,12770.83,upi,SBI,460235,9,5,1,0,0,0,0,0,0,0,0,0,0,17
TXN0002305,2024-01-27T13:52:00,26,M0058,B2B,low,C01204,24,4,1562,0.0722,21299.57,wallet,HDFC,594401,13,5,1,0,0,0,0,0,0,1,0,0,1,72
TXN0002306,2024-01-27T10:45:00,26,M0123,Logistics,high,C01380,83,11,3115,0.0312,17175.83,upi,Axis,537224,10,5,1,0,0,0,0,0,0,0,0,0,0,16
TXN0002307,2024-01-27T16:16:00,26,M0057,Food,high,C00250,152,8,1749,0.0053,2541.01,netbanking,HDFC,445929,16,5,1,0,0,0,0,0,0,0,0,0,0,44
TXN0002308,2024-01-27T19:28:00,26,M0092,Food,low,C00678,158,11,3448,0.1289,2189.42,netbanking,PNB,475344,19,5,1,0,0,0,1,0,0,0,1,1,0,12
TXN0002309,2024-01-28T10:31:00,27,M0190,Services,low,C00918,794,115,11397,0.0088,21450.67,netbanking,Axis,433916,10,6,1,0,0,1,0,0,0,0,0,0,0,63
TXN0002310,2024-01-28T13:49:00,27,M0183,Retail,mid,C00229,11,1,1480,0.1655,2336.28,netbanking,ICICI,501797,13,6,1,0,0,1,0,0,0,1,0,0,0,51
TXN0002311,2024-01-28T10:07:00,27,M0004,Logistics,low,C01010,988,54,7189,0.0172,5854.06,upi,ICICI,525512,10,6,1,0,1,1,0,0,0,0,0,0,0,67
TXN0002312,2024-01-28T21:41:00,27,M0075,Retail,mid,C00335,74,20,5337,0.0794,2448.52,card,SBI,590284,21,6,1,0,0,0,0,0,0,1,0,0,0,54
TXN0002313,2024-01-28T21:07:00,27,M0154,Retail,low,C01481,91,10,7198,0.0378,8191.08,wallet,Axis,491945,21,6,1,0,0,0,0,0,0,0,0,0,0,43
TXN0002314,2024-01-28T13:52:00,27,M0141,Logistics,low,C01057,5,2,514,0.1246,18631.67,netbanking,SBI,521995,13,6,1,0,0,1,0,0,0,0,0,0,0,58
TXN0002315,2024-01-28T11:46:00,27,M0159,Services,low,C00871,21,4,1704,0.0778,1999.79,netbanking,Yes,581858,11,6,1,0,0,0,0,0,0,0,0,0,0,12
TXN0002316,2024-01-28T17:09:00,27,M0106,Services,high,C00804,23,1,528,0.1041,2106.74,upi,Axis,548824,17,6,1,14,0,0,0,0,0,1,0,0,0,13
TXN0002317,2024-01-28T22:40:00,27,M0042,Logistics,mid,C00073,293,17,4162,0.1695,27565.58,upi,ICICI,463939,22,6,1,1,0,0,0,0,0,0,1,1,0,71
TXN0002318,2024-01-28T21:02:00,27,M0193,B2B,low,C00883,196,10,1155,0.0425,37321.8,wallet,Canara,463258,21,6,1,0,0,1,0,0,0,1,1,1,0,19
TXN0002319,2024-01-28T10:24:00,27,M0131,Logistics,high,C01083,194,5,2367,0.1078,5953.65,upi,SBI,458475,10,6,1,0,0,0,0,0,0,0,0,0,0,58
TXN0002320,2024-01-28T23:06:00,27,M0023,Services,low,C01019,794,116,24749,0.0205,20919.0,upi,HDFC,492176,23,6,1,1,0,0,0,0,0,0,1,1,0,28
TXN0002321,2024-01-28T17:24:00,27,M0117,SaaS,low,C01280,146,17,1316,0.1056,1586.53,netbanking,Kotak,451767,17,6,1,0,0,1,0,0,0,0,0,0,0,63
TXN0002322,2024-01-28T09:53:00,27,M0070,Services,low,C00665,272,7,1097,0.067,2335.22,card,Axis,474560,9,6,1,6,0,0,0,0,0,1,0,0,0,27
TXN0002323,2024-01-28T19:51:00,27,M0190,Services,low,C01321,14,2,1098,0.1209,7245.8,wallet,Kotak,425616,19,6,1,0,0,1,0,0,0,0,0,0,1,64
TXN0002324,2024-01-28T16:40:00,27,M0106,Services,high,C01333,70,10,3319,0.0482,1790.03,netbanking,PNB,594112,16,6,1,0,0,0,0,0,0,1,0,0,0,46
TXN0002325,2024-01-28T11:03:00,27,M0181,Food,high,C00615,233,15,5548,0.0875,1799.95,upi,SBI,499772,11,6,1,0,0,0,0,0,0,1,1,1,0,47
TXN0002326,2024-01-28T19:19:00,27,M0025,Food,mid,C00755,8,2,1515,0.1589,1848.8,netbanking,Kotak,575722,19,6,1,0,0,1,0,1,0,0,1,1,0,69
TXN0002327,2024-01-28T12:56:00,27,M0096,Food,mid,C01435,239,13,5654,0.071,6740.08,upi,ICICI,493667,12,6,1,0,0,0,0,0,0,0,0,0,0,49
TXN0002328,2024-01-28T18:29:00,27,M0183,Retail,mid,C00553,21,2,1667,0.1014,1430.64,netbanking,Canara,519422,18,6,1,8,0,0,0,0,0,0,0,0,1,30
TXN0002329,2024-01-28T13:40:00,27,M0028,Retail,mid,C01370,917,116,3464,0.0555,3905.39,netbanking,SBI,484131,13,6,1,0,0,0,0,0,0,0,0,0,0,63
TXN0002330,2024-01-28T10:20:00,27,M0081,Logistics,high,C00662,911,105,23004,0.0401,27378.49,card,Kotak,461678,10,6,1,0,0,0,0,0,1,0,1,1,0,30
TXN0002331,2024-01-28T09:07:00,27,M0142,Retail,mid,C00828,99,20,5319,0.1355,5912.63,card,Canara,487020,9,6,1,0,0,1,0,0,0,0,0,0,0,15
TXN0002332,2024-01-28T12:36:00,27,M0025,Food,mid,C00668,824,82,12652,0.0095,6931.3,netbanking,Axis,526522,12,6,1,0,0,0,0,0,0,0,0,0,0,28
TXN0002333,2024-01-28T19:35:00,27,M0121,Food,low,C00841,186,14,1303,0.0839,1249.49,netbanking,Kotak,566321,19,6,1,0,0,1,0,0,0,1,1,1,0,70
TXN0002334,2024-01-28T02:40:00,27,M0070,Services,low,C00363,794,55,16873,0.0015,26769.89,upi,HDFC,470471,2,6,1,0,0,0,0,0,0,0,1,1,0,45
TXN0002335,2024-01-28T11:12:00,27,M0010,SaaS,high,C01286,75,13,3108,0.007,2687.62,wallet,HDFC,497986,11,6,1,0,0,0,0,0,0,0,0,0,0,24
TXN0002336,2024-01-28T15:12:00,27,M0184,Logistics,high,C01177,162,11,3048,0.0283,4311.73,upi,ICICI,430813,15,6,1,0,0,0,0,0,0,0,0,0,0,25
TXN0002337,2024-01-28T22:58:00,27,M0138,Services,mid,C01001,6,3,514,0.1072,1326.39,wallet,Canara,402846,22,6,1,0,0,0,0,0,0,0,0,0,0,36
TXN0002338,2024-01-28T08:12:00,27,M0110,Food,high,C01043,200,13,3135,0.0747,2490.95,upi,ICICI,470632,8,6,1,0,0,0,0,0,0,0,0,0,0,50
TXN0002339,2024-01-28T15:16:00,27,M0058,B2B,low,C00572,739,98,22103,0.0447,23983.34,upi,ICICI,488146,15,6,1,0,0,1,0,0,0,0,0,0,0,35
TXN0002340,2024-01-28T01:13:00,27,M0133,SaaS,mid,C00576,741,55,11106,0.0526,6707.8,upi,ICICI,528765,1,6,1,0,0,0,0,0,0,0,0,0,0,56
TXN0002341,2024-01-28T15:05:00,27,M0093,SaaS,mid,C00744,295,10,1839,0.0357,1207.56,netbanking,Kotak,459404,15,6,1,0,0,1,0,0,0,0,0,0,0,57
TXN0002342,2024-01-28T06:32:00,27,M0000,Logistics,low,C00526,99,14,1086,0.0004,12522.12,wallet,Kotak,537906,6,6,1,0,0,0,0,1,0,0,1,1,0,29
TXN0002343,2024-01-28T09:28:00,27,M0035,SaaS,mid,C00761,187,13,7265,0.1654,2454.89,card,Canara,451880,9,6,1,0,0,0,0,0,0,1,0,0,0,31
TXN0002344,2024-01-28T02:53:00,27,M0139,Logistics,low,C01133,187,8,7592,0.01,15102.84,card,Canara,521159,2,6,1,0,0,0,1,0,0,1,1,1,0,37
TXN0002345,2024-01-28T18:34:00,27,M0034,Retail,high,C00764,925,91,8004,0.0068,6932.63,wallet,Kotak,565492,18,6,1,0,0,0,0,0,0,0,0,0,0,51
TXN0002346,2024-01-28T23:30:00,27,M0065,B2B,high,C00112,205,7,1430,0.0376,98546.89,netbanking,ICICI,565893,23,6,1,0,0,0,0,0,0,0,1,1,0,56
TXN0002347,2024-01-28T15:05:00,27,M0135,Retail,low,C01408,162,5,2506,0.0998,4492.56,wallet,HDFC,458141,15,6,1,0,0,1,0,0,0,0,0,0,0,57
TXN0002348,2024-01-28T18:31:00,27,M0070,Services,low,C00348,244,5,1394,0.0422,6213.16,wallet,Axis,572722,18,6,1,0,0,0,0,1,0,1,1,1,0,28
TXN0002349,2024-01-28T09:05:00,27,M0145,SaaS,low,C00887,8,3,791,0.0813,2297.76,netbanking,ICICI,442978,9,6,1,0,0,0,0,1,0,0,1,1,0,58
TXN0002350,2024-01-28T16:11:00,27,M0143,Logistics,mid,C01078,5,2,1178,0.0571,7363.89,netbanking,Yes,517856,16,6,1,0,0,0,0,0,1,1,0,0,1,37
TXN0002351,2024-01-28T10:03:00,27,M0139,Logistics,low,C01349,21,2,1757,0.1363,21314.32,netbanking,Kotak,598844,10,6,1,0,0,0,0,0,0,0,0,0,1,72
TXN0002352,2024-01-28T05:21:00,27,M0113,Services,high,C00474,739,86,5809,0.0047,6467.66,netbanking,ICICI,510284,5,6,1,0,0,0,0,0,0,0,1,1,0,69
TXN0002353,2024-01-28T14:16:00,27,M0090,Logistics,mid,C00687,211,10,3748,0.0173,13301.93,card,SBI,559207,14,6,1,0,0,0,0,0,0,0,0,0,0,63
TXN0002354,2024-01-28T11:51:00,27,M0072,SaaS,high,C00677,22,3,664,0.2321,661.94,netbanking,Axis,535719,11,6,1,0,0,0,0,0,0,0,0,0,1,54
TXN0002355,2024-01-28T18:56:00,27,M0169,Food,low,C01239,20,3,1092,0.1306,716.59,wallet,Yes,593580,18,6,1,0,0,1,0,0,0,1,0,0,0,18
TXN0002356,2024-01-28T10:58:00,27,M0026,Retail,high,C01138,18,4,1038,0.3389,1504.49,wallet,PNB,529043,10,6,1,0,0,0,0,0,0,0,0,0,0,33
TXN0002357,2024-01-28T08:35:00,27,M0030,B2B,high,C01498,12,2,1312,0.0618,21092.68,netbanking,Kotak,583378,8,6,1,0,0,1,0,0,0,0,1,1,0,13
TXN0002358,2024-01-28T06:34:00,27,M0102,Retail,high,C01053,172,16,7541,0.0741,9746.56,upi,Yes,430600,6,6,1,0,0,0,0,0,0,0,0,0,0,37
TXN0002359,2024-01-28T17:24:00,27,M0105,SaaS,high,C00927,914,55,3972,0.0048,1770.88,card,PNB,554091,17,6,1,0,0,0,0,0,0,0,0,0,0,26
TXN0002360,2024-01-28T02:06:00,27,M0162,Services,high,C01298,215,13,7519,0.0801,6581.78,upi,SBI,457980,2,6,1,0,0,1,0,0,0,0,1,1,0,71
TXN0002361,2024-01-28T08:07:00,27,M0137,B2B,mid,C01257,986,89,16081,0.0186,38229.22,wallet,SBI,547653,8,6,1,0,0,0,0,0,0,1,0,1,0,61
TXN0002362,2024-01-28T08:54:00,27,M0145,SaaS,low,C01456,971,88,15150,0.0033,6278.42,upi,PNB,504045,8,6,1,0,0,1,0,1,0,0,1,1,0,68
TXN0002363,2024-01-28T09:20:00,27,M0148,SaaS,mid,C01326,15,3,1882,0.0626,1447.54,upi,PNB,546990,9,6,1,0,0,0,0,0,0,0,0,0,0,45
TXN0002364,2024-01-28T07:46:00,27,M0031,Food,mid,C00905,997,85,9286,0.052,4896.9,upi,HDFC,470621,7,6,1,0,0,0,1,0,0,0,0,1,0,12
TXN0002365,2024-01-28T09:28:00,27,M0042,Logistics,mid,C01418,16,4,1350,0.0837,8769.41,netbanking,SBI,470119,9,6,1,0,0,0,0,0,0,1,0,0,0,71
TXN0002366,2024-01-28T06:57:00,27,M0032,Food,low,C01271,219,20,3291,0.0181,3054.32,netbanking,Kotak,438537,6,6,1,0,0,2,0,0,0,0,1,1,0,44
TXN0002367,2024-01-28T07:34:00,27,M0055,Services,mid,C00220,162,19,2919,0.0824,4818.44,netbanking,Kotak,490509,7,6,1,0,0,0,0,0,0,0,0,0,0,47
TXN0002368,2024-01-28T15:51:00,27,M0033,Logistics,low,C01011,969,71,17623,0.0588,25537.43,wallet,Kotak,543329,15,6,1,0,0,1,0,0,0,1,0,0,0,22
TXN0002369,2024-01-28T19:00:00,27,M0137,B2B,mid,C00816,19,4,737,0.0138,43767.42,netbanking,HDFC,506756,19,6,1,0,0,0,0,0,0,1,0,1,1,21
TXN0002370,2024-01-28T08:40:00,27,M0069,SaaS,high,C00706,63,18,2785,0.0298,4973.35,wallet,SBI,507139,8,6,1,0,0,0,0,0,0,1,0,0,0,47
TXN0002371,2024-01-28T03:37:00,27,M0069,SaaS,high,C00960,154,7,7188,0.0316,5736.97,wallet,Kotak,438815,3,6,1,0,1,2,0,0,0,0,0,0,0,59
TXN0002372,2024-01-28T19:43:00,27,M0031,Food,mid,C01449,25,4,501,0.0588,533.67,netbanking,Kotak,591756,19,6,1,0,0,1,0,0,0,1,0,0,1,51
TXN0002373,2024-01-28T10:09:00,27,M0019,Services,mid,C01366,185,10,4878,0.1548,3695.82,card,PNB,573947,10,6,1,0,0,0,1,0,0,0,1,1,0,20
TXN0002374,2024-01-28T19:54:00,27,M0151,Food,low,C00020,162,12,2208,0.21,1493.72,card,SBI,433506,19,6,1,0,0,0,0,0,0,0,0,0,0,64
TXN0002375,2024-01-28T05:01:00,27,M0194,Retail,mid,C00199,7,2,1595,0.2347,1019.79,netbanking,PNB,480673,5,6,1,0,0,0,0,0,0,0,0,0,0,50
TXN0002376,2024-01-28T17:39:00,27,M0123,Logistics,high,C00162,893,94,5127,0.0172,7093.25,netbanking,ICICI,457603,17,6,1,0,0,0,0,0,0,0,0,0,0,37
TXN0002377,2024-01-28T07:07:00,27,M0149,Services,low,C01487,880,97,23236,0.0125,8750.0,upi,Kotak,504623,7,6,1,0,0,1,0,0,0,1,0,0,0,48
TXN0002378,2024-01-28T19:21:00,27,M0131,Logistics,high,C00392,15,2,1141,0.0684,4888.91,upi,Axis,526163,19,6,1,10,0,1,0,0,0,1,0,0,0,41
TXN0002379,2024-01-28T14:48:00,27,M0147,SaaS,mid,C00067,25,2,1953,0.0356,652.71,netbanking,Kotak,497624,14,6,1,0,1,1,1,0,0,0,0,1,1,29
TXN0002380,2024-01-28T10:46:00,27,M0009,Retail,low,C00257,237,11,4924,0.0529,6702.75,upi,Yes,488316,10,6,1,9,0,0,0,0,0,0,0,0,0,51
TXN0002381,2024-01-28T09:38:00,27,M0189,SaaS,mid,C00754,16,4,1368,0.0617,1401.76,wallet,HDFC,453641,9,6,1,0,0,0,0,0,0,1,0,0,1,27
TXN0002382,2024-01-28T11:56:00,27,M0038,B2B,mid,C01421,87,15,5114,0.0752,18154.03,upi,ICICI,426084,11,6,1,0,0,1,0,0,0,0,0,0,1,69
TXN0002383,2024-01-28T07:31:00,27,M0104,Food,low,C01132,288,17,2958,0.0648,1875.82,wallet,Canara,458629,7,6,1,0,0,0,1,0,0,0,0,1,0,21
TXN0002384,2024-01-28T09:42:00,27,M0030,B2B,high,C00415,768,112,13506,0.0062,49992.07,card,Kotak,467598,9,6,1,0,0,1,0,0,1,0,0,1,1,16
TXN0002385,2024-01-28T00:45:00,27,M0074,Services,high,C00858,77,7,3771,0.0765,7854.17,netbanking,ICICI,452973,0,6,1,0,0,0,0,0,0,1,0,0,1,27
TXN0002386,2024-01-28T15:04:00,27,M0054,Retail,mid,C01421,87,15,5114,0.0752,2402.89,netbanking,Axis,532714,15,6,1,0,1,2,0,0,0,0,0,0,0,70
TXN0002387,2024-01-28T13:00:00,27,M0096,Food,mid,C00180,200,13,7760,0.0326,9480.19,card,Kotak,578977,13,6,1,0,0,0,1,0,0,0,1,1,0,62
TXN0002388,2024-01-28T06:59:00,27,M0063,SaaS,high,C00792,275,6,6658,0.0466,3428.19,upi,ICICI,575271,6,6,1,0,0,0,0,0,0,1,0,0,0,24
TXN0002389,2024-01-28T08:39:00,27,M0181,Food,high,C00734,20,3,635,0.1512,1245.29,upi,Yes,509228,8,6,1,0,0,0,0,0,0,0,0,0,0,63
TXN0002390,2024-01-28T16:18:00,27,M0097,Services,low,C00028,842,112,10190,0.0064,5291.71,card,Kotak,595577,16,6,1,0,0,0,0,0,0,1,0,0,0,68
TXN0002391,2024-01-28T09:37:00,27,M0083,B2B,low,C00090,885,113,6805,0.0021,21197.19,card,Axis,562578,9,6,1,0,0,1,0,0,0,1,0,0,0,30
TXN0002392,2024-01-28T12:22:00,27,M0120,Food,low,C01430,24,1,1398,0.0992,2462.94,wallet,PNB,494527,12,6,1,0,0,1,0,0,0,0,0,0,0,64
TXN0002393,2024-01-28T11:20:00,27,M0152,Retail,high,C00636,76,15,2705,0.1601,3667.1,upi,Kotak,429007,11,6,1,0,0,0,0,0,0,1,0,0,0,31
TXN0002394,2024-01-28T06:34:00,27,M0079,Retail,high,C01391,114,20,6475,0.0823,4196.94,upi,PNB,428905,6,6,1,8,0,0,0,0,0,1,0,0,0,44
TXN0002395,2024-01-28T16:58:00,27,M0139,Logistics,low,C00273,104,14,6033,0.1228,15511.94,card,Yes,430379,16,6,1,0,0,1,0,0,0,0,0,0,0,55
TXN0002396,2024-01-28T10:28:00,27,M0122,Retail,low,C00626,200,15,3220,0.0394,5856.61,netbanking,Canara,411068,10,6,1,0,0,1,0,0,0,1,0,0,0,41
TXN0002397,2024-01-28T02:50:00,27,M0195,Food,high,C00252,212,15,4155,0.0065,3001.18,wallet,Yes,421748,2,6,1,0,0,0,0,0,0,0,0,0,0,69
TXN0002398,2024-01-28T11:16:00,27,M0174,SaaS,low,C00885,157,13,1745,0.0382,2339.66,netbanking,Yes,441041,11,6,1,0,0,0,0,1,0,0,1,1,0,51
TXN0002399,2024-01-28T15:50:00,27,M0112,Logistics,mid,C00988,21,3,1506,0.0789,11838.67,wallet,SBI,551473,15,6,1,0,0,0,0,0,0,0,0,0,0,54
TXN0002400,2024-01-28T09:23:00,27,M0176,SaaS,low,C01398,9,4,1905,0.069,1746.75,upi,Yes,493339,9,6,1,0,0,0,0,0,0,0,0,0,1,39
TXN0002401,2024-01-28T19:25:00,27,M0048,SaaS,mid,C00271,11,2,1070,0.1758,1327.86,wallet,Kotak,528812,19,6,1,0,0,1,0,0,0,0,0,0,0,25
TXN0002402,2024-01-28T07:40:00,27,M0105,SaaS,high,C00805,90,12,6845,0.0346,3121.14,wallet,Yes,543181,7,6,1,0,0,1,0,0,0,1,0,0,0,44
TXN0002403,2024-01-28T08:17:00,27,M0163,Logistics,high,C00960,154,7,7188,0.0316,9753.15,card,Canara,407353,8,6,1,0,2,3,1,0,0,0,1,1,0,42
TXN0002404,2024-01-29T14:16:00,28,M0150,Retail,mid,C01204,24,4,1562,0.0722,787.61,wallet,ICICI,567807,14,0,0,0,0,1,0,0,0,0,0,0,0,63
TXN0002405,2024-01-29T19:40:00,28,M0073,SaaS,high,C00856,21,4,967,0.023,594.57,netbanking,ICICI,430021,19,0,0,0,0,0,0,0,0,1,0,0,1,44
TXN0002406,2024-01-29T06:27:00,28,M0166,SaaS,mid,C00467,240,13,7839,0.1495,5096.68,netbanking,HDFC,544313,6,0,0,0,0,1,0,0,0,1,0,0,0,63
TXN0002407,2024-01-29T11:51:00,28,M0122,Retail,low,C00153,187,16,7531,0.082,3889.85,wallet,Kotak,407334,11,0,0,0,0,0,0,0,0,1,0,0,0,26
TXN0002408,2024-01-29T10:17:00,28,M0045,Food,high,C01129,210,6,3376,0.0541,2616.08,card,SBI,476224,10,0,0,0,0,0,0,1,0,0,0,1,1,54
TXN0002409,2024-01-29T06:15:00,28,M0091,Logistics,high,C00320,211,6,4563,0.1454,3536.16,wallet,Yes,541434,6,0,0,0,0,1,1,0,0,0,1,1,0,52
TXN0002410,2024-01-29T22:41:00,28,M0044,Logistics,low,C00966,6,2,1405,0.1134,5857.83,netbanking,Yes,598025,22,0,0,0,0,0,0,0,0,0,1,1,0,29
TXN0002411,2024-01-29T13:42:00,28,M0112,Logistics,mid,C00105,83,7,1763,0.0849,23313.6,netbanking,Axis,401297,13,0,0,0,0,0,0,0,0,0,0,0,0,31
TXN0002412,2024-01-29T09:41:00,28,M0084,B2B,mid,C00930,952,58,6882,0.0024,54337.25,netbanking,PNB,486470,9,0,0,0,0,0,0,0,0,1,1,1,0,55
TXN0002413,2024-01-29T23:32:00,28,M0038,B2B,mid,C01139,12,1,816,0.0541,13882.77,card,Canara,538421,23,0,0,0,0,0,0,0,0,1,0,0,1,30
TXN0002414,2024-01-29T09:50:00,28,M0117,SaaS,low,C00006,750,95,9883,0.0209,5681.5,upi,Yes,419886,9,0,0,0,0,1,0,0,0,1,0,0,0,48
TXN0002415,2024-01-29T07:22:00,28,M0069,SaaS,high,C00741,993,74,23579,0.0051,25619.23,upi,HDFC,539753,7,0,0,12,0,0,0,0,0,0,0,0,1,45
TXN0002416,2024-01-29T18:19:00,28,M0167,SaaS,low,C00965,103,7,6500,0.2055,4742.76,card,ICICI,598023,18,0,0,0,0,0,0,0,0,1,0,0,0,30
TXN0002417,2024-01-29T12:55:00,28,M0137,B2B,mid,C01143,141,6,5924,0.2209,44376.87,wallet,Canara,464767,12,0,0,1,0,0,0,0,0,1,1,1,0,22
TXN0002418,2024-01-29T23:20:00,28,M0081,Logistics,high,C01413,15,2,630,0.1079,34004.81,netbanking,Kotak,410309,23,0,0,0,0,1,0,0,0,0,1,1,0,71
TXN0002419,2024-01-29T18:52:00,28,M0110,Food,high,C00968,111,12,4069,0.0077,977.27,wallet,PNB,578694,18,0,0,0,0,2,0,0,0,0,0,0,0,61
TXN0002420,2024-01-29T15:43:00,28,M0147,SaaS,mid,C00744,295,10,1839,0.0357,3621.57,card,SBI,497843,15,0,0,0,0,2,0,0,0,0,0,0,0,36
TXN0002421,2024-01-29T15:13:00,28,M0007,Food,mid,C00995,165,7,1895,0.1327,1923.25,card,ICICI,505657,15,0,0,0,0,0,0,0,0,0,1,1,0,64
TXN0002422,2024-01-29T11:40:00,28,M0111,Logistics,low,C00368,218,17,1317,0.0644,11272.55,netbanking,Kotak,503318,11,0,0,0,0,0,0,0,0,0,0,0,0,52
TXN0002423,2024-01-29T14:59:00,28,M0183,Retail,mid,C01353,870,86,16964,0.0187,7954.08,upi,Kotak,477946,14,0,0,0,0,1,0,0,0,0,0,0,0,32
TXN0002424,2024-01-29T10:16:00,28,M0053,Retail,low,C00613,294,20,7531,0.0191,13719.82,netbanking,ICICI,506096,10,0,0,0,0,2,0,0,0,1,0,0,0,58
TXN0002425,2024-01-29T18:53:00,28,M0168,Food,high,C01466,15,3,1413,0.1741,1601.1,upi,SBI,596226,18,0,0,0,0,0,1,0,0,0,0,1,1,67
TXN0002426,2024-01-29T18:46:00,28,M0172,Food,mid,C00808,20,2,1162,0.047,322.29,upi,Canara,486377,18,0,0,0,0,0,0,0,0,0,0,0,1,47
TXN0002427,2024-01-29T11:38:00,28,M0177,Food,low,C00910,845,104,5439,0.0542,4879.68,upi,ICICI,593149,11,0,0,0,0,1,0,0,0,1,0,0,0,45
TXN0002428,2024-01-29T05:18:00,28,M0095,Food,low,C01137,796,106,15017,0.0135,6156.19,netbanking,SBI,506372,5,0,0,0,0,0,0,0,0,1,1,1,0,38
TXN0002429,2024-01-29T09:44:00,28,M0120,Food,low,C00123,211,6,3883,0.0949,3159.9,wallet,ICICI,464605,9,0,0,0,0,0,0,0,0,0,0,0,0,47
TXN0002430,2024-01-29T09:56:00,28,M0023,Services,low,C01435,239,13,5654,0.071,5306.24,wallet,ICICI,575165,9,0,0,0,1,1,1,0,0,0,0,1,0,53
TXN0002431,2024-01-29T10:50:00,28,M0186,B2B,mid,C01233,239,11,5229,0.0346,41065.9,wallet,ICICI,550126,10,0,0,12,0,0,0,0,0,0,0,1,1,16
TXN0002432,2024-01-29T08:44:00,28,M0096,Food,mid,C00187,270,12,1258,0.1298,1068.53,wallet,Yes,414921,8,0,0,0,0,0,0,0,0,0,0,0,0,31
TXN0002433,2024-01-29T08:04:00,28,M0192,B2B,mid,C01460,11,4,1061,0.0319,9701.65,card,Kotak,416613,8,0,0,0,0,1,0,0,0,0,0,0,0,16
TXN0002434,2024-01-29T15:50:00,28,M0039,Logistics,mid,C00165,165,18,7744,0.1186,48172.37,card,Canara,557830,15,0,0,0,0,1,0,0,0,0,1,1,0,72
TXN0002435,2024-01-29T11:47:00,28,M0118,Retail,mid,C00465,97,20,3939,0.0191,1100.66,netbanking,Kotak,595104,11,0,0,0,0,0,0,0,1,0,0,0,0,28
TXN0002436,2024-01-29T09:01:00,28,M0149,Services,low,C00612,15,3,1311,0.1636,3081.73,netbanking,SBI,444320,9,0,0,0,0,0,0,0,0,0,0,0,1,71
TXN0002437,2024-01-29T11:12:00,28,M0018,SaaS,high,C00530,869,86,24248,0.023,7339.84,wallet,ICICI,564792,11,0,0,0,0,0,0,0,0,1,0,0,1,19
TXN0002438,2024-01-29T21:44:00,28,M0171,Retail,low,C01343,14,3,808,0.014,2479.4,netbanking,SBI,593997,21,0,0,0,0,0,0,0,0,1,0,0,0,19
TXN0002439,2024-01-29T14:13:00,28,M0019,Services,mid,C00212,74,19,2080,0.1389,2839.46,card,ICICI,565222,14,0,0,0,0,0,1,0,0,0,1,1,0,63
TXN0002440,2024-01-29T14:26:00,28,M0108,Food,high,C00043,285,13,5553,0.0103,6258.34,wallet,SBI,542171,14,0,0,0,0,2,0,0,0,0,0,0,0,44
TXN0002441,2024-01-29T13:52:00,28,M0183,Retail,mid,C01149,892,51,7931,0.0336,5834.04,card,Yes,550700,13,0,0,0,0,1,0,0,0,0,0,0,0,58
TXN0002442,2024-01-29T17:49:00,28,M0097,Services,low,C00556,22,2,1268,0.1906,2420.32,card,Kotak,545338,17,0,0,0,0,0,0,0,0,1,0,0,1,31
TXN0002443,2024-01-29T19:13:00,28,M0118,Retail,mid,C00792,275,6,6658,0.0466,5027.95,upi,Kotak,414172,19,0,0,0,0,1,0,0,0,0,0,0,0,46
TXN0002444,2024-01-29T12:36:00,28,M0064,Food,high,C00697,211,15,4432,0.0478,5297.86,upi,ICICI,524243,12,0,0,0,0,1,0,0,0,0,0,0,0,49
TXN0002445,2024-01-29T11:33:00,28,M0096,Food,mid,C00835,979,88,23266,0.031,6399.36,upi,ICICI,467327,11,0,0,0,0,1,0,0,0,0,0,0,1,22
TXN0002446,2024-01-29T19:37:00,28,M0168,Food,high,C00438,15,4,1953,0.1344,2288.51,upi,Kotak,475681,19,0,0,0,0,0,0,0,0,1,0,0,0,59
TXN0002447,2024-01-29T13:44:00,28,M0069,SaaS,high,C01093,201,11,7691,0.0981,11190.68,card,PNB,570756,13,0,0,0,0,0,0,0,0,0,0,0,0,56
TXN0002448,2024-01-29T14:30:00,28,M0173,Food,high,C00024,184,12,3249,0.0951,9738.02,netbanking,PNB,514710,14,0,0,0,0,0,0,0,0,1,0,0,0,24
TXN0002449,2024-01-29T05:21:00,28,M0076,Services,high,C00013,300,11,3983,0.0544,4642.23,netbanking,Axis,595647,5,0,0,0,0,0,1,0,0,0,1,1,0,58
TXN0002450,2024-01-29T21:44:00,28,M0034,Retail,high,C01401,98,5,3761,0.048,3071.38,upi,Yes,595380,21,0,0,0,0,0,0,0,0,0,0,0,0,67
TXN0002451,2024-01-29T21:02:00,28,M0038,B2B,mid,C00780,270,19,3194,0.1202,16773.13,upi,Yes,476121,21,0,0,0,0,0,0,0,0,0,0,0,0,17
TXN0002452,2024-01-29T08:10:00,28,M0023,Services,low,C01061,20,3,1042,0.0431,1171.58,upi,ICICI,531880,8,0,0,0,0,0,0,0,0,1,0,0,0,17
TXN0002453,2024-01-29T13:47:00,28,M0165,Services,low,C00728,70,9,6554,0.1071,9417.23,upi,PNB,566931,13,0,0,0,0,1,0,0,0,1,0,0,0,29
TXN0002454,2024-01-29T12:19:00,28,M0120,Food,low,C00472,10,4,545,0.0467,1094.11,upi,Canara,419426,12,0,0,0,0,0,0,0,0,1,0,0,0,40
TXN0002455,2024-01-29T10:17:00,28,M0131,Logistics,high,C00211,21,4,738,0.1348,15612.56,upi,Kotak,583696,10,0,0,0,0,0,0,0,0,0,0,0,1,46
TXN0002456,2024-01-29T08:23:00,28,M0105,SaaS,high,C00171,127,11,7282,0.1708,2843.83,netbanking,HDFC,404080,8,0,0,0,0,0,0,0,0,1,0,0,0,12
TXN0002457,2024-01-29T13:21:00,28,M0175,Food,low,C01222,809,61,11869,0.0028,7684.22,card,Canara,540898,13,0,0,0,0,1,0,0,0,1,0,0,0,52
TXN0002458,2024-01-29T20:37:00,28,M0182,Retail,high,C00065,198,19,4385,0.0174,12382.01,upi,Canara,572728,20,0,0,0,0,1,1,0,0,0,1,1,0,27
TXN0002459,2024-01-29T07:48:00,28,M0179,Services,low,C00498,261,12,6545,0.1476,5977.11,wallet,Kotak,503614,7,0,0,0,0,0,0,0,0,0,0,0,0,71
TXN0002460,2024-01-29T17:11:00,28,M0082,B2B,high,C00842,269,20,2899,0.1515,30562.39,netbanking,HDFC,597140,17,0,0,0,0,0,0,0,0,0,1,1,0,33
TXN0002461,2024-01-29T18:14:00,28,M0067,Food,mid,C00981,173,5,1529,0.0551,1592.05,upi,Axis,588873,18,0,0,0,0,0,0,0,0,0,0,0,0,54
TXN0002462,2024-01-29T10:02:00,28,M0069,SaaS,high,C01244,243,9,3280,0.1395,1018.07,netbanking,ICICI,446085,10,0,0,0,0,0,0,0,0,1,0,0,0,20
TXN0002463,2024-01-29T15:03:00,28,M0021,SaaS,mid,C00650,236,7,2163,0.1174,4362.64,upi,Axis,591121,15,0,0,0,0,0,1,0,0,0,1,1,0,68
TXN0002464,2024-01-29T15:26:00,28,M0004,Logistics,low,C00121,79,10,7331,0.1149,9455.09,card,HDFC,409945,15,0,0,0,0,0,0,0,0,0,0,0,0,20
TXN0002465,2024-01-29T16:45:00,28,M0168,Food,high,C00262,944,119,4204,0.0321,3895.99,wallet,HDFC,473243,16,0,0,0,0,1,0,0,0,1,1,1,0,28
TXN0002466,2024-01-29T19:56:00,28,M0000,Logistics,low,C00782,940,90,5111,0.0167,7769.5,upi,SBI,464149,19,0,0,0,0,0,0,0,0,0,0,0,0,22
TXN0002467,2024-01-29T16:59:00,28,M0184,Logistics,high,C00247,904,100,13694,0.0007,7203.13,upi,Kotak,561902,16,0,0,0,0,0,0,0,0,0,0,0,0,15
TXN0002468,2024-01-29T10:43:00,28,M0176,SaaS,low,C00172,224,14,4956,0.0526,6023.52,upi,Kotak,571169,10,0,0,0,0,0,0,0,0,0,0,0,0,65
TXN0002469,2024-01-29T16:07:00,28,M0030,B2B,high,C01457,175,14,4484,0.2094,38638.95,upi,ICICI,491171,16,0,0,0,0,0,0,0,0,0,1,1,0,58
TXN0002470,2024-01-29T21:00:00,28,M0029,Retail,high,C00890,739,84,21155,0.0579,6405.13,card,HDFC,565090,21,0,0,0,0,0,0,0,0,0,0,0,0,52
TXN0002471,2024-01-29T11:41:00,28,M0045,Food,high,C01444,129,7,7536,0.0228,4128.7,netbanking,PNB,491952,11,0,0,0,0,1,0,0,0,0,0,0,0,51
TXN0002472,2024-01-29T21:04:00,28,M0183,Retail,mid,C00193,299,13,3357,0.0334,5789.94,wallet,SBI,484194,21,0,0,0,0,0,0,0,0,1,0,0,1,59
TXN0002473,2024-01-29T19:29:00,28,M0042,Logistics,mid,C00633,76,20,1924,0.0829,16580.76,wallet,ICICI,550565,19,0,0,0,0,0,1,0,0,0,1,1,0,15
TXN0002474,2024-01-29T10:02:00,28,M0182,Retail,high,C01376,15,4,962,0.0503,2683.61,netbanking,PNB,596207,10,0,0,0,0,0,0,0,0,1,0,0,1,63
TXN0002475,2024-01-29T01:00:00,28,M0138,Services,mid,C00536,12,4,1407,0.0616,2579.6,upi,Yes,573995,1,0,0,0,0,0,0,0,0,0,1,1,0,61
TXN0002476,2024-01-29T14:10:00,28,M0118,Retail,mid,C01386,785,103,16955,0.0407,4347.69,upi,SBI,509444,14,0,0,0,0,0,0,0,0,0,0,0,0,53
TXN0002477,2024-01-29T05:21:00,28,M0050,Logistics,high,C00428,11,3,1906,0.0571,2001.12,netbanking,Kotak,413578,5,0,0,0,0,0,0,0,0,0,1,1,0,39
TXN0002478,2024-01-29T17:49:00,28,M0091,Logistics,high,C01261,22,4,765,0.0873,28422.23,card,HDFC,555439,17,0,0,0,0,0,0,0,0,0,0,0,0,29
TXN0002479,2024-01-29T06:06:00,28,M0154,Retail,low,C00177,65,7,4221,0.1108,1685.98,card,SBI,563588,6,0,0,0,0,0,0,0,0,0,0,0,0,44
TXN0002480,2024-01-29T09:54:00,28,M0117,SaaS,low,C00606,221,7,4962,0.1239,5440.82,wallet,Kotak,417602,9,0,0,0,0,0,0,0,0,1,0,0,0,47
TXN0002481,2024-01-29T23:21:00,28,M0043,Logistics,high,C01036,209,8,7172,0.1514,13368.34,card,Axis,427601,23,0,0,0,0,1,0,0,0,0,0,0,0,69
TXN0002482,2024-01-29T12:14:00,28,M0096,Food,mid,C00756,89,17,3323,0.0739,731.12,netbanking,HDFC,520180,12,0,0,11,0,1,0,1,0,0,0,1,0,65
TXN0002483,2024-01-29T19:16:00,28,M0193,B2B,low,C00674,731,115,19078,0.0133,53820.91,wallet,SBI,496612,19,0,0,0,0,0,0,0,0,0,1,1,0,28
TXN0002484,2024-01-30T12:25:00,29,M0168,Food,high,C00804,23,1,528,0.1041,429.71,upi,HDFC,510737,12,1,0,0,0,1,0,0,0,0,0,0,0,48
TXN0002485,2024-01-30T12:58:00,29,M0099,B2B,low,C01227,273,18,1786,0.038,15795.66,netbanking,ICICI,531005,12,1,0,0,0,0,0,0,0,1,0,0,0,27
TXN0002486,2024-01-30T04:13:00,29,M0106,Services,high,C00114,71,12,4237,0.0363,3499.85,netbanking,Kotak,560161,4,1,0,0,0,0,0,0,0,0,0,0,0,70
TXN0002487,2024-01-30T13:19:00,29,M0163,Logistics,high,C00113,166,13,2765,0.0701,11028.47,wallet,HDFC,453402,13,1,0,0,0,0,0,0,0,0,0,0,0,24
TXN0002488,2024-01-30T07:06:00,29,M0169,Food,low,C00346,23,1,1516,0.0407,1879.49,upi,PNB,578325,7,1,0,0,0,3,0,0,0,1,0,0,0,43
TXN0002489,2024-01-30T21:42:00,29,M0040,SaaS,mid,C01019,794,116,24749,0.0205,27949.85,wallet,Yes,581635,21,1,0,0,0,1,0,0,0,0,1,1,0,42
TXN0002490,2024-01-30T08:25:00,29,M0160,Services,mid,C00242,10,1,1523,0.2298,2299.38,wallet,SBI,469904,8,1,0,0,0,0,0,0,0,0,0,0,0,17
TXN0002491,2024-01-30T08:06:00,29,M0116,Services,low,C00881,257,14,5596,0.1712,1971.94,card,Axis,536151,8,1,0,0,0,0,0,0,0,1,0,0,0,12
TXN0002492,2024-01-30T11:26:00,29,M0056,Retail,low,C01294,194,19,3596,0.0608,2249.32,card,PNB,415075,11,1,0,0,0,0,1,0,0,0,1,1,0,23
TXN0002493,2024-01-30T12:36:00,29,M0078,B2B,high,C01265,12,1,1705,0.0059,26429.51,netbanking,PNB,455813,12,1,0,0,0,1,1,0,0,0,1,1,0,13
TXN0002494,2024-01-30T06:24:00,29,M0066,Food,mid,C00112,205,7,1430,0.0376,4397.75,wallet,ICICI,565000,6,1,0,0,0,1,0,0,0,0,0,0,0,71
TXN0002495,2024-01-30T13:58:00,29,M0003,SaaS,low,C00595,91,7,1935,0.1952,6192.61,netbanking,HDFC,444371,13,1,0,0,0,0,0,1,0,0,1,1,0,44
TXN0002496,2024-01-30T15:09:00,29,M0117,SaaS,low,C00136,918,106,18128,0.0252,20030.86,upi,Yes,592570,15,1,0,0,0,1,0,0,0,0,0,0,0,53
TXN0002497,2024-01-30T07:04:00,29,M0015,Services,low,C00255,186,11,4750,0.0264,5220.82,wallet,Axis,412320,7,1,0,0,0,0,0,0,0,1,0,0,0,70
TXN0002498,2024-01-30T14:14:00,29,M0021,SaaS,mid,C00842,269,20,2899,0.1515,1173.34,wallet,Yes,517283,14,1,0,0,1,1,0,0,0,0,0,0,0,69
TXN0002499,2024-01-30T17:17:00,29,M0015,Services,low,C00234,20,4,1443,0.0488,2060.41,card,Axis,496897,17,1,0,0,0,1,0,0,0,1,0,0,1,62
TXN0002500,2024-01-30T10:08:00,29,M0044,Logistics,low,C00033,253,5,3025,0.0321,16290.53,wallet,HDFC,437230,10,1,0,0,0,0,0,0,0,0,0,0,0,31
TXN0002501,2024-01-30T07:53:00,29,M0176,SaaS,low,C00670,6,4,1295,0.065,2079.74,wallet,HDFC,543955,7,1,0,0,0,0,0,1,0,0,1,1,0,28
TXN0002502,2024-01-30T11:41:00,29,M0058,B2B,low,C01319,7,2,506,0.0739,25513.01,wallet,HDFC,506902,11,1,0,0,0,0,0,0,0,1,0,0,1,60
TXN0002503,2024-01-30T08:04:00,29,M0178,Logistics,low,C01377,16,3,1214,0.1358,4573.34,upi,PNB,555882,8,1,0,0,0,1,1,0,0,1,1,1,0,13
TXN0002504,2024-01-30T13:00:00,29,M0053,Retail,low,C01483,8,4,533,0.0062,2138.01,card,SBI,419125,13,1,0,7,0,0,0,0,0,0,0,0,0,62
TXN0002505,2024-01-30T13:14:00,29,M0063,SaaS,high,C01296,939,96,5611,0.0086,2572.45,card,Axis,414275,13,1,0,0,0,0,0,0,0,0,0,0,0,25
TXN0002506,2024-01-30T12:31:00,29,M0120,Food,low,C00029,264,17,6932,0.0507,2251.56,netbanking,Kotak,592664,12,1,0,14,0,0,0,0,0,0,0,0,0,28
TXN0002507,2024-01-30T14:30:00,29,M0041,B2B,low,C01142,239,20,1936,0.0703,11486.63,netbanking,Axis,401729,14,1,0,10,0,0,0,0,0,0,0,0,0,65
TXN0002508,2024-01-30T17:14:00,29,M0108,Food,high,C00101,290,7,3638,0.1309,3151.28,upi,HDFC,598517,17,1,0,0,0,0,0,0,0,1,0,0,0,14
TXN0002509,2024-01-30T17:54:00,29,M0151,Food,low,C01054,25,1,1125,0.0641,1418.21,netbanking,Axis,507739,17,1,0,0,0,0,0,0,0,0,0,0,0,70
TXN0002510,2024-01-30T18:49:00,29,M0161,Services,mid,C00162,893,94,5127,0.0172,4292.3,card,SBI,497160,18,1,0,0,0,1,0,0,0,0,0,0,0,49
TXN0002511,2024-01-30T09:36:00,29,M0027,Services,high,C00587,12,1,1336,0.0454,2694.05,netbanking,PNB,417175,9,1,0,0,0,1,0,0,0,1,0,0,0,17
TXN0002512,2024-01-30T07:31:00,29,M0098,Retail,mid,C00660,137,20,7112,0.0513,6208.58,card,PNB,446726,7,1,0,0,0,0,0,0,0,0,0,0,0,71
TXN0002513,2024-01-30T18:43:00,29,M0008,Retail,low,C00369,128,16,1165,0.0715,3633.83,wallet,HDFC,457388,18,1,0,0,0,1,0,0,0,0,0,0,0,19
TXN0002514,2024-01-30T14:05:00,29,M0163,Logistics,high,C01385,233,17,3459,0.019,12570.52,netbanking,ICICI,556773,14,1,0,0,0,0,0,0,0,0,0,0,0,56
TXN0002515,2024-01-30T05:09:00,29,M0040,SaaS,mid,C00984,20,1,1236,0.0756,2794.39,card,HDFC,472465,5,1,0,0,0,1,0,0,0,0,1,1,0,21
TXN0002516,2024-01-30T20:31:00,29,M0125,Retail,low,C00375,745,80,15204,0.0135,5523.39,wallet,ICICI,531997,20,1,0,0,0,0,0,0,0,1,0,0,0,54
TXN0002517,2024-01-30T08:44:00,29,M0113,Services,high,C00904,204,10,1535,0.1432,2418.61,upi,ICICI,535913,8,1,0,0,0,0,0,0,0,1,0,0,0,22
TXN0002518,2024-01-30T18:45:00,29,M0142,Retail,mid,C00472,10,4,545,0.0467,1987.46,wallet,Kotak,566243,18,1,0,0,0,1,1,0,0,0,0,1,1,31
TXN0002519,2024-01-30T14:10:00,29,M0015,Services,low,C01042,11,2,1733,0.1162,10048.55,wallet,Canara,482793,14,1,0,0,0,0,0,0,0,0,0,0,0,38
TXN0002520,2024-01-30T10:05:00,29,M0143,Logistics,mid,C01058,295,6,5975,0.0554,11689.32,upi,ICICI,557471,10,1,0,0,0,0,0,0,0,0,0,0,0,47
TXN0002521,2024-01-30T13:08:00,29,M0146,Food,mid,C00123,211,6,3883,0.0949,3233.83,netbanking,Kotak,586521,13,1,0,0,0,1,0,0,0,0,0,0,0,48
TXN0002522,2024-01-30T03:36:00,29,M0110,Food,high,C00162,893,94,5127,0.0172,6075.39,card,SBI,492471,3,1,0,1,1,2,0,1,0,1,1,1,0,26
TXN0002523,2024-01-30T21:16:00,29,M0118,Retail,mid,C00849,21,1,630,0.0762,3301.69,upi,Yes,587657,21,1,0,9,0,0,0,0,0,0,0,0,1,34
TXN0002524,2024-01-30T17:35:00,29,M0059,Logistics,mid,C01039,730,81,12850,0.0007,7790.86,upi,ICICI,588177,17,1,0,14,0,0,0,0,0,0,0,0,0,46
TXN0002525,2024-01-30T21:32:00,29,M0020,B2B,low,C01026,84,9,3649,0.1314,33255.42,upi,Canara,417738,21,1,0,0,0,0,0,0,0,0,0,1,0,34
TXN0002526,2024-01-30T10:27:00,29,M0102,Retail,high,C00362,805,65,17714,0.0025,3599.46,wallet,HDFC,542063,10,1,0,0,0,0,0,0,0,0,1,1,0,68
TXN0002527,2024-01-30T06:09:00,29,M0016,Services,high,C00619,137,11,5301,0.0478,3982.93,card,ICICI,589711,6,1,0,0,0,0,0,0,0,1,0,0,0,12
TXN0002528,2024-01-30T11:26:00,29,M0023,Services,low,C00298,114,9,4372,0.1389,3521.25,upi,Axis,475786,11,1,0,0,0,0,0,0,0,1,0,0,0,57
TXN0002529,2024-01-30T17:32:00,29,M0130,Food,low,C01022,974,77,19220,0.0059,9363.35,netbanking,ICICI,450294,17,1,0,0,0,2,0,0,0,0,0,0,0,23
TXN0002530,2024-01-30T21:55:00,29,M0172,Food,mid,C00877,943,111,21778,0.0075,17435.73,upi,Canara,438949,21,1,0,0,0,0,0,0,0,1,0,0,0,45
TXN0002531,2024-01-30T17:53:00,29,M0040,SaaS,mid,C01317,274,6,6197,0.1133,7508.96,netbanking,Kotak,527478,17,1,0,0,0,0,0,0,0,1,0,0,1,30
TXN0002532,2024-01-30T04:30:00,29,M0028,Retail,mid,C00412,998,78,24949,0.0394,8408.13,upi,Canara,544440,4,1,0,1,0,0,0,0,0,0,1,1,0,43
TXN0002533,2024-01-30T21:00:00,29,M0192,B2B,mid,C00729,83,15,1450,0.1125,51265.57,card,Canara,496923,21,1,0,0,0,0,0,0,0,1,1,1,0,25
TXN0002534,2024-01-30T20:12:00,29,M0042,Logistics,mid,C00812,82,15,6818,0.1273,34524.77,upi,Kotak,570188,20,1,0,0,0,0,0,0,0,0,0,1,0,38
TXN0002535,2024-01-30T23:45:00,29,M0152,Retail,high,C00332,9,4,908,0.1434,2460.8,card,Canara,405785,23,1,0,0,0,1,0,0,0,0,0,0,0,14
TXN0002536,2024-01-30T13:51:00,29,M0019,Services,mid,C00420,243,19,1934,0.0247,2979.32,card,ICICI,543070,13,1,0,0,0,0,0,0,0,1,1,1,0,31
TXN0002537,2024-01-30T23:20:00,29,M0198,Food,mid,C00992,126,19,6579,0.0334,1537.15,wallet,HDFC,500989,23,1,0,0,0,0,0,0,0,0,0,0,0,14
TXN0002538,2024-01-30T14:06:00,29,M0014,Logistics,high,C01227,273,18,1786,0.038,6526.17,upi,Yes,593341,14,1,0,0,1,1,0,0,0,0,0,0,0,59
TXN0002539,2024-01-30T16:37:00,29,M0016,Services,high,C00862,226,19,6713,0.0589,2264.88,wallet,SBI,544756,16,1,0,0,0,0,0,0,0,0,0,0,0,71
TXN0002540,2024-01-30T15:43:00,29,M0125,Retail,low,C01495,123,12,3053,0.0454,3645.56,netbanking,ICICI,594846,15,1,0,0,0,0,0,0,0,0,0,0,0,14
TXN0002541,2024-01-30T02:18:00,29,M0187,SaaS,high,C01269,294,12,4633,0.1214,2029.22,wallet,ICICI,555243,2,1,0,0,0,0,1,0,0,0,1,1,0,58
TXN0002542,2024-01-30T17:11:00,29,M0007,Food,mid,C00371,246,18,5955,0.1486,11575.22,upi,Axis,419537,17,1,0,0,0,1,0,0,0,0,0,0,0,22
TXN0002543,2024-01-30T06:50:00,29,M0043,Logistics,high,C00882,253,6,5671,0.095,4303.16,card,Axis,404548,6,1,0,0,0,1,0,0,0,1,0,0,0,65
TXN0002544,2024-01-30T15:34:00,29,M0083,B2B,low,C00283,217,9,7429,0.0668,24203.35,upi,ICICI,565060,15,1,0,0,0,2,0,0,0,1,0,0,0,28
TXN0002545,2024-01-30T18:26:00,29,M0160,Services,mid,C00407,219,13,7005,0.033,14966.9,netbanking,HDFC,409026,18,1,0,0,0,0,0,0,0,0,0,0,0,16
TXN0002546,2024-01-30T13:32:00,29,M0155,SaaS,mid,C01287,12,3,723,0.0232,1247.94,card,Yes,415623,13,1,0,10,0,0,0,0,0,1,0,0,1,22
TXN0002547,2024-01-30T11:51:00,29,M0128,B2B,high,C00933,21,4,928,0.1246,8915.31,card,Canara,428172,11,1,0,0,0,0,0,1,0,1,1,1,0,35
TXN0002548,2024-01-30T14:50:00,29,M0028,Retail,mid,C00620,957,114,3817,0.0332,1684.6,card,Yes,556276,14,1,0,0,0,1,0,0,0,1,0,0,0,33
TXN0002549,2024-01-30T20:39:00,29,M0058,B2B,low,C00854,25,3,1185,0.0337,33130.03,upi,Canara,544350,20,1,0,0,0,0,0,0,0,0,0,1,1,24
TXN0002550,2024-01-30T03:40:00,29,M0165,Services,low,C00772,10,1,1602,0.0467,4678.53,upi,Canara,518308,3,1,0,0,0,0,0,0,0,0,0,0,1,69
TXN0002551,2024-01-30T05:51:00,29,M0110,Food,high,C00269,192,10,5521,0.0392,8013.87,card,PNB,538656,5,1,0,0,0,0,0,0,0,0,0,1,0,32
TXN0002552,2024-01-30T12:55:00,29,M0159,Services,low,C00956,207,6,7039,0.0199,5472.4,netbanking,HDFC,595680,12,1,0,14,0,0,0,0,0,0,0,0,0,18
TXN0002553,2024-01-30T14:17:00,29,M0066,Food,mid,C00612,15,3,1311,0.1636,1876.28,upi,Axis,540053,14,1,0,0,0,1,0,0,0,1,0,0,0,29
TXN0002554,2024-01-30T08:47:00,29,M0179,Services,low,C01260,748,94,5318,0.0544,3327.87,wallet,ICICI,502833,8,1,0,11,0,0,0,0,0,1,0,0,0,18
TXN0002555,2024-01-30T13:04:00,29,M0029,Retail,high,C00496,858,106,15356,0.0145,19495.8,upi,HDFC,518144,13,1,0,0,0,0,0,0,0,1,0,0,0,32
TXN0002556,2024-01-30T10:37:00,29,M0141,Logistics,low,C00611,236,14,3084,0.1764,8115.83,upi,PNB,535502,10,1,0,0,0,0,0,0,0,0,1,1,0,69
TXN0002557,2024-01-30T20:33:00,29,M0046,SaaS,high,C00744,295,10,1839,0.0357,3862.37,upi,SBI,470316,20,1,0,0,0,3,0,0,0,0,1,1,0,55
TXN0002558,2024-01-30T15:48:00,29,M0198,Food,mid,C00213,741,100,11338,0.0295,3218.12,upi,PNB,473982,15,1,0,0,0,1,0,0,0,1,0,0,0,35
TXN0002559,2024-01-30T21:49:00,29,M0189,SaaS,mid,C00650,236,7,2163,0.1174,1050.3,upi,HDFC,526932,21,1,0,0,0,1,0,0,0,0,0,0,0,69
TXN0002560,2024-01-30T05:09:00,29,M0130,Food,low,C00305,112,9,5394,0.0518,2868.07,card,HDFC,526815,5,1,0,0,0,0,0,1,0,0,1,1,0,39
TXN0002561,2024-01-30T13:43:00,29,M0175,Food,low,C00966,6,2,1405,0.1134,1429.27,wallet,Axis,511100,13,1,0,0,1,1,0,0,0,0,0,0,0,40
TXN0002562,2024-01-30T17:54:00,29,M0183,Retail,mid,C01317,274,6,6197,0.1133,5810.21,upi,Axis,486499,17,1,0,13,1,1,0,0,0,1,0,0,0,51
TXN0002563,2024-01-30T11:46:00,29,M0015,Services,low,C01210,5,3,1470,0.1267,4673.06,wallet,HDFC,510350,11,1,0,0,0,0,0,0,0,0,0,0,0,16
TXN0002564,2024-01-30T12:34:00,29,M0033,Logistics,low,C00727,14,2,1657,0.1645,7006.04,card,Kotak,573396,12,1,0,0,0,0,0,0,0,1,0,0,0,15
TXN0002565,2024-01-31T06:32:00,30,M0132,Food,mid,C01068,259,17,5111,0.1204,1837.88,upi,PNB,599421,6,2,0,9,0,0,0,0,0,1,0,0,0,12
TXN0002566,2024-01-31T11:56:00,30,M0119,Retail,high,C01496,193,13,7225,0.0594,1546.07,card,Kotak,549971,11,2,0,0,0,0,0,0,0,0,0,0,0,51
TXN0002567,2024-01-31T11:06:00,30,M0199,SaaS,mid,C01390,12,2,1902,0.1392,1526.28,netbanking,Canara,427844,11,2,0,0,0,1,1,0,0,1,1,1,0,36
TXN0002568,2024-01-31T16:25:00,30,M0085,SaaS,mid,C00275,197,10,5545,0.0476,1842.0,upi,HDFC,456367,16,2,0,0,0,0,0,0,0,1,0,0,0,72
TXN0002569,2024-01-31T13:04:00,30,M0115,Services,high,C00396,14,4,1990,0.0986,2428.92,wallet,SBI,431773,13,2,0,0,0,1,1,0,0,0,0,1,1,16
TXN0002570,2024-01-31T11:58:00,30,M0178,Logistics,low,C01272,201,11,2005,0.0898,3040.25,card,HDFC,529848,11,2,0,0,0,0,0,0,0,1,0,0,0,70
TXN0002571,2024-01-31T19:45:00,30,M0164,Logistics,high,C00157,67,9,7952,0.0952,7229.53,wallet,Canara,473175,19,2,0,0,0,0,0,0,0,1,0,0,0,30
TXN0002572,2024-01-31T21:34:00,30,M0084,B2B,mid,C00924,19,1,1515,0.0429,16913.66,upi,Canara,423632,21,2,0,0,0,0,0,0,0,0,0,0,1,65
TXN0002573,2024-01-31T14:37:00,30,M0073,SaaS,high,C00556,22,2,1268,0.1906,709.94,netbanking,Kotak,523052,14,2,0,0,0,1,0,0,0,1,0,0,0,14
TXN0002574,2024-01-31T11:35:00,30,M0112,Logistics,mid,C00475,116,18,5922,0.0285,11836.03,card,ICICI,544436,11,2,0,0,0,0,0,0,0,0,0,0,0,50
TXN0002575,2024-01-31T21:37:00,30,M0146,Food,mid,C00104,84,15,4496,0.0376,1960.41,upi,Axis,590158,21,2,0,0,0,1,0,0,0,0,0,0,0,56
TXN0002576,2024-01-31T09:50:00,30,M0004,Logistics,low,C00865,5,3,994,0.0664,3969.67,netbanking,HDFC,547065,9,2,0,0,0,0,0,0,0,0,0,0,1,37
TXN0002577,2024-01-31T10:32:00,30,M0063,SaaS,high,C00628,6,1,1373,0.0525,671.11,upi,Canara,495971,10,2,0,0,0,1,0,0,0,1,0,0,0,54
TXN0002578,2024-01-31T06:30:00,30,M0060,Services,high,C00666,124,11,1278,0.1892,2253.74,wallet,SBI,573508,6,2,0,0,0,0,1,0,0,0,1,1,0,22
TXN0002579,2024-01-31T20:41:00,30,M0152,Retail,high,C00254,18,3,1362,0.0629,1936.03,netbanking,Axis,443824,20,2,0,0,0,0,0,0,0,0,0,0,1,36
TXN0002580,2024-01-31T11:08:00,30,M0010,SaaS,high,C01488,807,73,14962,0.0496,9594.06,card,Axis,457485,11,2,0,0,0,0,0,0,0,1,0,0,0,52
TXN0002581,2024-01-31T08:28:00,30,M0096,Food,mid,C00090,885,113,6805,0.0021,4720.67,wallet,Axis,406639,8,2,0,0,0,2,0,0,0,0,0,0,0,63
TXN0002582,2024-01-31T06:47:00,30,M0178,Logistics,low,C00171,127,11,7282,0.1708,18194.06,wallet,Axis,493376,6,2,0,0,0,1,0,0,0,0,1,1,0,22
TXN0002583,2024-01-31T03:39:00,30,M0035,SaaS,mid,C01050,106,16,7603,0.1525,5715.94,wallet,Yes,421754,3,2,0,0,0,0,0,0,0,0,0,0,0,29
TXN0002584,2024-01-31T10:50:00,30,M0197,Food,low,C01216,914,76,5925,0.0032,2575.18,netbanking,Axis,453164,10,2,0,0,0,0,0,0,0,0,0,0,0,56
TXN0002585,2024-01-31T09:34:00,30,M0114,Logistics,mid,C01306,119,14,5041,0.0461,21559.69,wallet,Yes,456513,9,2,0,0,0,0,0,0,0,0,1,1,0,38
TXN0002586,2024-01-31T11:28:00,30,M0064,Food,high,C00709,766,99,13908,0.0162,9108.06,card,Axis,460897,11,2,0,0,0,0,0,1,0,1,1,1,0,52
TXN0002587,2024-01-31T10:35:00,30,M0167,SaaS,low,C00761,187,13,7265,0.1654,3495.03,card,SBI,408407,10,2,0,9,0,1,0,0,0,0,0,0,0,26
TXN0002588,2024-01-31T18:02:00,30,M0138,Services,mid,C00358,107,16,4124,0.0797,10112.76,wallet,HDFC,563746,18,2,0,0,0,0,0,0,0,0,0,0,1,30
TXN0002589,2024-01-31T15:39:00,30,M0139,Logistics,low,C01105,6,2,864,0.0973,7011.7,upi,ICICI,404719,15,2,0,0,0,0,0,0,0,0,0,0,0,31
TXN0002590,2024-01-31T09:59:00,30,M0148,SaaS,mid,C01330,256,7,6365,0.0174,1384.13,upi,ICICI,463572,9,2,0,0,0,0,0,0,0,0,0,0,0,66
TXN0002591,2024-01-31T09:44:00,30,M0101,Food,low,C00661,171,5,3365,0.1198,2989.25,upi,Yes,424416,9,2,0,0,0,0,0,0,0,0,0,0,0,65
TXN0002592,2024-01-31T07:39:00,30,M0179,Services,low,C01369,11,1,1181,0.2256,5075.36,upi,Axis,449106,7,2,0,0,0,0,0,0,0,1,0,0,1,12
TXN0002593,2024-01-31T19:42:00,30,M0135,Retail,low,C01032,775,109,24309,0.009,24374.36,card,Axis,426435,19,2,0,0,0,0,0,0,0,0,0,0,0,12
TXN0002594,2024-01-31T12:27:00,30,M0079,Retail,high,C00557,161,5,6949,0.0163,7265.33,card,SBI,417975,12,2,0,0,0,0,1,1,0,0,1,1,0,52
TXN0002595,2024-01-31T07:58:00,30,M0024,B2B,mid,C00080,877,119,8176,0.0012,13887.48,card,HDFC,552467,7,2,0,0,0,0,1,0,0,0,1,1,0,41
TXN0002596,2024-01-31T19:06:00,30,M0172,Food,mid,C00830,18,3,1664,0.0177,2284.25,netbanking,SBI,435248,19,2,0,0,0,0,1,0,0,0,1,1,0,59
TXN0002597,2024-01-31T20:49:00,30,M0061,Services,low,C00336,12,3,1592,0.2711,2451.8,netbanking,HDFC,552454,20,2,0,0,0,0,0,0,0,0,0,0,0,64
TXN0002598,2024-01-31T21:50:00,30,M0066,Food,mid,C01053,172,16,7541,0.0741,2365.64,wallet,PNB,458587,21,2,0,7,0,1,0,0,0,0,0,0,0,24
TXN0002599,2024-01-31T09:15:00,30,M0119,Retail,high,C00333,64,17,7405,0.1213,3663.5,netbanking,Canara,545539,9,2,0,0,0,1,0,0,0,1,0,0,1,55
TXN0002600,2024-01-31T19:21:00,30,M0053,Retail,low,C00475,116,18,5922,0.0285,14765.94,netbanking,ICICI,404367,19,2,0,0,1,1,0,0,0,0,0,0,0,72
TXN0002601,2024-01-31T19:50:00,30,M0036,Retail,low,C00393,255,7,2060,0.1223,4311.19,card,Kotak,445213,19,2,0,0,0,0,0,0,0,0,0,0,0,27
TXN0002602,2024-01-31T14:15:00,30,M0157,SaaS,mid,C01098,21,2,1988,0.0213,5891.6,wallet,Kotak,594738,14,2,0,0,0,0,0,0,0,1,0,0,1,52
TXN0002603,2024-01-31T22:45:00,30,M0026,Retail,high,C00912,124,12,1883,0.0678,3931.13,wallet,PNB,511612,22,2,0,0,0,0,0,0,0,0,0,0,0,22
TXN0002604,2024-01-31T22:11:00,30,M0110,Food,high,C00752,85,5,5332,0.0525,7769.33,netbanking,Kotak,482164,22,2,0,0,0,0,0,0,0,1,0,0,0,30
TXN0002605,2024-01-31T04:12:00,30,M0115,Services,high,C01368,758,106,23888,0.0261,14726.06,card,Kotak,445314,4,2,0,0,0,0,0,0,0,1,0,1,0,30
TXN0002606,2024-01-31T15:21:00,30,M0107,SaaS,mid,C00750,260,8,5929,0.0549,1284.9,upi,Axis,410094,15,2,0,0,0,0,0,0,0,1,0,0,0,70
TXN0002607,2024-01-31T02:05:00,30,M0124,Retail,low,C00949,264,17,4123,0.0427,3543.26,netbanking,Yes,488742,2,2,0,0,0,0,1,0,1,0,1,1,0,65
TXN0002608,2024-01-31T13:18:00,30,M0041,B2B,low,C00994,11,4,839,0.0526,20160.5,upi,PNB,484561,13,2,0,0,0,1,0,0,0,0,0,0,1,20
TXN0002609,2024-01-31T13:12:00,30,M0102,Retail,high,C00653,167,16,7539,0.0503,8341.84,wallet,HDFC,407044,13,2,0,0,0,1,0,0,1,0,0,0,0,29
TXN0002610,2024-01-31T19:40:00,30,M0088,Food,low,C00114,71,12,4237,0.0363,1984.9,card,Axis,512765,19,2,0,0,0,1,0,0,0,0,0,0,0,12
TXN0002611,2024-01-31T13:28:00,30,M0052,Logistics,mid,C01010,988,54,7189,0.0172,12861.2,wallet,PNB,404257,13,2,0,0,0,2,0,0,0,0,1,1,0,29
TXN0002612,2024-01-31T10:48:00,30,M0098,Retail,mid,C01318,11,3,1462,0.0305,1840.23,wallet,ICICI,495417,10,2,0,0,0,0,1,0,0,1,1,1,0,47
TXN0002613,2024-01-31T12:11:00,30,M0112,Logistics,mid,C01248,819,99,16764,0.0629,89414.32,netbanking,Yes,566011,12,2,0,0,0,1,0,0,0,1,1,1,0,52
TXN0002614,2024-01-31T11:17:00,30,M0156,Services,mid,C00078,122,18,5636,0.166,4259.93,card,Axis,499009,11,2,0,0,0,0,0,1,0,0,1,1,0,62
TXN0002615,2024-01-31T11:17:00,30,M0044,Logistics,low,C01093,201,11,7691,0.0981,3299.53,wallet,ICICI,485945,11,2,0,0,0,1,0,0,0,0,0,0,0,35
TXN0002616,2024-01-31T15:44:00,30,M0105,SaaS,high,C00955,271,17,5954,0.1364,1574.15,upi,SBI,490175,15,2,0,0,0,0,0,0,0,1,0,0,0,13
TXN0002617,2024-01-31T22:16:00,30,M0039,Logistics,mid,C01425,25,4,1901,0.0218,13012.69,upi,HDFC,576685,22,2,0,0,0,0,0,0,0,1,0,0,0,19
TXN0002618,2024-01-31T21:48:00,30,M0173,Food,high,C01165,811,91,9676,0.0017,10177.43,upi,SBI,481370,21,2,0,0,0,0,0,0,0,1,0,0,0,38
TXN0002619,2024-01-31T15:11:00,30,M0148,SaaS,mid,C00710,216,11,7452,0.1486,9190.39,netbanking,PNB,553630,15,2,0,0,0,0,0,0,0,0,0,0,0,19
TXN0002620,2024-01-31T02:17:00,30,M0053,Retail,low,C00864,22,3,937,0.0258,609.99,wallet,SBI,560020,2,2,0,0,0,0,0,0,0,1,0,0,0,19
TXN0002621,2024-01-31T04:22:00,30,M0027,Services,high,C00274,16,2,1546,0.0683,1544.36,card,ICICI,458090,4,2,0,0,0,0,0,0,0,0,0,0,1,28
TXN0002622,2024-01-31T13:39:00,30,M0108,Food,high,C00056,14,4,645,0.1133,695.96,card,ICICI,417173,13,2,0,0,0,0,0,0,0,1,0,0,0,26
TXN0002623,2024-01-31T16:40:00,30,M0020,B2B,low,C00162,893,94,5127,0.0172,21352.69,card,ICICI,586364,16,2,0,0,1,3,0,0,0,1,0,0,0,54
TXN0002624,2024-01-31T20:19:00,30,M0009,Retail,low,C00643,761,97,20985,0.0702,26211.9,wallet,Kotak,452918,20,2,0,8,0,0,0,0,0,0,0,0,0,48
TXN0002625,2024-01-31T11:17:00,30,M0020,B2B,low,C00538,22,1,1018,0.095,63076.8,wallet,HDFC,509645,11,2,0,0,0,0,0,0,0,0,1,1,0,52
TXN0002626,2024-01-31T19:03:00,30,M0139,Logistics,low,C00403,20,3,980,0.0023,3433.49,card,ICICI,550531,19,2,0,0,0,0,0,0,0,0,0,0,0,53
TXN0002627,2024-01-31T06:59:00,30,M0164,Logistics,high,C01476,108,9,2688,0.0579,3434.09,card,Kotak,406027,6,2,0,0,0,1,0,0,0,1,0,0,0,55
TXN0002628,2024-01-31T18:28:00,30,M0126,B2B,low,C00169,92,14,6033,0.1224,21613.73,wallet,ICICI,419285,18,2,0,0,0,0,0,0,0,0,1,1,0,19
TXN0002629,2024-01-31T07:23:00,30,M0071,Retail,low,C01463,786,110,7400,0.052,16188.08,netbanking,PNB,544575,7,2,0,0,0,0,0,0,0,0,0,0,0,18
TXN0002630,2024-01-31T11:02:00,30,M0104,Food,low,C00841,186,14,1303,0.0839,1450.22,wallet,PNB,484308,11,2,0,0,0,1,0,0,0,0,0,0,0,42
TXN0002631,2024-01-31T08:04:00,30,M0029,Retail,high,C01246,908,101,5214,0.0008,3700.13,card,Canara,438963,8,2,0,0,0,0,0,0,0,1,0,0,0,65
TXN0002632,2024-01-31T07:49:00,30,M0150,Retail,mid,C01462,24,4,621,0.0321,924.15,card,Kotak,537044,7,2,0,0,0,1,0,0,0,0,0,0,0,25
TXN0002633,2024-01-31T10:33:00,30,M0175,Food,low,C00170,24,3,1654,0.0234,735.16,netbanking,Yes,576224,10,2,0,0,0,0,0,1,0,0,1,1,0,50
TXN0002634,2024-01-31T13:19:00,30,M0092,Food,low,C01247,8,4,1891,0.0746,2657.15,upi,HDFC,449932,13,2,0,0,0,0,0,0,0,1,0,0,0,24
TXN0002635,2024-01-31T21:52:00,30,M0119,Retail,high,C01396,132,14,4168,0.1527,7007.86,card,Axis,511875,21,2,0,0,0,1,1,1,0,0,1,1,0,30
TXN0002636,2024-01-31T18:22:00,30,M0177,Food,low,C01462,24,4,621,0.0321,539.24,wallet,Kotak,447885,18,2,0,0,1,1,0,0,0,0,0,0,0,16
TXN0002637,2024-01-31T23:22:00,30,M0069,SaaS,high,C01071,123,9,6974,0.0782,4538.23,netbanking,PNB,509334,23,2,0,0,0,0,0,0,0,0,0,0,1,71
TXN0002638,2024-01-31T09:54:00,30,M0147,SaaS,mid,C00351,767,93,8574,0.0491,4566.45,upi,SBI,442492,9,2,0,0,0,0,0,0,0,0,0,0,0,30
TXN0002639,2024-01-31T23:02:00,30,M0049,Services,mid,C01260,748,94,5318,0.0544,546.55,netbanking,HDFC,431864,23,2,0,0,0,1,0,0,0,0,0,0,1,58
TXN0002640,2024-01-31T08:32:00,30,M0066,Food,mid,C01277,952,104,4871,0.0312,3303.89,wallet,HDFC,579040,8,2,0,0,0,1,0,0,0,0,1,1,0,51
TXN0002641,2024-01-31T15:50:00,30,M0016,Services,high,C00150,11,1,908,0.0473,4081.31,card,HDFC,582164,15,2,0,0,0,0,0,0,0,1,0,0,1,71
TXN0002642,2024-01-31T16:44:00,30,M0196,Retail,low,C00994,11,4,839,0.0526,2562.66,netbanking,SBI,539711,16,2,0,0,1,2,0,0,0,1,0,0,0,35
TXN0002643,2024-01-31T23:32:00,30,M0169,Food,low,C00905,997,85,9286,0.052,8745.97,netbanking,Yes,506893,23,2,0,0,0,1,0,0,0,0,0,0,0,31
TXN0002644,2024-01-31T20:42:00,30,M0057,Food,high,C00245,79,14,2330,0.0808,1414.39,wallet,Kotak,408793,20,2,0,0,0,0,0,0,0,1,0,0,0,61
TXN0002645,2024-01-31T13:39:00,30,M0135,Retail,low,C00093,16,3,624,0.0975,2104.26,upi,ICICI,494095,13,2,0,8,0,0,0,0,0,1,0,0,0,32
TXN0002646,2024-01-31T08:48:00,30,M0179,Services,low,C00028,842,112,10190,0.0064,5999.28,card,Axis,501522,8,2,0,0,0,1,0,0,0,0,0,0,0,18
TXN0002647,2024-01-31T19:36:00,30,M0164,Logistics,high,C01457,175,14,4484,0.2094,17420.74,wallet,Canara,428751,19,2,0,0,0,1,0,0,0,0,0,0,0,39
TXN0002648,2024-02-01T09:27:00,31,M0112,Logistics,mid,C01073,216,10,2545,0.126,7650.89,upi,SBI,518498,9,3,0,0,0,0,0,0,0,0,0,0,0,20
TXN0002649,2024-02-01T12:41:00,31,M0021,SaaS,mid,C00725,15,3,802,0.0878,359.84,card,Kotak,437886,12,3,0,0,0,1,0,0,0,0,0,0,0,59
TXN0002650,2024-02-01T10:34:00,31,M0023,Services,low,C00916,281,5,4714,0.0524,4108.28,upi,ICICI,470911,10,3,0,0,0,0,0,0,0,0,0,0,0,65
TXN0002651,2024-02-01T16:33:00,31,M0128,B2B,high,C00934,17,3,1521,0.0828,19470.14,card,Yes,556215,16,3,0,0,0,0,0,0,0,1,0,0,0,48
TXN0002652,2024-02-01T17:37:00,31,M0175,Food,low,C01152,17,2,1212,0.0396,427.04,upi,HDFC,554064,17,3,0,0,0,0,0,0,0,0,0,0,0,45
TXN0002653,2024-02-01T16:22:00,31,M0182,Retail,high,C00309,5,3,1379,0.0467,1879.82,wallet,Kotak,442461,16,3,0,0,0,0,0,0,0,0,0,0,0,40
TXN0002654,2024-02-01T07:12:00,31,M0113,Services,high,C00433,25,4,986,0.0824,1160.69,wallet,PNB,514293,7,3,0,12,0,0,0,0,0,0,0,0,1,67
TXN0002655,2024-02-01T10:16:00,31,M0178,Logistics,low,C00629,174,16,3559,0.0527,9495.6,wallet,SBI,561306,10,3,0,0,0,0,0,0,0,1,1,1,0,58
TXN0002656,2024-02-01T13:25:00,31,M0090,Logistics,mid,C00841,186,14,1303,0.0839,4518.88,upi,Axis,568186,13,3,0,0,0,2,1,0,0,1,1,1,0,62
TXN0002657,2024-02-01T10:21:00,31,M0037,Retail,mid,C00880,231,19,7028,0.0694,3077.05,wallet,SBI,474248,10,3,0,0,0,0,0,0,0,0,0,0,0,56
TXN0002658,2024-02-01T19:03:00,31,M0132,Food,mid,C00419,844,108,13878,0.0154,11744.97,netbanking,ICICI,497713,19,3,0,6,0,0,0,0,0,0,0,0,0,32
TXN0002659,2024-02-01T19:20:00,31,M0172,Food,mid,C00268,238,19,3612,0.0522,2505.29,wallet,Axis,550020,19,3,0,0,0,0,0,0,0,0,0,0,0,63
TXN0002660,2024-02-01T09:57:00,31,M0030,B2B,high,C01167,151,10,2963,0.1531,21046.98,upi,HDFC,567923,9,3,0,0,0,0,0,0,0,1,0,0,0,39
TXN0002661,2024-02-01T20:39:00,31,M0174,SaaS,low,C00677,22,3,664,0.2321,1930.51,upi,Kotak,537071,20,3,0,0,0,1,0,0,0,1,0,0,0,51
TXN0002662,2024-02-01T21:24:00,31,M0180,Food,low,C00797,781,70,11551,0.0148,3638.75,wallet,Canara,596761,21,3,0,0,0,0,0,0,0,1,0,0,0,17
TXN0002663,2024-02-01T13:43:00,31,M0043,Logistics,high,C00355,808,56,14823,0.0001,22661.7,upi,Kotak,409634,13,3,0,0,0,0,0,0,0,0,1,1,0,38
TXN0002664,2024-02-01T17:20:00,31,M0035,SaaS,mid,C01460,11,4,1061,0.0319,3057.94,upi,SBI,487939,17,3,0,0,0,2,0,0,0,0,0,0,0,33
TXN0002665,2024-02-01T23:07:00,31,M0058,B2B,low,C00686,143,8,6604,0.0842,18370.42,upi,HDFC,585607,23,3,0,0,0,0,0,0,0,0,0,0,0,62
TXN0002666,2024-02-01T20:16:00,31,M0077,Services,high,C00140,942,56,15991,0.0155,17056.12,card,Canara,506504,20,3,0,0,0,0,0,0,0,0,0,0,0,72
TXN0002667,2024-02-01T17:32:00,31,M0130,Food,low,C00043,285,13,5553,0.0103,4019.03,upi,SBI,443903,17,3,0,0,0,1,0,0,0,0,0,0,0,47
TXN0002668,2024-02-01T13:11:00,31,M0136,Logistics,mid,C00831,205,13,3911,0.051,20721.69,wallet,Yes,448290,13,3,0,0,0,0,0,0,0,0,0,0,0,63
TXN0002669,2024-02-01T10:55:00,31,M0195,Food,high,C01001,6,3,514,0.1072,541.46,wallet,SBI,561188,10,3,0,0,0,1,0,0,0,0,0,0,0,32
TXN0002670,2024-02-01T06:50:00,31,M0186,B2B,mid,C01305,226,19,4107,0.0527,22556.44,upi,PNB,561187,6,3,0,0,0,0,0,0,0,0,0,0,0,14
TXN0002671,2024-02-01T16:28:00,31,M0012,Food,low,C01420,162,18,3883,0.1507,3555.22,wallet,ICICI,593115,16,3,0,0,0,0,0,0,0,0,0,0,0,44
TXN0002672,2024-02-01T14:53:00,31,M0095,Food,low,C01268,91,7,1625,0.0505,793.66,card,PNB,506380,14,3,0,0,0,0,0,0,0,1,1,1,0,56
TXN0002673,2024-02-01T09:54:00,31,M0087,Logistics,mid,C00199,7,2,1595,0.2347,8020.62,upi,PNB,476993,9,3,0,0,0,1,0,0,0,0,0,0,0,51
TXN0002674,2024-02-01T12:10:00,31,M0169,Food,low,C00135,132,19,2916,0.0791,5355.16,card,Kotak,550314,12,3,0,0,0,2,0,0,0,0,1,1,0,16
TXN0002675,2024-02-01T09:59:00,31,M0169,Food,low,C00102,143,17,5893,0.0911,5569.05,netbanking,Axis,547811,9,3,0,0,0,1,0,0,0,0,0,0,0,72
TXN0002676,2024-02-01T21:41:00,31,M0047,Logistics,low,C01038,6,1,755,0.0897,6911.69,wallet,Yes,412906,21,3,0,0,0,0,0,0,0,0,0,0,0,25
TXN0002677,2024-02-01T11:27:00,31,M0180,Food,low,C00465,97,20,3939,0.0191,1014.5,card,Axis,409676,11,3,0,0,0,1,0,0,0,0,0,0,0,21
TXN0002678,2024-02-01T06:30:00,31,M0174,SaaS,low,C00317,15,1,1846,0.0784,554.28,upi,Yes,434656,6,3,0,0,0,0,0,0,0,0,0,0,0,66
TXN0002679,2024-02-01T15:15:00,31,M0148,SaaS,mid,C01282,19,1,1400,0.0645,699.7,card,PNB,541873,15,3,0,0,0,0,0,0,0,0,0,0,1,24
TXN0002680,2024-02-01T00:50:00,31,M0085,SaaS,mid,C01218,166,13,3533,0.0365,1851.09,card,SBI,496247,0,3,0,0,0,0,0,0,0,0,0,0,0,35
TXN0002681,2024-02-01T21:19:00,31,M0017,B2B,low,C00890,739,84,21155,0.0579,20709.49,card,SBI,530907,21,3,0,0,0,1,0,0,0,0,0,0,0,52
TXN0002682,2024-02-01T07:43:00,31,M0002,B2B,low,C00963,178,20,4779,0.0258,19966.57,card,ICICI,598628,7,3,0,0,0,0,0,0,0,0,0,0,0,19
TXN0002683,2024-02-01T09:00:00,31,M0160,Services,mid,C00888,11,2,1722,0.0928,2429.21,upi,ICICI,523226,9,3,0,0,0,0,0,0,0,0,0,0,0,56
TXN0002684,2024-02-01T20:29:00,31,M0022,Retail,low,C01091,62,16,2796,0.1742,7581.06,card,SBI,442822,20,3,0,0,0,0,0,0,0,0,0,0,0,49
TXN0002685,2024-02-01T15:49:00,31,M0047,Logistics,low,C00453,155,5,5534,0.0173,6713.91,netbanking,SBI,586148,15,3,0,0,0,0,0,0,0,1,0,0,0,32
TXN0002686,2024-02-01T18:10:00,31,M0051,Food,low,C01491,8,1,1214,0.0663,930.87,wallet,SBI,502180,18,3,0,0,0,0,0,0,0,0,0,0,1,44
TXN0002687,2024-02-01T23:37:00,31,M0092,Food,low,C00727,14,2,1657,0.1645,901.66,netbanking,Yes,545455,23,3,0,0,0,1,0,0,0,0,0,0,0,60
TXN0002688,2024-02-01T05:34:00,31,M0197,Food,low,C00214,16,1,1608,0.0371,1882.28,wallet,ICICI,599515,5,3,0,0,0,1,0,0,0,0,1,1,0,40
TXN0002689,2024-02-01T18:29:00,31,M0107,SaaS,mid,C00285,799,102,4942,0.075,2610.07,card,PNB,485420,18,3,0,0,0,2,0,0,0,1,0,0,0,44
TXN0002690,2024-02-01T20:34:00,31,M0024,B2B,mid,C00003,988,112,11228,0.0464,6149.7,upi,HDFC,542022,20,3,0,0,0,0,0,0,0,0,1,1,0,33
TXN0002691,2024-02-01T20:49:00,31,M0132,Food,mid,C01342,17,4,1571,0.174,1023.42,card,HDFC,495084,20,3,0,0,0,0,0,0,0,0,0,0,0,35
TXN0002692,2024-02-01T08:41:00,31,M0013,Logistics,high,C00957,270,10,4400,0.043,9306.31,card,Axis,433907,8,3,0,0,0,0,1,0,0,0,1,1,0,37
TXN0002693,2024-02-01T07:50:00,31,M0106,Services,high,C00299,8,4,1219,0.0488,1491.39,card,SBI,438203,7,3,0,0,0,0,1,1,0,0,1,1,0,44
TXN0002694,2024-02-01T13:56:00,31,M0082,B2B,high,C01213,63,16,3466,0.121,67326.6,netbanking,Axis,541580,13,3,0,0,0,0,0,0,0,0,1,1,0,56
TXN0002695,2024-02-01T08:30:00,31,M0103,Services,low,C00899,268,17,7778,0.0887,5384.17,upi,Kotak,579396,8,3,0,12,0,0,0,0,0,0,0,0,0,14
TXN0002696,2024-02-01T13:11:00,31,M0022,Retail,low,C00381,86,5,5190,0.1964,2388.68,wallet,SBI,563694,13,3,0,0,0,0,0,0,0,1,0,0,0,31
TXN0002697,2024-02-01T18:28:00,31,M0079,Retail,high,C00149,178,20,6175,0.035,864.63,upi,Axis,443566,18,3,0,0,0,1,0,0,1,0,0,0,1,30
TXN0002698,2024-02-01T13:22:00,31,M0074,Services,high,C01483,8,4,533,0.0062,2483.56,netbanking,Yes,436330,13,3,0,0,0,1,0,0,0,1,0,0,0,13
TXN0002699,2024-02-01T18:59:00,31,M0194,Retail,mid,C00394,69,11,6985,0.0758,1594.48,card,SBI,429790,18,3,0,0,0,0,0,0,0,0,0,0,0,70
TXN0002700,2024-02-01T08:55:00,31,M0128,B2B,high,C00428,11,3,1906,0.0571,27749.19,upi,Kotak,532083,8,3,0,0,0,1,0,0,0,0,1,1,0,27
TXN0002701,2024-02-01T16:59:00,31,M0061,Services,low,C00803,10,1,1321,0.1485,1054.6,upi,HDFC,576821,16,3,0,0,0,0,0,0,0,0,0,0,0,53
TXN0002702,2024-02-01T11:12:00,31,M0176,SaaS,low,C00707,138,10,6761,0.0794,5542.62,upi,HDFC,595447,11,3,0,0,0,1,0,0,0,0,0,0,0,18
TXN0002703,2024-02-01T15:30:00,31,M0043,Logistics,high,C00924,19,1,1515,0.0429,7387.81,card,Canara,409012,15,3,0,0,1,1,0,0,0,1,0,0,1,53
TXN0002704,2024-02-01T09:13:00,31,M0030,B2B,high,C01068,259,17,5111,0.1204,22694.68,wallet,SBI,578246,9,3,0,0,0,1,0,0,0,0,1,1,0,15
TXN0002705,2024-02-01T17:22:00,31,M0189,SaaS,mid,C01355,92,17,3704,0.1002,2755.67,card,HDFC,496098,17,3,0,0,0,0,0,0,0,0,0,0,0,67
TXN0002706,2024-02-01T19:09:00,31,M0008,Retail,low,C01133,187,8,7592,0.01,1888.81,wallet,Kotak,438683,19,3,0,0,0,1,0,0,0,1,0,0,0,58
TXN0002707,2024-02-01T20:42:00,31,M0103,Services,low,C00206,15,3,1692,0.1412,3483.94,card,Yes,505561,20,3,0,0,0,0,0,0,0,0,0,0,1,17
TXN0002708,2024-02-01T11:03:00,31,M0074,Services,high,C00044,254,12,6657,0.0891,19639.19,card,Axis,464326,11,3,0,0,0,2,0,0,0,1,0,0,0,35
TXN0002709,2024-02-01T08:42:00,31,M0065,B2B,high,C00281,123,14,1264,0.0655,45992.81,wallet,PNB,495179,8,3,0,0,0,0,0,0,0,0,1,1,0,65
TXN0002710,2024-02-01T09:07:00,31,M0005,Logistics,high,C00978,173,15,2099,0.0457,7862.54,upi,HDFC,595978,9,3,0,6,0,0,0,0,0,0,0,0,0,32
TXN0002711,2024-02-01T16:50:00,31,M0086,Retail,high,C01030,903,105,7868,0.0201,7049.11,card,Canara,559396,16,3,0,0,0,0,0,0,0,0,0,0,0,63
TXN0002712,2024-02-01T19:45:00,31,M0046,SaaS,high,C01280,146,17,1316,0.1056,396.84,upi,Canara,415731,19,3,0,0,0,1,0,0,0,0,0,0,0,32
TXN0002713,2024-02-01T07:23:00,31,M0128,B2B,high,C01092,282,8,6919,0.1439,80546.83,upi,Canara,432299,7,3,0,0,0,0,0,0,0,0,1,1,0,37
TXN0002714,2024-02-01T18:48:00,31,M0023,Services,low,C01138,18,4,1038,0.3389,2324.33,upi,PNB,580822,18,3,0,0,0,1,0,0,0,0,0,0,0,20
TXN0002715,2024-02-01T09:26:00,31,M0185,Food,high,C01170,777,59,19195,0.0443,15966.83,card,Kotak,542553,9,3,0,0,0,0,0,0,0,0,1,1,0,31
TXN0002716,2024-02-01T23:31:00,31,M0147,SaaS,mid,C00060,7,2,1880,0.1375,1663.02,wallet,PNB,461005,23,3,0,0,0,0,0,0,0,0,0,0,0,52
TXN0002717,2024-02-01T12:37:00,31,M0025,Food,mid,C00666,124,11,1278,0.1892,3026.55,netbanking,SBI,465967,12,3,0,0,0,1,0,0,1,0,0,0,1,34
TXN0002718,2024-02-01T07:04:00,31,M0037,Retail,mid,C00143,1000,104,6643,0.0326,4286.85,card,Yes,546031,7,3,0,0,0,0,0,0,0,0,0,0,0,49
TXN0002719,2024-02-01T13:52:00,31,M0157,SaaS,mid,C01243,240,17,5202,0.0226,4511.1,upi,Yes,568921,13,3,0,0,0,0,1,0,0,1,1,1,0,41
TXN0002720,2024-02-01T21:50:00,31,M0061,Services,low,C00592,168,14,6022,0.124,2481.65,wallet,Canara,489052,21,3,0,0,0,0,0,0,0,0,0,0,0,42
TXN0002721,2024-02-01T15:58:00,31,M0015,Services,low,C00190,104,19,5367,0.0534,6153.57,card,PNB,543880,15,3,0,0,0,0,0,0,0,0,0,0,0,50
TXN0002722,2024-02-01T10:45:00,31,M0013,Logistics,high,C01134,289,7,5087,0.0305,11189.24,netbanking,ICICI,418180,10,3,0,10,0,1,0,0,0,0,0,0,0,51
TXN0002723,2024-02-01T19:12:00,31,M0027,Services,high,C00306,139,18,6979,0.0673,11185.68,netbanking,Canara,403079,19,3,0,0,0,0,0,0,0,0,0,0,0,60
TXN0002724,2024-02-01T11:27:00,31,M0109,Services,low,C00963,178,20,4779,0.0258,10021.62,upi,SBI,402032,11,3,0,0,1,1,0,0,0,0,0,0,0,65
TXN0002725,2024-02-01T15:33:00,31,M0082,B2B,high,C01405,22,1,758,0.1553,12400.7,card,Kotak,443836,15,3,0,0,0,0,0,0,0,1,0,0,0,47
TXN0002726,2024-02-01T01:47:00,31,M0033,Logistics,low,C00505,18,4,1607,0.0104,12710.13,card,Axis,553133,1,3,0,0,0,0,1,0,0,0,1,1,0,58
TXN0002727,2024-02-01T21:31:00,31,M0087,Logistics,mid,C00533,246,5,2907,0.0373,3812.05,wallet,HDFC,465971,21,3,0,0,0,0,1,0,0,0,0,1,0,68
TXN0002728,2024-02-01T16:14:00,31,M0023,Services,low,C01162,25,4,605,0.233,1446.04,netbanking,HDFC,576960,16,3,0,0,0,0,0,0,0,0,0,0,1,58
TXN0002729,2024-02-01T09:12:00,31,M0145,SaaS,low,C01474,15,4,808,0.0462,1156.93,netbanking,ICICI,474221,9,3,0,0,0,0,0,0,0,0,0,0,0,32
TXN0002730,2024-02-01T13:25:00,31,M0157,SaaS,mid,C00684,263,8,4737,0.1664,1507.3,wallet,HDFC,476999,13,3,0,0,0,0,0,0,0,0,0,0,0,52
TXN0002731,2024-02-01T22:06:00,31,M0011,Food,low,C00555,100,19,3886,0.0597,6101.31,card,HDFC,466629,22,3,0,0,0,0,0,0,0,0,0,0,0,19
TXN0002732,2024-02-01T19:58:00,31,M0062,B2B,low,C00018,850,89,10361,0.0377,15705.53,wallet,Axis,426134,19,3,0,0,0,0,0,0,0,1,0,0,0,23
TXN0002733,2024-02-01T13:04:00,31,M0124,Retail,low,C00142,20,2,1944,0.1027,4305.98,wallet,ICICI,545459,13,3,0,0,0,0,1,0,0,0,1,1,0,68
TXN0002734,2024-02-01T16:37:00,31,M0120,Food,low,C00029,264,17,6932,0.0507,4592.9,netbanking,Axis,590318,16,3,0,0,0,1,0,0,0,0,0,0,0,54
TXN0002735,2024-02-01T08:52:00,31,M0018,SaaS,high,C01281,736,65,13056,0.0178,7096.18,card,Kotak,492821,8,3,0,0,0,0,0,0,0,1,0,0,0,26
TXN0002736,2024-02-01T16:24:00,31,M0150,Retail,mid,C01364,5,3,568,0.1317,612.11,upi,Canara,544238,16,3,0,0,0,0,0,0,0,0,0,0,0,69
TXN0002737,2024-02-01T07:15:00,31,M0046,SaaS,high,C00984,20,1,1236,0.0756,733.01,wallet,ICICI,499696,7,3,0,0,0,1,0,0,0,1,0,0,1,47
TXN0002738,2024-02-01T13:01:00,31,M0048,SaaS,mid,C00694,235,20,5075,0.0632,3548.34,upi,ICICI,584695,13,3,0,0,0,0,0,0,0,0,0,0,0,53
TXN0002739,2024-02-01T11:19:00,31,M0199,SaaS,mid,C01290,134,9,5843,0.0096,2275.71,wallet,ICICI,428890,11,3,0,11,0,0,0,0,1,0,0,0,0,39
TXN0002740,2024-02-01T18:15:00,31,M0089,Food,low,C00698,85,12,7043,0.0717,8367.79,card,HDFC,479495,18,3,0,0,0,0,0,1,0,1,1,1,0,30
TXN0002741,2024-02-01T19:16:00,31,M0040,SaaS,mid,C00303,64,7,1112,0.0787,2427.42,upi,Axis,436906,19,3,0,0,0,0,0,0,0,0,0,0,0,45
TXN0002742,2024-02-01T12:09:00,31,M0081,Logistics,high,C01411,6,4,871,0.1404,10628.39,card,HDFC,547870,12,3,0,0,0,0,0,0,0,0,0,0,0,70
TXN0002743,2024-02-01T16:58:00,31,M0133,SaaS,mid,C00438,15,4,1953,0.1344,2054.0,card,Canara,551732,16,3,0,0,0,1,0,0,0,0,1,1,0,28
TXN0002744,2024-02-01T01:16:00,31,M0142,Retail,mid,C00436,880,107,8813,0.0956,3612.69,netbanking,HDFC,457785,1,3,0,0,0,0,0,0,0,0,1,1,0,68
TXN0002745,2024-02-02T12:19:00,32,M0177,Food,low,C01054,25,1,1125,0.0641,470.17,upi,Axis,548431,12,4,0,0,0,1,0,0,0,0,1,1,0,53
TXN0002746,2024-02-02T16:28:00,32,M0031,Food,mid,C01437,172,14,2265,0.197,2204.92,card,Canara,442610,16,4,0,0,0,1,0,0,0,0,0,0,0,25
TXN0002747,2024-02-02T01:41:00,32,M0006,Food,low,C00628,6,1,1373,0.0525,2516.86,wallet,Axis,544306,1,4,0,0,0,2,0,0,0,1,1,1,0,18
TXN0002748,2024-02-02T19:09:00,32,M0093,SaaS,mid,C00801,126,10,6631,0.1262,8404.58,netbanking,Yes,517360,19,4,0,0,0,0,0,0,0,1,0,0,0,65
TXN0002749,2024-02-02T10:59:00,32,M0135,Retail,low,C00469,906,112,18797,0.0674,8284.22,wallet,SBI,580905,10,4,0,0,0,0,0,0,0,1,0,0,0,60
TXN0002750,2024-02-02T16:28:00,32,M0035,SaaS,mid,C00380,17,3,1440,0.0452,839.09,wallet,HDFC,577761,16,4,0,0,0,0,1,0,0,0,1,1,0,39
TXN0002751,2024-02-02T12:48:00,32,M0007,Food,mid,C00118,24,4,1912,0.1164,1593.54,wallet,Canara,488406,12,4,0,0,0,0,0,0,0,1,0,0,0,47
TXN0002752,2024-02-02T08:25:00,32,M0100,Retail,low,C00392,15,2,1141,0.0684,2528.58,upi,Kotak,584598,8,4,0,0,0,1,0,0,0,0,0,0,0,17
TXN0002753,2024-02-02T12:56:00,32,M0112,Logistics,mid,C00603,212,10,4730,0.2417,21048.65,wallet,Yes,567267,12,4,0,0,0,0,0,0,0,0,0,0,0,68
TXN0002754,2024-02-02T19:49:00,32,M0006,Food,low,C00514,23,2,1082,0.0667,617.89,upi,Axis,582619,19,4,0,14,0,1,0,0,0,0,0,0,0,53
TXN0002755,2024-02-02T12:33:00,32,M0066,Food,mid,C01191,67,12,1391,0.2025,1629.33,upi,Yes,598620,12,4,0,0,0,0,0,0,0,1,0,0,0,45
TXN0002756,2024-02-02T20:50:00,32,M0124,Retail,low,C00046,899,95,17868,0.007,9761.24,netbanking,Canara,505196,20,4,0,0,0,0,0,0,0,0,0,0,0,56
TXN0002757,2024-02-02T21:52:00,32,M0012,Food,low,C01439,994,101,18629,0.0221,14899.76,wallet,SBI,496849,21,4,0,0,0,0,0,0,0,0,0,0,0,36
TXN0002758,2024-02-02T13:11:00,32,M0054,Retail,mid,C01189,130,15,7174,0.0537,2265.34,card,PNB,458101,13,4,0,0,0,0,0,0,0,0,0,0,0,31
TXN0002759,2024-02-02T10:41:00,32,M0143,Logistics,mid,C00430,876,104,3418,0.0136,4188.33,wallet,Yes,568298,10,4,0,0,0,0,0,0,0,0,0,0,0,46
TXN0002760,2024-02-02T16:58:00,32,M0006,Food,low,C01006,228,20,5218,0.0396,1871.06,card,SBI,452869,16,4,0,12,0,0,0,0,0,0,0,0,0,55
TXN0002761,2024-02-02T13:27:00,32,M0075,Retail,mid,C00315,14,2,1450,0.0587,1811.1,wallet,PNB,595771,13,4,0,0,0,0,0,0,0,0,0,0,0,56
TXN0002762,2024-02-02T14:27:00,32,M0145,SaaS,low,C00788,272,13,5066,0.0347,2761.97,netbanking,HDFC,466207,14,4,0,0,0,0,0,0,0,0,0,0,0,13
TXN0002763,2024-02-02T06:38:00,32,M0101,Food,low,C01316,288,6,4550,0.0271,3124.66,wallet,ICICI,565209,6,4,0,0,0,0,0,0,0,1,0,0,0,55
TXN0002764,2024-02-02T13:58:00,32,M0140,Logistics,high,C00022,195,15,7187,0.1177,16248.89,card,PNB,452887,13,4,0,0,0,0,0,0,0,0,0,0,0,28
TXN0002765,2024-02-02T10:19:00,32,M0022,Retail,low,C00467,240,13,7839,0.1495,769.44,netbanking,SBI,577406,10,4,0,0,0,1,0,0,0,0,0,0,0,53
TXN0002766,2024-02-02T10:46:00,32,M0079,Retail,high,C00950,23,4,1808,0.0475,1952.59,upi,Yes,437013,10,4,0,0,0,0,0,0,0,1,1,1,0,54
TXN0002767,2024-02-02T11:50:00,32,M0122,Retail,low,C00866,21,3,753,0.0237,2535.63,wallet,Kotak,514802,11,4,0,0,0,0,0,0,0,0,0,0,1,17
TXN0002768,2024-02-02T11:15:00,32,M0010,SaaS,high,C00961,21,1,1446,0.011,1231.38,upi,SBI,519950,11,4,0,0,0,0,0,0,0,1,0,0,0,50
TXN0002769,2024-02-02T06:00:00,32,M0175,Food,low,C00403,20,3,980,0.0023,200,wallet,Yes,579179,6,4,0,0,0,1,0,0,0,1,0,0,1,18
TXN0002770,2024-02-02T21:56:00,32,M0033,Logistics,low,C01062,298,6,4793,0.2582,5099.5,upi,Yes,450833,21,4,0,0,0,0,0,0,0,0,1,1,0,52
TXN0002771,2024-02-02T20:32:00,32,M0035,SaaS,mid,C00919,9,1,623,0.0317,1456.54,upi,Kotak,468905,20,4,0,0,0,0,0,0,0,0,0,0,1,13
TXN0002772,2024-02-02T08:46:00,32,M0185,Food,high,C00736,885,113,21326,0.0296,11002.74,netbanking,PNB,433039,8,4,0,0,0,0,0,0,0,1,0,0,0,34
TXN0002773,2024-02-02T09:34:00,32,M0021,SaaS,mid,C00954,139,11,5116,0.1756,8033.01,wallet,Canara,583999,9,4,0,0,0,0,0,0,0,0,0,0,0,58
TXN0002774,2024-02-02T03:33:00,32,M0156,Services,mid,C00742,283,15,7773,0.2377,4384.48,netbanking,Canara,544831,3,4,0,0,0,0,0,0,0,0,1,1,0,29
TXN0002775,2024-02-02T07:05:00,32,M0133,SaaS,mid,C00048,132,8,7820,0.0412,2535.34,upi,Yes,540109,7,4,0,0,0,0,0,0,0,0,0,0,0,32
TXN0002776,2024-02-02T17:14:00,32,M0162,Services,high,C00975,145,5,5985,0.0929,8528.17,upi,PNB,586152,17,4,0,0,0,0,0,0,0,1,0,0,0,21
TXN0002777,2024-02-02T15:55:00,32,M0093,SaaS,mid,C00009,248,12,3185,0.0397,4191.42,card,SBI,464248,15,4,0,11,0,0,0,0,0,1,0,0,0,43
TXN0002778,2024-02-02T09:03:00,32,M0177,Food,low,C00491,109,6,7422,0.1327,3516.04,card,SBI,429766,9,4,0,0,0,0,0,0,0,0,0,0,0,43
TXN0002779,2024-02-02T15:14:00,32,M0075,Retail,mid,C01369,11,1,1181,0.2256,2250.95,card,Yes,476188,15,4,0,0,0,1,0,0,0,1,0,0,0,62
TXN0002780,2024-02-02T17:55:00,32,M0035,SaaS,mid,C00785,9,1,1029,0.1564,719.06,card,Axis,531540,17,4,0,0,0,1,0,0,0,0,0,0,0,23
TXN0002781,2024-02-02T12:40:00,32,M0037,Retail,mid,C01080,70,11,2580,0.1981,1674.38,upi,Canara,575452,12,4,0,0,0,0,0,0,0,0,0,0,0,36
TXN0002782,2024-02-02T14:35:00,32,M0028,Retail,mid,C00327,221,7,5770,0.1545,2914.97,netbanking,SBI,463231,14,4,0,0,0,1,0,0,0,0,0,0,0,47
TXN0002783,2024-02-02T07:55:00,32,M0147,SaaS,mid,C00899,268,17,7778,0.0887,4279.14,wallet,Kotak,476441,7,4,0,0,1,1,0,0,0,0,0,0,0,56
TXN0002784,2024-02-02T14:21:00,32,M0021,SaaS,mid,C00673,806,50,4239,0.0236,3437.31,upi,Kotak,570951,14,4,0,0,0,1,0,0,0,0,0,0,0,52
TXN0002785,2024-02-02T05:55:00,32,M0099,B2B,low,C00613,294,20,7531,0.0191,7114.06,upi,Axis,474452,5,4,0,0,0,1,1,0,0,0,1,1,0,36
TXN0002786,2024-02-02T07:43:00,32,M0160,Services,mid,C00056,14,4,645,0.1133,1700.83,wallet,Canara,439094,7,4,0,0,0,1,0,0,0,0,0,0,0,70
TXN0002787,2024-02-02T15:31:00,32,M0163,Logistics,high,C00406,233,15,4489,0.2614,10566.92,card,ICICI,504177,15,4,0,0,0,0,0,0,0,0,0,0,0,20
TXN0002788,2024-02-02T14:23:00,32,M0051,Food,low,C01475,230,11,7307,0.1466,3931.23,netbanking,SBI,503808,14,4,0,0,0,0,0,0,0,0,0,0,0,34
TXN0002789,2024-02-02T00:15:00,32,M0045,Food,high,C01272,201,11,2005,0.0898,2086.34,upi,Yes,428576,0,4,0,0,0,1,0,0,1,1,0,0,0,69
TXN0002790,2024-02-02T18:10:00,32,M0144,Retail,low,C01471,226,11,7159,0.0178,9061.76,netbanking,Kotak,420526,18,4,0,9,0,0,0,0,0,0,0,0,0,22
TXN0002791,2024-02-02T18:18:00,32,M0060,Services,high,C01186,985,55,11992,0.0131,7706.01,netbanking,ICICI,550558,18,4,0,0,0,0,0,0,0,0,0,0,0,64
TXN0002792,2024-02-02T18:01:00,32,M0095,Food,low,C00775,14,3,1392,0.0331,343.15,netbanking,ICICI,581922,18,4,0,0,0,0,0,0,0,0,0,0,0,39
TXN0002793,2024-02-02T13:08:00,32,M0195,Food,high,C00463,23,3,774,0.0897,1069.39,card,Yes,439061,13,4,0,0,0,0,0,0,0,0,0,0,0,61
TXN0002794,2024-02-02T10:42:00,32,M0147,SaaS,mid,C01415,250,20,2725,0.1037,5086.12,wallet,Yes,570461,10,4,0,0,0,0,0,0,0,0,0,0,1,36
TXN0002795,2024-02-02T07:59:00,32,M0017,B2B,low,C00510,5,2,1363,0.0704,14581.78,wallet,Canara,470396,7,4,0,0,0,0,0,0,0,1,0,0,1,68
TXN0002796,2024-02-02T19:18:00,32,M0060,Services,high,C00466,11,3,1294,0.1314,6014.66,wallet,ICICI,578379,19,4,0,0,0,0,0,0,0,1,0,0,0,61
TXN0002797,2024-02-02T17:41:00,32,M0002,B2B,low,C00603,212,10,4730,0.2417,29199.54,card,ICICI,460094,17,4,0,0,1,1,0,0,0,0,0,0,0,45
TXN0002798,2024-02-02T04:52:00,32,M0028,Retail,mid,C01432,91,8,2195,0.2033,1845.93,wallet,Yes,418559,4,4,0,0,0,1,0,0,0,0,1,1,0,59
TXN0002799,2024-02-02T23:03:00,32,M0014,Logistics,high,C01312,5,3,916,0.0576,12989.54,wallet,SBI,563070,23,4,0,0,0,0,0,0,0,1,0,0,0,46
TXN0002800,2024-02-02T18:51:00,32,M0158,Retail,low,C01114,880,108,7723,0.0341,11363.86,netbanking,ICICI,597448,18,4,0,0,0,0,0,0,0,1,0,0,0,70
TXN0002801,2024-02-02T09:23:00,32,M0127,Food,low,C00720,21,3,1343,0.0888,1544.33,netbanking,PNB,547297,9,4,0,0,0,0,0,0,0,0,0,0,0,60
TXN0002802,2024-02-02T16:29:00,32,M0034,Retail,high,C01236,957,100,4823,0.0537,4302.63,upi,Axis,424372,16,4,0,0,0,0,1,0,0,1,1,1,0,24
TXN0002803,2024-02-02T15:52:00,32,M0108,Food,high,C01021,277,6,5906,0.0539,5958.79,wallet,Yes,417651,15,4,0,0,0,0,0,0,0,1,0,0,0,49
TXN0002804,2024-02-02T18:55:00,32,M0063,SaaS,high,C01381,181,9,4827,0.1171,2031.86,wallet,Canara,572572,18,4,0,0,0,0,0,0,0,0,0,0,0,71
TXN0002805,2024-02-02T17:25:00,32,M0161,Services,mid,C00559,119,13,7644,0.0554,4220.49,card,PNB,466070,17,4,0,0,0,0,1,0,0,0,0,1,0,69
TXN0002806,2024-02-02T19:08:00,32,M0063,SaaS,high,C00741,993,74,23579,0.0051,4869.41,netbanking,Axis,433923,19,4,0,0,0,1,0,0,0,1,0,0,0,37
TXN0002807,2024-02-02T14:14:00,32,M0158,Retail,low,C00156,171,13,6238,0.025,3683.46,netbanking,Kotak,528813,14,4,0,0,0,0,0,0,0,0,0,0,1,38
TXN0002808,2024-02-02T19:00:00,32,M0193,B2B,low,C01144,168,13,3064,0.1729,53193.2,wallet,Kotak,412562,19,4,0,0,0,0,0,0,0,0,1,1,0,21
TXN0002809,2024-02-02T21:10:00,32,M0192,B2B,mid,C01113,181,9,1902,0.0152,46486.79,upi,PNB,597577,21,4,0,0,0,0,0,0,0,0,1,1,0,35
TXN0002810,2024-02-02T09:59:00,32,M0076,Services,high,C00095,835,58,21160,0.0053,9427.06,card,SBI,536021,9,4,0,0,0,0,0,0,0,0,0,0,1,43
TXN0002811,2024-02-02T10:56:00,32,M0055,Services,mid,C00231,970,90,9656,0.0095,19372.67,wallet,SBI,470778,10,4,0,0,0,0,0,0,0,0,1,1,0,62
TXN0002812,2024-02-02T19:46:00,32,M0020,B2B,low,C00558,871,120,19753,0.0192,14671.52,netbanking,Canara,412441,19,4,0,0,0,0,1,0,0,0,1,1,0,28
TXN0002813,2024-02-02T08:17:00,32,M0140,Logistics,high,C01137,796,106,15017,0.0135,30128.85,card,SBI,436321,8,4,0,0,0,1,0,1,0,0,1,1,0,52
TXN0002814,2024-02-02T19:34:00,32,M0122,Retail,low,C00178,20,4,1085,0.1022,1900.32,card,Axis,500661,19,4,0,0,0,1,0,0,0,0,0,0,0,34
TXN0002815,2024-02-02T14:43:00,32,M0131,Logistics,high,C01128,987,62,19455,0.0377,29766.65,upi,PNB,587151,14,4,0,0,0,0,0,0,0,0,0,0,0,54
TXN0002816,2024-02-02T19:15:00,32,M0071,Retail,low,C00925,268,15,7613,0.1884,3400.81,upi,PNB,577888,19,4,0,0,0,0,0,0,0,0,0,0,0,42
TXN0002817,2024-02-02T19:11:00,32,M0127,Food,low,C00933,21,4,928,0.1246,850.97,netbanking,PNB,460666,19,4,0,0,0,1,0,0,0,1,0,0,0,59
TXN0002818,2024-02-02T10:04:00,32,M0004,Logistics,low,C00179,255,17,3997,0.1177,17423.48,card,PNB,577411,10,4,0,0,0,0,0,0,0,1,1,1,0,49
TXN0002819,2024-02-02T14:16:00,32,M0066,Food,mid,C01494,266,9,2847,0.112,615.38,upi,SBI,401646,14,4,0,0,0,0,0,0,0,1,0,0,0,32
TXN0002820,2024-02-02T17:34:00,32,M0161,Services,mid,C01323,896,81,24706,0.0128,5026.04,netbanking,Axis,485078,17,4,0,0,0,0,0,1,0,0,1,1,0,62
TXN0002821,2024-02-02T11:30:00,32,M0057,Food,high,C00024,184,12,3249,0.0951,3631.82,netbanking,Yes,475544,11,4,0,0,0,1,0,0,0,0,0,0,0,26
TXN0002822,2024-02-02T07:20:00,32,M0110,Food,high,C00001,266,5,6471,0.1662,3041.11,wallet,Canara,447688,7,4,0,0,0,0,1,0,0,0,1,1,0,20
TXN0002823,2024-02-02T10:50:00,32,M0038,B2B,mid,C01184,214,11,5319,0.0395,7843.73,wallet,PNB,516949,10,4,0,0,0,0,0,0,0,1,0,0,0,12
TXN0002824,2024-02-02T17:29:00,32,M0003,SaaS,low,C00203,225,13,6886,0.0333,6632.3,upi,SBI,471743,17,4,0,0,0,0,0,0,0,0,0,0,1,15
TXN0002825,2024-02-02T17:56:00,32,M0140,Logistics,high,C00514,23,2,1082,0.0667,10695.56,upi,Kotak,565612,17,4,0,1,1,2,0,1,0,0,1,1,0,15
TXN0002826,2024-02-02T08:03:00,32,M0073,SaaS,high,C01468,266,20,7538,0.0121,13272.9,upi,Canara,532756,8,4,0,13,0,0,0,0,1,0,0,0,0,40
TXN0002827,2024-02-02T08:45:00,32,M0077,Services,high,C01025,160,7,5324,0.1057,1546.04,wallet,Axis,455534,8,4,0,0,0,0,0,0,0,0,0,0,0,49
TXN0002828,2024-02-02T07:31:00,32,M0024,B2B,mid,C00487,101,8,2756,0.0754,20199.7,card,HDFC,441369,7,4,0,0,0,0,0,0,0,0,0,0,0,15
TXN0002829,2024-02-02T12:30:00,32,M0152,Retail,high,C00592,168,14,6022,0.124,3434.13,upi,SBI,553622,12,4,0,0,1,1,0,0,0,1,0,0,0,69
TXN0002830,2024-02-02T12:51:00,32,M0051,Food,low,C00297,803,58,20383,0.0156,14200.36,card,PNB,501535,12,4,0,0,0,0,0,0,0,1,0,0,0,39
TXN0002831,2024-02-02T12:01:00,32,M0095,Food,low,C00429,16,4,1693,0.1106,1133.73,wallet,Yes,400225,12,4,0,0,0,0,0,0,0,1,0,0,0,47
TXN0002832,2024-02-02T23:02:00,32,M0160,Services,mid,C00393,255,7,2060,0.1223,1730.82,card,Canara,413747,23,4,0,0,0,1,0,0,0,0,0,0,0,22
TXN0002833,2024-02-02T11:19:00,32,M0075,Retail,mid,C01478,168,13,2908,0.0476,2721.1,upi,ICICI,549694,11,4,0,0,0,0,0,0,0,0,0,0,0,44
TXN0002834,2024-02-02T12:37:00,32,M0070,Services,low,C01451,139,19,1913,0.1121,2776.77,wallet,Canara,493064,12,4,0,0,0,0,0,0,0,0,0,0,0,51
TXN0002835,2024-02-02T22:44:00,32,M0161,Services,mid,C00784,14,4,1494,0.0944,1402.58,upi,Canara,412979,22,4,0,0,0,0,0,0,0,0,0,0,1,40
TXN0002836,2024-02-02T08:06:00,32,M0101,Food,low,C00139,21,2,1395,0.0205,774.85,wallet,SBI,472961,8,4,0,0,0,0,0,0,0,0,0,0,0,34
TXN0002837,2024-02-02T14:47:00,32,M0194,Retail,mid,C00415,768,112,13506,0.0062,9316.74,card,Axis,526670,14,4,0,0,0,1,1,0,0,0,1,1,0,23
TXN0002838,2024-02-02T15:34:00,32,M0093,SaaS,mid,C01387,998,75,21611,0.0326,20811.3,wallet,Yes,424809,15,4,0,0,0,0,0,0,0,0,0,0,0,13
TXN0002839,2024-02-02T18:34:00,32,M0060,Services,high,C00663,8,3,1840,0.0977,1953.67,wallet,Canara,572604,18,4,0,0,0,0,0,0,0,0,0,0,0,24
TXN0002840,2024-02-02T20:27:00,32,M0111,Logistics,low,C00036,243,11,1622,0.1295,13645.72,upi,HDFC,558152,20,4,0,0,0,0,0,0,0,0,0,0,0,43
TXN0002841,2024-02-02T05:06:00,32,M0169,Food,low,C01079,120,13,2720,0.1461,1326.71,upi,HDFC,470726,5,4,0,0,0,0,0,0,0,1,1,1,0,32
TXN0002842,2024-02-02T02:13:00,32,M0050,Logistics,high,C00676,205,16,3731,0.1246,8584.93,upi,Canara,538673,2,4,0,11,0,0,0,0,0,0,0,1,0,15
TXN0002843,2024-02-03T07:08:00,33,M0083,B2B,low,C00383,290,6,7598,0.2306,38966.37,card,SBI,569071,7,5,1,0,0,0,0,0,0,0,1,1,0,55
TXN0002844,2024-02-03T13:40:00,33,M0077,Services,high,C00407,219,13,7005,0.033,7482.91,upi,Kotak,570227,13,5,1,0,0,1,0,0,0,0,0,0,0,53
TXN0002845,2024-02-03T09:38:00,33,M0067,Food,mid,C00610,941,55,13937,0.0074,7292.0,wallet,Canara,538322,9,5,1,14,0,0,0,0,0,1,0,0,0,71
TXN0002846,2024-02-03T09:43:00,33,M0050,Logistics,high,C00594,111,19,1738,0.0355,9974.9,wallet,ICICI,453636,9,5,1,0,0,0,0,0,0,0,0,0,0,32
TXN0002847,2024-02-03T11:57:00,33,M0006,Food,low,C00863,773,54,20610,0.0073,4144.92,netbanking,Canara,563887,11,5,1,0,0,0,0,0,0,0,0,0,0,67
TXN0002848,2024-02-03T09:42:00,33,M0043,Logistics,high,C00719,167,19,7043,0.1785,18648.51,card,Canara,435378,9,5,1,0,0,0,0,0,0,0,0,0,0,20
TXN0002849,2024-02-03T06:57:00,33,M0047,Logistics,low,C01237,12,3,1754,0.1256,9991.39,wallet,Yes,509574,6,5,1,0,0,0,0,0,0,0,1,1,0,48
TXN0002850,2024-02-03T11:43:00,33,M0091,Logistics,high,C01293,247,18,5415,0.1497,3052.64,netbanking,Kotak,445536,11,5,1,0,0,0,0,0,0,1,0,0,0,46
TXN0002851,2024-02-03T09:53:00,33,M0074,Services,high,C00417,187,5,1840,0.0718,1937.57,card,Axis,578918,9,5,1,0,0,0,1,0,1,0,0,1,1,44
TXN0002852,2024-02-03T18:22:00,33,M0125,Retail,low,C01315,189,15,3261,0.0741,1943.44,wallet,HDFC,514071,18,5,1,0,0,0,1,0,0,1,1,1,0,52
TXN0002853,2024-02-03T10:31:00,33,M0029,Retail,high,C00544,19,3,1611,0.17,1233.11,wallet,Axis,566350,10,5,1,1,0,0,0,0,0,1,1,1,0,54
TXN0002854,2024-02-03T22:16:00,33,M0062,B2B,low,C01243,240,17,5202,0.0226,22696.14,netbanking,PNB,561469,22,5,1,1,0,1,0,0,0,1,1,1,0,31
TXN0002855,2024-02-03T12:35:00,33,M0063,SaaS,high,C00143,1000,104,6643,0.0326,2198.06,card,Kotak,403117,12,5,1,0,0,1,0,0,0,0,0,0,0,46
TXN0002856,2024-02-03T13:11:00,33,M0195,Food,high,C01037,264,15,2007,0.014,922.75,netbanking,ICICI,496440,13,5,1,0,0,0,0,0,0,0,0,0,0,28
TXN0002857,2024-02-03T19:59:00,33,M0138,Services,mid,C00976,5,1,1132,0.0574,3508.02,card,Axis,574975,19,5,1,0,0,0,0,0,0,0,0,0,0,12
TXN0002858,2024-02-03T04:27:00,33,M0034,Retail,high,C00141,67,15,1811,0.1733,1769.04,netbanking,PNB,448138,4,5,1,0,0,0,0,0,0,0,1,1,0,38
TXN0002859,2024-02-03T07:51:00,33,M0031,Food,mid,C00747,241,14,1235,0.0284,1671.55,card,Canara,411243,7,5,1,0,0,1,0,0,0,0,0,0,0,28
TXN0002860,2024-02-03T09:03:00,33,M0071,Retail,low,C00773,866,52,18391,0.0182,6134.77,upi,SBI,501087,9,5,1,0,0,0,0,0,0,0,0,0,0,41
TXN0002861,2024-02-03T02:18:00,33,M0163,Logistics,high,C00111,21,2,1270,0.0829,7678.1,upi,HDFC,542180,2,5,1,0,0,0,0,0,0,0,0,1,0,18
TXN0002862,2024-02-03T10:43:00,33,M0072,SaaS,high,C01075,73,14,1901,0.0584,882.98,upi,PNB,562563,10,5,1,0,0,1,0,0,0,0,0,0,0,23
TXN0002863,2024-02-03T18:20:00,33,M0187,SaaS,high,C00245,79,14,2330,0.0808,1709.76,netbanking,PNB,588591,18,5,1,0,0,1,0,0,0,0,0,0,0,49
TXN0002864,2024-02-03T12:30:00,33,M0074,Services,high,C01402,178,14,1326,0.0337,4689.89,wallet,SBI,473987,12,5,1,0,0,0,0,0,0,0,0,0,0,45
TXN0002865,2024-02-03T09:40:00,33,M0187,SaaS,high,C00908,186,16,5237,0.1913,1340.89,upi,Axis,509295,9,5,1,0,0,0,0,0,0,0,0,0,0,58
TXN0002866,2024-02-03T16:08:00,33,M0157,SaaS,mid,C00455,13,2,734,0.0307,866.97,upi,Canara,480597,16,5,1,0,0,0,0,1,0,0,1,1,0,68
TXN0002867,2024-02-03T19:05:00,33,M0082,B2B,high,C01454,216,11,5677,0.16,29361.46,upi,Kotak,573109,19,5,1,0,0,0,0,0,0,1,1,1,0,17
TXN0002868,2024-02-03T17:43:00,33,M0089,Food,low,C01066,151,11,1906,0.0889,437.58,card,HDFC,491396,17,5,1,14,0,0,0,0,0,1,0,0,0,56
TXN0002869,2024-02-03T23:49:00,33,M0198,Food,mid,C00153,187,16,7531,0.082,3386.19,card,Canara,415913,23,5,1,0,0,1,0,0,0,0,0,0,0,53
TXN0002870,2024-02-03T13:18:00,33,M0186,B2B,mid,C01329,214,5,6916,0.0088,8670.54,wallet,Canara,553941,13,5,1,8,0,0,0,0,0,0,0,0,0,21
TXN0002871,2024-02-03T19:25:00,33,M0195,Food,high,C01412,93,13,3187,0.0774,1640.45,upi,Kotak,404238,19,5,1,0,0,0,1,1,0,0,1,1,0,53
TXN0002872,2024-02-03T08:05:00,33,M0147,SaaS,mid,C00555,100,19,3886,0.0597,1803.05,wallet,ICICI,496503,8,5,1,0,0,1,0,0,0,0,0,0,0,46
TXN0002873,2024-02-03T16:41:00,33,M0102,Retail,high,C00558,871,120,19753,0.0192,25197.71,card,PNB,598377,16,5,1,0,1,1,0,1,0,0,1,1,0,64
TXN0002874,2024-02-03T05:30:00,33,M0079,Retail,high,C01238,107,9,7705,0.1555,2042.12,card,Axis,430826,5,5,1,0,0,0,0,0,0,1,0,0,0,71
TXN0002875,2024-02-03T10:30:00,33,M0125,Retail,low,C00106,22,3,1872,0.0279,1602.69,upi,HDFC,462667,10,5,1,0,0,0,0,0,0,1,0,0,0,65
TXN0002876,2024-02-03T22:21:00,33,M0121,Food,low,C01203,13,3,700,0.0223,906.0,netbanking,Canara,515372,22,5,1,0,0,0,0,0,0,0,0,0,0,17
TXN0002877,2024-02-03T11:02:00,33,M0074,Services,high,C00025,771,67,7942,0.0048,3597.03,netbanking,Kotak,477831,11,5,1,14,0,0,0,0,0,1,0,0,0,60
TXN0002878,2024-02-03T16:46:00,33,M0134,Services,low,C01117,9,1,1001,0.0185,3747.28,upi,Canara,525506,16,5,1,0,0,0,0,0,0,0,0,0,1,14
TXN0002879,2024-02-03T05:25:00,33,M0072,SaaS,high,C00427,24,3,1936,0.0865,1629.77,wallet,PNB,432616,5,5,1,0,0,0,1,0,0,0,1,1,0,44
TXN0002880,2024-02-03T12:03:00,33,M0109,Services,low,C01036,209,8,7172,0.1514,4190.37,card,ICICI,579898,12,5,1,7,0,1,0,0,0,0,0,0,0,13
TXN0002881,2024-02-03T15:39:00,33,M0146,Food,mid,C01047,82,16,3732,0.0328,3683.06,upi,HDFC,560746,15,5,1,0,0,0,0,0,0,1,1,1,0,26
TXN0002882,2024-02-03T08:23:00,33,M0133,SaaS,mid,C01488,807,73,14962,0.0496,9724.81,wallet,SBI,412137,8,5,1,8,0,1,0,0,0,0,0,0,0,67
TXN0002883,2024-02-03T17:56:00,33,M0197,Food,low,C00903,25,4,727,0.0815,757.86,wallet,SBI,400396,17,5,1,0,0,0,0,0,0,0,0,0,1,39
TXN0002884,2024-02-03T14:24:00,33,M0054,Retail,mid,C00266,5,4,714,0.0812,1983.99,upi,Canara,493855,14,5,1,0,0,0,0,0,1,1,0,0,1,16
TXN0002885,2024-02-03T20:34:00,33,M0184,Logistics,high,C00611,236,14,3084,0.1764,11102.49,netbanking,Yes,571090,20,5,1,11,0,1,0,1,0,1,0,1,0,23
TXN0002886,2024-02-03T21:04:00,33,M0084,B2B,mid,C00672,25,1,1404,0.0267,20062.24,card,SBI,494098,21,5,1,0,0,0,0,0,0,0,0,0,1,19
TXN0002887,2024-02-03T18:41:00,33,M0179,Services,low,C00787,228,7,4251,0.029,5372.44,card,Yes,550137,18,5,1,0,0,0,0,0,0,1,0,0,0,59
TXN0002888,2024-02-03T21:58:00,33,M0174,SaaS,low,C01382,8,3,516,0.0408,1082.91,netbanking,Yes,530104,21,5,1,0,0,0,0,0,0,0,0,0,1,31
TXN0002889,2024-02-03T06:09:00,33,M0166,SaaS,mid,C00374,295,16,6772,0.0438,2966.88,upi,HDFC,514094,6,5,1,0,0,0,0,0,0,0,0,0,0,62
TXN0002890,2024-02-03T15:04:00,33,M0088,Food,low,C00277,164,20,4404,0.1783,3408.13,netbanking,SBI,438939,15,5,1,0,0,0,0,0,0,1,0,0,0,13
TXN0002891,2024-02-03T14:56:00,33,M0046,SaaS,high,C00694,235,20,5075,0.0632,3979.4,netbanking,Yes,411650,14,5,1,0,0,1,0,0,0,0,0,0,1,22
TXN0002892,2024-02-03T07:48:00,33,M0194,Retail,mid,C00767,156,19,4765,0.0133,7527.48,upi,Canara,442370,7,5,1,0,0,0,0,0,0,0,0,0,0,27
TXN0002893,2024-02-03T18:38:00,33,M0111,Logistics,low,C01438,223,12,1229,0.2301,7853.1,card,Canara,526703,18,5,1,0,0,0,0,0,0,0,1,1,0,57
TXN0002894,2024-02-03T14:34:00,33,M0138,Services,mid,C00190,104,19,5367,0.0534,2544.78,card,Yes,484280,14,5,1,0,0,1,1,0,0,0,1,1,0,21
TXN0002895,2024-02-03T09:11:00,33,M0082,B2B,high,C00949,264,17,4123,0.0427,17346.19,card,Axis,579911,9,5,1,0,0,1,0,0,0,0,0,0,0,12
TXN0002896,2024-02-03T23:29:00,33,M0024,B2B,mid,C00855,10,1,1044,0.075,7527.97,wallet,Yes,532584,23,5,1,0,0,0,0,0,0,1,0,0,1,20
TXN0002897,2024-02-03T10:34:00,33,M0181,Food,high,C01424,95,7,5911,0.177,5281.27,upi,Yes,444720,10,5,1,0,0,0,0,0,0,0,0,0,0,17
TXN0002898,2024-02-03T13:28:00,33,M0153,Food,low,C00161,185,11,2004,0.0423,1193.26,upi,ICICI,518390,13,5,1,12,0,0,1,0,0,0,0,1,0,16
TXN0002899,2024-02-03T14:38:00,33,M0119,Retail,high,C01404,136,6,5880,0.0288,2554.12,upi,PNB,513552,14,5,1,10,0,0,0,0,0,0,0,0,0,51
TXN0002900,2024-02-03T19:50:00,33,M0097,Services,low,C00657,266,10,3140,0.067,2050.12,upi,Canara,402229,19,5,1,0,0,0,0,0,0,0,0,0,0,55
TXN0002901,2024-02-03T11:26:00,33,M0074,Services,high,C01401,98,5,3761,0.048,2470.93,upi,SBI,563953,11,5,1,0,0,1,0,0,0,1,0,0,0,48
TXN0002902,2024-02-03T14:43:00,33,M0062,B2B,low,C01240,238,8,4800,0.127,31942.42,wallet,Yes,531192,14,5,1,0,0,0,0,0,0,0,0,0,0,15
TXN0002903,2024-02-03T20:12:00,33,M0114,Logistics,mid,C00321,931,91,13422,0.0134,5520.88,wallet,SBI,437353,20,5,1,0,0,0,0,0,1,1,1,1,0,63
TXN0002904,2024-02-03T07:16:00,33,M0130,Food,low,C00578,267,6,6126,0.0334,2834.12,upi,HDFC,455001,7,5,1,0,0,0,0,0,0,1,0,0,0,45
TXN0002905,2024-02-03T11:54:00,33,M0105,SaaS,high,C00354,246,13,6411,0.0854,8514.43,wallet,Kotak,568531,11,5,1,0,0,0,0,0,0,0,0,0,0,13
TXN0002906,2024-02-03T08:22:00,33,M0121,Food,low,C00041,872,107,10990,0.0263,3807.41,wallet,Yes,548712,8,5,1,0,0,0,0,0,0,0,0,0,0,54
TXN0002907,2024-02-03T19:03:00,33,M0145,SaaS,low,C01494,266,9,2847,0.112,968.6,wallet,PNB,505690,19,5,1,0,0,1,0,0,0,0,0,0,0,18
TXN0002908,2024-02-03T18:38:00,33,M0135,Retail,low,C00909,174,15,1042,0.0534,1503.09,wallet,Canara,483093,18,5,1,0,0,0,1,0,0,0,1,1,0,38
TXN0002909,2024-02-03T15:46:00,33,M0050,Logistics,high,C00752,85,5,5332,0.0525,51478.24,netbanking,Canara,538388,15,5,1,0,0,1,0,0,0,0,1,1,0,18
TXN0002910,2024-02-03T14:31:00,33,M0081,Logistics,high,C00760,16,2,1193,0.0457,11340.59,netbanking,SBI,441593,14,5,1,0,0,0,0,0,0,1,0,0,0,24
TXN0002911,2024-02-03T01:06:00,33,M0199,SaaS,mid,C00960,154,7,7188,0.0316,14499.85,upi,Kotak,597263,1,5,1,0,0,3,0,0,0,0,1,1,0,57
TXN0002912,2024-02-03T01:30:00,33,M0146,Food,mid,C00671,931,72,24151,0.0159,8300.52,upi,Kotak,556594,1,5,1,0,0,0,0,0,0,1,1,1,0,71
TXN0002913,2024-02-03T11:02:00,33,M0059,Logistics,mid,C00198,25,4,1477,0.1421,5962.09,wallet,Canara,508144,11,5,1,0,0,0,0,0,0,0,0,0,0,44
TXN0002914,2024-02-03T21:50:00,33,M0109,Services,low,C00735,294,9,2632,0.0396,3240.33,netbanking,SBI,504296,21,5,1,0,0,0,0,0,0,0,0,0,0,12
TXN0002915,2024-02-03T11:21:00,33,M0187,SaaS,high,C00725,15,3,802,0.0878,659.98,card,HDFC,559531,11,5,1,14,0,1,0,0,0,0,0,0,0,48
TXN0002916,2024-02-03T14:44:00,33,M0021,SaaS,mid,C00959,25,3,1865,0.1485,1484.29,wallet,PNB,514517,14,5,1,0,0,0,0,0,0,1,0,0,0,40
TXN0002917,2024-02-03T17:19:00,33,M0125,Retail,low,C01463,786,110,7400,0.052,6947.57,card,Kotak,539703,17,5,1,0,0,1,0,0,0,1,0,0,0,46
TXN0002918,2024-02-03T16:20:00,33,M0029,Retail,high,C01035,242,10,4320,0.0826,2585.4,upi,Axis,428211,16,5,1,0,0,0,0,0,0,0,0,0,0,58
TXN0002919,2024-02-03T17:22:00,33,M0095,Food,low,C00293,25,3,1986,0.1281,1390.48,card,Kotak,518198,17,5,1,0,0,0,0,0,0,0,0,0,1,37
TXN0002920,2024-02-03T09:43:00,33,M0197,Food,low,C00458,228,14,6680,0.1174,4200.12,netbanking,Kotak,439655,9,5,1,0,0,0,0,0,0,1,0,0,0,70
TXN0002921,2024-02-03T10:13:00,33,M0138,Services,mid,C00970,220,11,6117,0.0537,3220.56,wallet,ICICI,591186,10,5,1,0,0,0,0,0,0,0,0,0,1,29
TXN0002922,2024-02-03T19:46:00,33,M0136,Logistics,mid,C00756,89,17,3323,0.0739,17372.29,netbanking,PNB,544164,19,5,1,0,0,1,0,0,0,0,0,0,0,37
TXN0002923,2024-02-03T11:34:00,33,M0016,Services,high,C00998,188,8,4691,0.1272,7355.23,upi,PNB,431849,11,5,1,0,0,0,0,0,0,0,0,0,0,18
TXN0002924,2024-02-03T10:57:00,33,M0027,Services,high,C00207,289,14,6654,0.0346,5002.2,upi,SBI,412187,10,5,1,0,0,0,0,0,0,1,0,0,0,66
TXN0002925,2024-02-03T09:07:00,33,M0123,Logistics,high,C00115,8,1,1518,0.0701,10358.23,wallet,PNB,528491,9,5,1,0,0,0,0,0,0,0,0,0,0,16
TXN0002926,2024-02-03T11:35:00,33,M0175,Food,low,C00824,11,2,1295,0.1478,523.91,card,Kotak,489453,11,5,1,0,0,0,0,0,0,1,0,0,1,51
TXN0002927,2024-02-03T11:32:00,33,M0191,Logistics,high,C01038,6,1,755,0.0897,8006.0,wallet,Axis,428464,11,5,1,0,0,1,0,0,0,1,0,0,1,65
TXN0002928,2024-02-03T23:58:00,33,M0069,SaaS,high,C00188,165,11,4361,0.0928,9052.21,wallet,Axis,478176,23,5,1,0,0,0,1,0,0,0,1,1,0,55
TXN0002929,2024-02-03T21:04:00,33,M0087,Logistics,mid,C00853,16,2,1991,0.0564,15776.8,card,PNB,583177,21,5,1,0,0,0,0,1,0,1,1,1,0,31
TXN0002930,2024-02-03T20:40:00,33,M0046,SaaS,high,C00421,155,8,1375,0.2041,1078.29,wallet,ICICI,532841,20,5,1,0,0,0,0,0,0,1,0,0,0,28
TXN0002931,2024-02-03T17:29:00,33,M0002,B2B,low,C01452,137,8,4630,0.0509,104988.01,card,Canara,498087,17,5,1,0,0,0,0,0,0,1,1,1,0,69
TXN0002932,2024-02-03T12:39:00,33,M0181,Food,high,C00376,201,16,3820,0.0317,5442.2,card,Axis,566460,12,5,1,0,0,0,0,0,0,1,0,0,0,32
TXN0002933,2024-02-03T12:51:00,33,M0132,Food,mid,C01290,134,9,5843,0.0096,2216.33,upi,Yes,485692,12,5,1,0,0,1,0,0,0,1,0,0,0,62
TXN0002934,2024-02-03T16:30:00,33,M0155,SaaS,mid,C00877,943,111,21778,0.0075,15113.24,netbanking,Axis,452479,16,5,1,0,0,1,0,0,0,0,0,0,0,42
TXN0002935,2024-02-03T17:12:00,33,M0023,Services,low,C00917,300,5,4719,0.0825,10807.62,card,Canara,561096,17,5,1,0,0,0,0,0,0,1,0,0,0,13
TXN0002936,2024-02-03T22:19:00,33,M0158,Retail,low,C00284,22,2,1162,0.105,1822.4,wallet,ICICI,524360,22,5,1,0,0,0,1,1,0,1,1,1,0,45
TXN0002937,2024-02-03T20:10:00,33,M0086,Retail,high,C00921,228,9,1469,0.0468,2677.89,netbanking,Kotak,565258,20,5,1,0,0,0,0,0,0,0,0,0,0,20
TXN0002938,2024-02-03T10:27:00,33,M0021,SaaS,mid,C01498,12,2,1312,0.0618,2011.63,upi,ICICI,522406,10,5,1,0,0,1,0,0,0,0,0,0,0,51
TXN0002939,2024-02-03T09:12:00,33,M0164,Logistics,high,C00106,22,3,1872,0.0279,11301.63,netbanking,ICICI,468071,9,5,1,1,1,1,0,0,0,0,0,0,0,25
TXN0002940,2024-02-03T17:36:00,33,M0104,Food,low,C00513,906,52,16492,0.0021,7312.14,netbanking,Kotak,402959,17,5,1,0,0,0,0,1,0,0,1,1,0,63
TXN0002941,2024-02-04T12:21:00,34,M0129,Services,low,C01346,8,1,1368,0.0887,906.89,wallet,Yes,598793,12,6,1,0,0,0,0,0,0,1,0,0,0,60
TXN0002942,2024-02-04T11:03:00,34,M0152,Retail,high,C01414,212,15,5435,0.0786,3314.48,card,ICICI,585611,11,6,1,0,0,0,0,1,0,0,1,1,0,35
TXN0002943,2024-02-04T16:40:00,34,M0176,SaaS,low,C01262,170,20,3485,0.2024,1758.24,card,Canara,406143,16,6,1,0,0,0,0,0,0,0,0,0,0,37
TXN0002944,2024-02-04T09:38:00,34,M0156,Services,mid,C00853,16,2,1991,0.0564,2814.86,upi,PNB,457073,9,6,1,0,1,1,0,0,0,1,0,0,1,18
TXN0002945,2024-02-04T10:19:00,34,M0030,B2B,high,C00939,187,15,3236,0.084,19710.26,upi,Yes,491994,10,6,1,0,0,0,0,0,0,1,0,0,0,37
TXN0002946,2024-02-04T15:40:00,34,M0000,Logistics,low,C01250,832,75,11273,0.0124,20749.73,upi,PNB,425691,15,6,1,0,0,0,1,0,0,0,1,1,0,72
TXN0002947,2024-02-04T06:15:00,34,M0052,Logistics,mid,C01046,18,4,553,0.0474,3889.6,card,Kotak,400787,6,6,1,0,0,0,0,0,0,1,0,0,1,22
TXN0002948,2024-02-04T15:20:00,34,M0143,Logistics,mid,C00169,92,14,6033,0.1224,5791.85,upi,Kotak,463984,15,6,1,0,0,1,0,0,0,1,0,0,0,30
TXN0002949,2024-02-04T17:53:00,34,M0017,B2B,low,C00239,8,2,993,0.0332,27618.0,upi,Axis,409548,17,6,1,0,0,0,0,0,0,0,0,0,0,26
TXN0002950,2024-02-04T14:32:00,34,M0144,Retail,low,C00765,193,20,7494,0.0847,2876.33,upi,Canara,487363,14,6,1,0,0,0,0,0,0,0,0,0,0,30
TXN0002951,2024-02-04T10:57:00,34,M0075,Retail,mid,C00264,25,4,1179,0.0072,2256.76,wallet,Kotak,503919,10,6,1,0,0,0,0,0,0,0,0,0,0,72
TXN0002952,2024-02-04T14:22:00,34,M0122,Retail,low,C01162,25,4,605,0.233,735.49,upi,Canara,532701,14,6,1,0,0,1,0,0,0,1,0,0,0,41
TXN0002953,2024-02-04T18:13:00,34,M0131,Logistics,high,C00856,21,4,967,0.023,9734.35,card,Yes,442847,18,6,1,0,0,1,0,0,0,0,0,0,1,70
TXN0002954,2024-02-04T12:40:00,34,M0024,B2B,mid,C00242,10,1,1523,0.2298,36849.72,netbanking,SBI,456410,12,6,1,0,0,1,0,0,0,0,0,1,1,56
TXN0002955,2024-02-04T13:51:00,34,M0196,Retail,low,C00275,197,10,5545,0.0476,7630.54,upi,HDFC,465531,13,6,1,0,0,1,0,0,0,0,0,0,0,68
TXN0002956,2024-02-04T09:14:00,34,M0018,SaaS,high,C00843,25,4,1469,0.0275,1047.26,netbanking,Axis,532062,9,6,1,0,0,0,0,0,0,1,0,0,0,53
TXN0002957,2024-02-04T11:52:00,34,M0131,Logistics,high,C00301,17,3,1823,0.0261,12353.23,wallet,PNB,591762,11,6,1,0,0,0,0,0,0,0,1,1,0,33
TXN0002958,2024-02-04T06:14:00,34,M0004,Logistics,low,C01239,20,3,1092,0.1306,4089.79,card,SBI,454480,6,6,1,0,0,1,1,0,0,0,1,1,0,37
TXN0002959,2024-02-04T22:49:00,34,M0062,B2B,low,C00567,17,2,1649,0.1358,50463.18,card,ICICI,510260,22,6,1,0,0,0,0,0,0,0,1,1,0,40
TXN0002960,2024-02-04T01:25:00,34,M0172,Food,mid,C00905,997,85,9286,0.052,3052.78,netbanking,PNB,575446,1,6,1,0,0,2,0,0,0,0,0,0,1,72
TXN0002961,2024-02-04T09:36:00,34,M0016,Services,high,C01007,738,96,4499,0.0593,7451.52,upi,Yes,561719,9,6,1,0,0,0,0,0,1,0,0,0,1,23
TXN0002962,2024-02-04T07:43:00,34,M0065,B2B,high,C00025,771,67,7942,0.0048,13837.89,upi,PNB,511777,7,6,1,0,1,1,0,0,0,0,0,0,0,71
TXN0002963,2024-02-04T21:26:00,34,M0191,Logistics,high,C00587,12,1,1336,0.0454,12013.24,upi,HDFC,435942,21,6,1,0,0,1,0,0,0,1,0,0,1,62
TXN0002964,2024-02-04T10:48:00,34,M0071,Retail,low,C01183,243,15,2751,0.0611,3184.19,upi,Axis,586607,10,6,1,0,0,0,1,0,0,0,1,1,0,29
TXN0002965,2024-02-04T15:14:00,34,M0068,B2B,low,C00061,128,6,7251,0.1482,30463.41,upi,PNB,552659,15,6,1,0,0,0,0,0,0,0,0,0,0,50
TXN0002966,2024-02-04T14:29:00,34,M0043,Logistics,high,C01423,8,4,1688,0.1325,8344.76,card,SBI,574569,14,6,1,0,0,0,0,0,0,1,0,0,1,20
TXN0002967,2024-02-04T23:37:00,34,M0198,Food,mid,C01376,15,4,962,0.0503,753.32,netbanking,Yes,528512,23,6,1,11,0,1,1,0,0,0,0,1,1,56
TXN0002968,2024-02-04T05:51:00,34,M0138,Services,mid,C00549,6,2,719,0.0845,2134.5,upi,Canara,536951,5,6,1,0,0,0,0,1,0,0,1,1,0,57
TXN0002969,2024-02-04T09:09:00,34,M0017,B2B,low,C00980,292,12,7565,0.1281,32685.98,card,SBI,448299,9,6,1,0,0,0,0,0,0,1,0,0,0,68
TXN0002970,2024-02-04T07:39:00,34,M0009,Retail,low,C00184,241,14,4890,0.1259,3428.97,netbanking,SBI,454598,7,6,1,0,0,0,0,0,0,1,0,0,0,51
TXN0002971,2024-02-04T13:49:00,34,M0165,Services,low,C00077,283,8,4634,0.0584,5194.8,netbanking,Kotak,525847,13,6,1,0,0,0,0,0,0,1,0,0,0,37
TXN0002972,2024-02-04T17:39:00,34,M0120,Food,low,C00478,987,65,6053,0.0157,1640.25,upi,PNB,554747,17,6,1,0,0,0,0,0,0,0,0,0,0,42
TXN0002973,2024-02-04T07:48:00,34,M0068,B2B,low,C00495,18,1,1644,0.0142,13669.74,upi,SBI,425365,7,6,1,0,0,0,0,0,0,0,0,0,1,71
TXN0002974,2024-02-04T10:23:00,34,M0087,Logistics,mid,C01245,822,114,24591,0.0177,21183.36,upi,Axis,416145,10,6,1,0,0,0,0,0,0,0,1,1,0,26
TXN0002975,2024-02-04T11:38:00,34,M0094,SaaS,high,C00660,137,20,7112,0.0513,2672.65,netbanking,SBI,400586,11,6,1,0,0,1,1,0,0,0,0,1,0,66
TXN0002976,2024-02-04T19:29:00,34,M0092,Food,low,C01162,25,4,605,0.233,694.68,card,HDFC,458708,19,6,1,0,1,2,0,0,0,1,0,0,0,54
TXN0002977,2024-02-04T08:31:00,34,M0040,SaaS,mid,C00511,261,20,3457,0.0646,1878.1,upi,SBI,421178,8,6,1,0,0,0,0,0,0,1,0,0,0,44
TXN0002978,2024-02-04T16:34:00,34,M0042,Logistics,mid,C00513,906,52,16492,0.0021,18546.54,card,ICICI,401068,16,6,1,0,1,1,0,0,0,1,0,0,0,52
TXN0002979,2024-02-04T06:48:00,34,M0007,Food,mid,C00941,8,1,1237,0.0191,2654.15,card,SBI,416244,6,6,1,0,0,0,0,0,0,1,0,0,1,26
TXN0002980,2024-02-04T09:38:00,34,M0167,SaaS,low,C00762,162,16,4897,0.165,2217.95,netbanking,PNB,432023,9,6,1,0,0,0,0,0,0,0,0,0,0,54
TXN0002981,2024-02-04T16:17:00,34,M0116,Services,low,C01206,243,17,4210,0.0573,9373.33,wallet,HDFC,427084,16,6,1,0,0,0,0,0,0,0,0,0,0,48
TXN0002982,2024-02-04T10:57:00,34,M0184,Logistics,high,C01255,21,3,706,0.0285,5622.82,card,Yes,495291,10,6,1,0,0,0,0,0,0,1,0,0,0,37
TXN0002983,2024-02-04T15:55:00,34,M0187,SaaS,high,C01216,914,76,5925,0.0032,1987.76,upi,ICICI,586623,15,6,1,8,0,1,0,0,0,0,0,0,0,30
TXN0002984,2024-02-04T23:06:00,34,M0170,Logistics,mid,C00020,162,12,2208,0.21,11904.45,wallet,Canara,563429,23,6,1,0,0,0,0,0,0,0,1,1,0,13
TXN0002985,2024-02-04T21:02:00,34,M0067,Food,mid,C00953,11,2,921,0.0534,1355.11,netbanking,Axis,403592,21,6,1,0,0,0,0,0,0,1,0,0,0,21
TXN0002986,2024-02-04T09:20:00,34,M0033,Logistics,low,C00793,792,118,10745,0.0392,14540.14,card,ICICI,597673,9,6,1,14,0,0,0,0,0,1,0,0,0,35
TXN0002987,2024-02-04T00:49:00,34,M0158,Retail,low,C00454,11,3,933,0.0749,1138.91,upi,PNB,436715,0,6,1,0,0,0,0,0,0,0,0,0,1,21
TXN0002988,2024-02-04T09:56:00,34,M0082,B2B,high,C01324,148,17,6773,0.0247,44144.0,card,ICICI,547508,9,6,1,0,0,0,0,1,0,0,1,1,0,38
TXN0002989,2024-02-04T21:57:00,34,M0083,B2B,low,C01025,160,7,5324,0.1057,38558.85,wallet,Axis,429493,21,6,1,0,0,1,0,0,0,1,1,1,0,44
TXN0002990,2024-02-04T02:42:00,34,M0062,B2B,low,C00017,816,60,12299,0.0135,34726.05,netbanking,Axis,522653,2,6,1,0,0,0,0,0,0,1,1,1,0,34
TXN0002991,2024-02-04T14:51:00,34,M0152,Retail,high,C01370,917,116,3464,0.0555,5170.87,card,Axis,588641,14,6,1,0,0,0,0,0,0,1,0,0,0,48
TXN0002992,2024-02-04T15:10:00,34,M0192,B2B,mid,C01077,24,1,1382,0.0444,8671.67,netbanking,Yes,568340,15,6,1,0,0,0,0,0,0,0,0,0,1,62
TXN0002993,2024-02-04T08:47:00,34,M0140,Logistics,high,C01412,93,13,3187,0.0774,22015.49,wallet,Axis,589940,8,6,1,7,1,1,0,0,0,0,0,0,0,53
TXN0002994,2024-02-04T17:06:00,34,M0186,B2B,mid,C00656,24,3,1063,0.0277,17734.88,netbanking,ICICI,458918,17,6,1,0,0,0,0,0,0,0,0,0,1,21
TXN0002995,2024-02-04T08:34:00,34,M0090,Logistics,mid,C01054,25,1,1125,0.0641,6012.29,card,Yes,493461,8,6,1,0,0,2,0,0,0,0,0,0,0,21
TXN0002996,2024-02-04T10:23:00,34,M0102,Retail,high,C00389,144,16,3134,0.1005,2097.71,wallet,SBI,439065,10,6,1,0,0,0,0,0,0,1,0,0,0,55
TXN0002997,2024-02-04T14:30:00,34,M0021,SaaS,mid,C00785,9,1,1029,0.1564,1002.1,netbanking,Yes,573924,14,6,1,0,0,1,0,0,0,0,0,0,0,31
TXN0002998,2024-02-04T11:56:00,34,M0185,Food,high,C00475,116,18,5922,0.0285,2002.08,card,ICICI,540606,11,6,1,0,0,2,0,0,0,0,0,0,0,68
TXN0002999,2024-02-04T15:15:00,34,M0168,Food,high,C01313,19,3,724,0.1902,1088.37,wallet,ICICI,453878,15,6,1,11,0,0,0,0,0,0,0,0,0,28
TXN0003000,2024-02-04T10:40:00,34,M0121,Food,low,C01364,5,3,568,0.1317,615.1,netbanking,PNB,581693,10,6,1,0,0,1,0,0,0,0,0,0,0,32
TXN0003001,2024-02-04T08:55:00,34,M0012,Food,low,C00768,814,112,17112,0.0026,10290.59,upi,Axis,524719,8,6,1,0,0,0,0,1,0,1,1,1,0,70
TXN0003002,2024-02-04T13:54:00,34,M0188,Logistics,mid,C00838,827,61,12860,0.0338,19783.57,wallet,PNB,535954,13,6,1,0,0,0,1,0,0,1,1,1,0,51
TXN0003003,2024-02-04T19:41:00,34,M0105,SaaS,high,C00711,292,16,1422,0.0271,328.34,wallet,Kotak,580576,19,6,1,0,0,0,0,0,0,0,0,0,0,37
TXN0003004,2024-02-04T07:41:00,34,M0030,B2B,high,C01412,93,13,3187,0.0774,46910.82,card,Yes,588786,7,6,1,1,2,2,1,0,0,1,1,1,0,15
TXN0003005,2024-02-04T12:15:00,34,M0106,Services,high,C01370,917,116,3464,0.0555,7665.18,netbanking,SBI,525796,12,6,1,1,1,2,0,0,0,0,0,0,0,59
TXN0003006,2024-02-04T22:38:00,34,M0021,SaaS,mid,C00289,838,113,11799,0.0085,6840.0,card,Canara,477931,22,6,1,0,0,0,0,0,0,0,0,0,0,58
TXN0003007,2024-02-04T17:17:00,34,M0106,Services,high,C00036,243,11,1622,0.1295,8368.18,netbanking,Canara,531613,17,6,1,0,0,1,0,0,0,0,0,0,0,13
TXN0003008,2024-02-04T18:09:00,34,M0041,B2B,low,C01149,892,51,7931,0.0336,43717.07,netbanking,Canara,430296,18,6,1,0,0,1,0,0,0,0,1,1,0,16
TXN0003009,2024-02-04T08:38:00,34,M0154,Retail,low,C00694,235,20,5075,0.0632,5509.7,wallet,ICICI,597769,8,6,1,0,1,2,0,1,0,0,1,1,0,24
TXN0003010,2024-02-04T09:18:00,34,M0167,SaaS,low,C01372,164,10,6204,0.1709,2983.05,wallet,PNB,446713,9,6,1,0,0,0,0,0,1,0,0,0,0,64
TXN0003011,2024-02-04T13:24:00,34,M0059,Logistics,mid,C01447,197,6,3612,0.0881,11495.16,card,SBI,510346,13,6,1,0,0,0,0,0,0,0,0,0,0,42
TXN0003012,2024-02-04T10:35:00,34,M0040,SaaS,mid,C01376,15,4,962,0.0503,650.37,upi,HDFC,444731,10,6,1,1,1,2,0,0,0,0,1,1,0,49
TXN0003013,2024-02-04T12:14:00,34,M0174,SaaS,low,C00080,877,119,8176,0.0012,1757.81,upi,PNB,577452,12,6,1,0,0,1,0,0,1,0,1,1,0,65
TXN0003014,2024-02-04T19:38:00,34,M0016,Services,high,C01091,62,16,2796,0.1742,7255.61,card,Kotak,466101,19,6,1,0,0,1,0,0,0,0,0,0,0,49
TXN0003015,2024-02-04T15:57:00,34,M0072,SaaS,high,C01286,75,13,3108,0.007,3302.97,upi,Kotak,484214,15,6,1,0,0,0,0,0,0,1,0,0,0,63
TXN0003016,2024-02-04T20:04:00,34,M0050,Logistics,high,C00491,109,6,7422,0.1327,7254.81,netbanking,PNB,426325,20,6,1,0,0,1,0,0,0,0,0,0,0,24
TXN0003017,2024-02-04T11:37:00,34,M0105,SaaS,high,C00201,734,88,21610,0.0185,3436.48,netbanking,Kotak,480714,11,6,1,0,0,0,0,0,0,0,0,0,0,14
TXN0003018,2024-02-04T08:18:00,34,M0076,Services,high,C01053,172,16,7541,0.0741,5743.25,wallet,Yes,468243,8,6,1,14,0,1,0,0,0,0,0,0,0,13
TXN0003019,2024-02-04T10:05:00,34,M0013,Logistics,high,C00298,114,9,4372,0.1389,5749.03,upi,Axis,515981,10,6,1,0,0,1,1,0,0,1,0,1,1,28
TXN0003020,2024-02-05T18:39:00,35,M0161,Services,mid,C01005,24,1,1586,0.0437,4120.71,netbanking,ICICI,577851,18,0,0,0,0,0,0,0,0,0,0,0,0,55
TXN0003021,2024-02-05T14:27:00,35,M0173,Food,high,C00305,112,9,5394,0.0518,2046.78,wallet,ICICI,589088,14,0,0,0,0,1,0,0,0,0,0,0,0,53
TXN0003022,2024-02-05T01:20:00,35,M0013,Logistics,high,C00136,918,106,18128,0.0252,17134.99,upi,Kotak,405680,1,0,0,0,0,1,0,0,0,0,1,1,0,13
TXN0003023,2024-02-05T03:08:00,35,M0059,Logistics,mid,C00616,911,58,7892,0.0092,27690.26,card,Yes,411336,3,0,0,0,0,0,0,0,0,1,1,1,0,39
TXN0003024,2024-02-05T17:47:00,35,M0042,Logistics,mid,C00191,237,13,5997,0.1009,15707.6,upi,SBI,494770,17,0,0,0,0,0,0,0,0,1,0,0,1,41
TXN0003025,2024-02-05T20:18:00,35,M0019,Services,mid,C00517,15,2,1142,0.0701,1172.14,wallet,PNB,501072,20,0,0,0,0,0,0,0,1,0,0,0,1,40
TXN0003026,2024-02-05T21:32:00,35,M0156,Services,mid,C00187,270,12,1258,0.1298,1300.16,card,Axis,481818,21,0,0,0,0,0,0,0,0,1,0,0,0,48
TXN0003027,2024-02-05T07:05:00,35,M0048,SaaS,mid,C00226,94,17,2989,0.0739,2562.11,card,PNB,576861,7,0,0,0,0,0,0,0,0,0,0,0,0,53
TXN0003028,2024-02-05T14:24:00,35,M0153,Food,low,C00699,115,19,2458,0.0619,1520.01,wallet,ICICI,457059,14,0,0,0,0,0,0,0,0,0,0,0,0,59
TXN0003029,2024-02-05T18:17:00,35,M0131,Logistics,high,C00345,5,4,1662,0.0094,5672.06,card,ICICI,467987,18,0,0,0,0,0,0,0,0,0,0,0,0,41
TXN0003030,2024-02-05T08:09:00,35,M0011,Food,low,C01321,14,2,1098,0.1209,704.43,card,SBI,415624,8,0,0,0,0,0,0,0,0,0,0,0,0,53
TXN0003031,2024-02-05T20:53:00,35,M0164,Logistics,high,C00224,141,18,4344,0.0297,15745.18,wallet,SBI,463981,20,0,0,0,0,0,0,0,0,0,0,0,0,37
TXN0003032,2024-02-05T04:13:00,35,M0149,Services,low,C00500,105,20,3571,0.0765,2140.73,netbanking,ICICI,490401,4,0,0,0,0,0,1,0,0,0,1,1,0,68
TXN0003033,2024-02-05T11:26:00,35,M0157,SaaS,mid,C00617,275,10,5677,0.1505,2958.85,wallet,Axis,477793,11,0,0,11,0,0,0,0,0,0,0,0,1,18
TXN0003034,2024-02-05T18:24:00,35,M0044,Logistics,low,C01321,14,2,1098,0.1209,19812.89,netbanking,HDFC,518722,18,0,0,0,1,1,0,0,0,0,0,0,1,53
TXN0003035,2024-02-05T08:50:00,35,M0162,Services,high,C00629,174,16,3559,0.0527,3317.71,card,SBI,549184,8,0,0,0,0,1,0,0,1,1,1,1,0,18
TXN0003036,2024-02-05T15:17:00,35,M0192,B2B,mid,C00238,130,14,1140,0.0951,68849.57,netbanking,ICICI,427135,15,0,0,0,0,0,0,0,0,0,1,1,0,64
TXN0003037,2024-02-05T21:24:00,35,M0000,Logistics,low,C01435,239,13,5654,0.071,13217.68,upi,Kotak,577047,21,0,0,0,0,0,0,0,0,0,0,0,1,68
TXN0003038,2024-02-05T17:59:00,35,M0141,Logistics,low,C00803,10,1,1321,0.1485,11386.66,wallet,PNB,460077,17,0,0,0,0,1,0,0,0,0,0,0,0,15
TXN0003039,2024-02-05T12:43:00,35,M0114,Logistics,mid,C00809,22,1,606,0.0443,8429.51,netbanking,Kotak,428883,12,0,0,0,0,0,1,0,0,0,0,1,1,64
TXN0003040,2024-02-05T10:24:00,35,M0181,Food,high,C00887,8,3,791,0.0813,666.24,wallet,Axis,435642,10,0,0,0,0,0,0,0,0,0,0,0,0,25
TXN0003041,2024-02-05T20:08:00,35,M0050,Logistics,high,C00652,73,15,5382,0.1701,13053.85,netbanking,SBI,406471,20,0,0,0,0,0,0,0,0,0,1,1,0,12
TXN0003042,2024-02-05T17:09:00,35,M0085,SaaS,mid,C01421,87,15,5114,0.0752,3785.19,wallet,HDFC,441267,17,0,0,0,0,0,0,0,0,0,0,0,0,37
TXN0003043,2024-02-05T09:36:00,35,M0023,Services,low,C01431,750,96,16088,0.0245,8073.04,card,PNB,487245,9,0,0,0,0,0,0,0,0,1,0,0,0,59
TXN0003044,2024-02-05T19:10:00,35,M0170,Logistics,mid,C00510,5,2,1363,0.0704,5339.25,wallet,HDFC,447122,19,0,0,13,0,1,0,0,0,0,0,0,1,26
TXN0003045,2024-02-05T23:03:00,35,M0121,Food,low,C01041,197,11,6635,0.0326,6324.26,wallet,Kotak,545736,23,0,0,0,0,0,0,0,0,0,0,0,0,12
TXN0003046,2024-02-05T15:08:00,35,M0133,SaaS,mid,C00738,122,5,1977,0.1778,1632.05,wallet,Canara,438493,15,0,0,0,0,0,0,0,0,0,0,0,0,31
TXN0003047,2024-02-05T13:52:00,35,M0026,Retail,high,C01430,24,1,1398,0.0992,6215.66,wallet,SBI,581814,13,0,0,0,0,0,0,0,0,0,0,0,0,34
TXN0003048,2024-02-05T12:10:00,35,M0073,SaaS,high,C00253,122,10,6614,0.0795,4987.22,netbanking,ICICI,469023,12,0,0,0,0,0,0,0,0,0,0,0,0,49
TXN0003049,2024-02-05T05:59:00,35,M0129,Services,low,C00469,906,112,18797,0.0674,6371.52,card,HDFC,485744,5,0,0,0,0,1,0,0,0,0,0,0,0,36
TXN0003050,2024-02-05T09:32:00,35,M0196,Retail,low,C00754,16,4,1368,0.0617,1420.84,wallet,Yes,574726,9,0,0,0,0,0,0,0,0,0,0,0,1,68
TXN0003051,2024-02-05T07:54:00,35,M0121,Food,low,C00207,289,14,6654,0.0346,12402.6,card,Kotak,523338,7,0,0,0,0,1,1,0,0,0,1,1,0,35
TXN0003052,2024-02-05T14:22:00,35,M0010,SaaS,high,C00099,24,1,1989,0.1715,346.49,netbanking,Axis,598213,14,0,0,0,0,0,1,0,0,0,1,1,0,45
TXN0003053,2024-02-05T14:30:00,35,M0102,Retail,high,C00169,92,14,6033,0.1224,3098.8,netbanking,ICICI,452380,14,0,0,0,1,2,0,0,0,0,0,0,0,40
TXN0003054,2024-02-05T07:09:00,35,M0133,SaaS,mid,C00963,178,20,4779,0.0258,4698.04,netbanking,PNB,531022,7,0,0,13,0,2,0,0,0,0,0,0,0,68
TXN0003055,2024-02-05T08:00:00,35,M0127,Food,low,C00611,236,14,3084,0.1764,706.04,upi,HDFC,480708,8,0,0,0,0,2,0,0,0,1,0,0,0,38
TXN0003056,2024-02-05T10:25:00,35,M0188,Logistics,mid,C01306,119,14,5041,0.0461,15838.2,netbanking,SBI,432971,10,0,0,0,0,1,1,0,1,1,1,1,0,26
TXN0003057,2024-02-05T09:23:00,35,M0159,Services,low,C01316,288,6,4550,0.0271,7215.52,wallet,Kotak,481492,9,0,0,0,0,1,0,0,0,0,0,0,0,68
TXN0003058,2024-02-05T17:32:00,35,M0108,Food,high,C00311,23,1,967,0.0137,237.36,card,PNB,591022,17,0,0,0,0,0,0,0,0,0,0,0,0,36
TXN0003059,2024-02-05T14:49:00,35,M0141,Logistics,low,C00349,156,16,5473,0.0569,16656.43,upi,Kotak,576829,14,0,0,7,0,0,0,0,1,1,0,0,0,24
TXN0003060,2024-02-05T06:40:00,35,M0164,Logistics,high,C00465,97,20,3939,0.0191,8527.52,upi,PNB,407506,6,0,0,0,0,2,0,0,0,1,0,0,0,51
TXN0003061,2024-02-05T10:10:00,35,M0158,Retail,low,C01462,24,4,621,0.0321,5705.26,netbanking,Kotak,472035,10,0,0,10,0,2,0,0,1,0,0,0,1,58
TXN0003062,2024-02-05T16:33:00,35,M0149,Services,low,C01191,67,12,1391,0.2025,1515.38,upi,Axis,559483,16,0,0,0,0,1,0,0,0,0,0,0,0,42
TXN0003063,2024-02-05T14:32:00,35,M0035,SaaS,mid,C01345,202,7,1860,0.0767,2223.97,card,PNB,475448,14,0,0,0,0,0,0,0,0,0,0,0,0,28
TXN0003064,2024-02-05T11:34:00,35,M0151,Food,low,C01267,15,3,1733,0.143,993.13,upi,Yes,527208,11,0,0,0,0,0,0,0,0,0,1,1,0,25
TXN0003065,2024-02-05T14:28:00,35,M0134,Services,low,C00295,90,18,6685,0.0351,4351.61,card,ICICI,480425,14,0,0,11,0,0,0,0,0,0,0,0,0,49
TXN0003066,2024-02-05T11:43:00,35,M0159,Services,low,C00448,10,3,1642,0.0153,1134.03,netbanking,ICICI,427727,11,0,0,0,0,0,0,0,0,1,0,0,0,35
TXN0003067,2024-02-05T20:56:00,35,M0124,Retail,low,C00739,126,20,6687,0.0675,4845.83,upi,Canara,596013,20,0,0,0,0,0,0,0,0,0,0,0,0,53
TXN0003068,2024-02-05T07:42:00,35,M0009,Retail,low,C00049,879,66,23901,0.0391,6560.07,card,PNB,598628,7,0,0,0,0,0,0,0,0,0,0,0,0,14
TXN0003069,2024-02-05T17:41:00,35,M0037,Retail,mid,C01244,243,9,3280,0.1395,2945.99,wallet,HDFC,421884,17,0,0,0,0,0,0,0,0,1,0,0,0,44
TXN0003070,2024-02-05T13:08:00,35,M0142,Retail,mid,C01013,873,78,11441,0.016,9693.88,wallet,Kotak,559854,13,0,0,0,0,0,0,0,0,0,0,0,0,24
TXN0003071,2024-02-05T03:10:00,35,M0034,Retail,high,C00266,5,4,714,0.0812,737.89,wallet,Kotak,584175,3,0,0,0,0,1,0,0,0,0,0,0,1,30
TXN0003072,2024-02-05T08:03:00,35,M0035,SaaS,mid,C00106,22,3,1872,0.0279,3142.0,wallet,Axis,497789,8,0,0,0,0,2,0,0,1,1,0,0,1,68
TXN0003073,2024-02-05T10:58:00,35,M0166,SaaS,mid,C00786,74,7,3571,0.0818,6351.75,card,SBI,580156,10,0,0,0,0,0,0,0,0,1,0,0,0,21
TXN0003074,2024-02-05T09:37:00,35,M0017,B2B,low,C00445,21,1,696,0.0372,18543.94,netbanking,Yes,424867,9,0,0,0,0,0,0,0,0,0,0,0,0,21
TXN0003075,2024-02-05T22:53:00,35,M0119,Retail,high,C00861,1000,68,16236,0.0134,14790.12,upi,Canara,409853,22,0,0,0,0,0,0,0,0,1,1,1,0,72
TXN0003076,2024-02-05T17:58:00,35,M0165,Services,low,C00759,9,4,1320,0.1197,3830.32,netbanking,Kotak,433402,17,0,0,0,0,0,0,0,0,1,0,0,0,18
TXN0003077,2024-02-05T18:17:00,35,M0167,SaaS,low,C00337,17,3,855,0.0316,886.94,wallet,Yes,572191,18,0,0,0,0,0,0,0,0,1,0,0,1,28
TXN0003078,2024-02-05T10:00:00,35,M0032,Food,low,C00688,102,19,2995,0.0255,1452.32,netbanking,HDFC,580002,10,0,0,0,0,0,0,0,0,0,0,0,0,66
TXN0003079,2024-02-05T10:09:00,35,M0094,SaaS,high,C00441,144,16,3404,0.0449,1700.12,netbanking,HDFC,484589,10,0,0,0,0,0,0,0,0,0,0,0,0,64
TXN0003080,2024-02-05T21:48:00,35,M0162,Services,high,C01135,10,4,1028,0.1164,1696.56,upi,Canara,513482,21,0,0,0,0,0,1,0,0,0,1,1,0,22
TXN0003081,2024-02-05T23:42:00,35,M0132,Food,mid,C00865,5,3,994,0.0664,1099.66,card,ICICI,469631,23,0,0,0,0,1,0,0,0,0,0,0,0,22
TXN0003082,2024-02-05T10:42:00,35,M0162,Services,high,C00482,125,11,1044,0.1372,3001.94,netbanking,HDFC,538603,10,0,0,0,0,0,0,0,0,0,1,1,0,61
TXN0003083,2024-02-05T04:48:00,35,M0032,Food,low,C01009,228,8,7015,0.0619,5570.39,upi,HDFC,592277,4,0,0,0,0,0,0,0,0,0,1,1,0,46
TXN0003084,2024-02-05T20:55:00,35,M0094,SaaS,high,C00698,85,12,7043,0.0717,3675.63,wallet,PNB,552720,20,0,0,0,0,1,0,0,0,1,0,0,0,28
TXN0003085,2024-02-05T02:19:00,35,M0110,Food,high,C00178,20,4,1085,0.1022,2266.93,upi,ICICI,449783,2,0,0,0,0,1,0,0,0,0,0,0,1,32
TXN0003086,2024-02-05T17:45:00,35,M0001,Retail,high,C01155,18,3,1937,0.0906,924.51,wallet,SBI,429762,17,0,0,0,0,0,0,0,0,0,0,0,1,15
TXN0003087,2024-02-05T10:16:00,35,M0020,B2B,low,C00796,981,110,16531,0.053,62879.98,card,Canara,440592,10,0,0,0,0,0,0,0,0,0,1,1,0,64
TXN0003088,2024-02-05T21:35:00,35,M0109,Services,low,C00218,130,11,6939,0.0871,4107.19,upi,Axis,504108,21,0,0,0,0,0,0,0,0,0,0,0,0,34
TXN0003089,2024-02-05T18:23:00,35,M0179,Services,low,C00975,145,5,5985,0.0929,3158.79,wallet,HDFC,431198,18,0,0,0,0,1,0,0,0,0,0,0,0,54
TXN0003090,2024-02-05T17:13:00,35,M0002,B2B,low,C01003,891,80,14836,0.0225,21293.07,wallet,PNB,484627,17,0,0,0,0,0,0,0,0,1,0,0,0,31
TXN0003091,2024-02-05T08:40:00,35,M0066,Food,mid,C00722,20,3,1090,0.0836,626.42,upi,Yes,557671,8,0,0,0,0,0,0,0,0,1,0,0,0,69
TXN0003092,2024-02-05T09:44:00,35,M0173,Food,high,C01110,168,20,6680,0.0808,1866.98,upi,Kotak,537644,9,0,0,0,0,0,0,0,0,1,0,0,0,36
TXN0003093,2024-02-05T17:25:00,35,M0005,Logistics,high,C00808,20,2,1162,0.047,7642.39,card,Canara,457300,17,0,0,0,0,1,0,0,0,0,0,0,0,47
TXN0003094,2024-02-05T19:45:00,35,M0153,Food,low,C00364,805,83,13477,0.0482,14432.91,upi,Canara,486188,19,0,0,0,0,0,0,0,0,0,0,0,0,50
TXN0003095,2024-02-05T04:25:00,35,M0113,Services,high,C01103,926,64,19115,0.0046,25359.12,card,Axis,454407,4,0,0,0,0,0,0,0,0,1,1,1,0,33
TXN0003096,2024-02-05T08:03:00,35,M0112,Logistics,mid,C00221,849,90,21922,0.0167,11456.34,wallet,Kotak,536606,8,0,0,0,0,0,1,0,0,0,1,1,0,41
TXN0003097,2024-02-05T16:12:00,35,M0081,Logistics,high,C01318,11,3,1462,0.0305,8627.71,netbanking,Canara,462812,16,0,0,0,0,1,0,0,0,0,0,0,0,72
TXN0003098,2024-02-05T13:37:00,35,M0001,Retail,high,C01094,932,69,17616,0.0048,8616.51,card,HDFC,477199,13,0,0,0,0,0,0,0,0,1,1,1,0,18
TXN0003099,2024-02-05T17:23:00,35,M0016,Services,high,C00387,8,4,762,0.1501,2569.94,card,PNB,571236,17,0,0,0,0,0,0,0,0,0,0,0,0,22
TXN0003100,2024-02-05T13:50:00,35,M0171,Retail,low,C00832,105,10,7905,0.0538,10583.53,card,HDFC,551345,13,0,0,0,0,0,0,0,0,0,0,0,0,30
TXN0003101,2024-02-05T14:43:00,35,M0017,B2B,low,C00325,126,10,1254,0.1405,24525.91,card,HDFC,587598,14,0,0,0,0,0,0,0,0,0,1,1,0,56
TXN0003102,2024-02-05T19:17:00,35,M0198,Food,mid,C00451,19,4,1309,0.0308,500.8,upi,Canara,578076,19,0,0,0,0,0,0,0,0,1,0,0,0,53
TXN0003103,2024-02-05T21:29:00,35,M0150,Retail,mid,C00037,235,8,7522,0.0703,3379.69,upi,Canara,474306,21,0,0,0,0,0,0,0,0,0,0,0,0,49
TXN0003104,2024-02-05T13:26:00,35,M0129,Services,low,C00839,9,4,1493,0.0814,427.33,upi,SBI,549868,13,0,0,0,0,0,0,0,0,1,0,0,0,37
TXN0003105,2024-02-05T06:16:00,35,M0183,Retail,mid,C00820,792,100,15240,0.0131,7623.28,wallet,Kotak,565840,6,0,0,0,0,0,0,0,0,0,0,0,0,53
TXN0003106,2024-02-05T04:53:00,35,M0001,Retail,high,C00445,21,1,696,0.0372,929.38,wallet,HDFC,464594,4,0,0,1,1,1,0,0,0,0,1,1,0,35
TXN0003107,2024-02-05T18:12:00,35,M0177,Food,low,C01026,84,9,3649,0.1314,1472.66,upi,Kotak,589276,18,0,0,0,0,1,0,0,0,0,0,0,0,69
TXN0003108,2024-02-05T20:38:00,35,M0096,Food,mid,C00482,125,11,1044,0.1372,1132.02,wallet,HDFC,503935,20,0,0,0,1,1,0,0,0,0,0,0,0,42
TXN0003109,2024-02-05T16:26:00,35,M0136,Logistics,mid,C01490,5,4,570,0.0627,3469.43,card,Kotak,433570,16,0,0,0,0,0,0,0,0,0,0,0,1,20
TXN0003110,2024-02-05T21:32:00,35,M0008,Retail,low,C01310,784,79,24837,0.0081,48506.04,wallet,Kotak,546047,21,0,0,0,0,0,0,0,0,0,1,1,0,59
TXN0003111,2024-02-05T09:34:00,35,M0195,Food,high,C00230,19,3,1131,0.0522,706.34,wallet,HDFC,415614,9,0,0,0,0,0,0,0,0,0,0,0,0,71
TXN0003112,2024-02-05T20:25:00,35,M0135,Retail,low,C01138,18,4,1038,0.3389,4805.92,upi,HDFC,445014,20,0,0,0,0,1,0,1,0,1,1,1,0,48
TXN0003113,2024-02-05T14:08:00,35,M0034,Retail,high,C00146,81,16,1554,0.283,1581.13,card,PNB,464151,14,0,0,0,0,0,0,0,0,0,0,0,0,70
TXN0003114,2024-02-05T08:09:00,35,M0056,Retail,low,C01361,202,18,6341,0.0707,1451.3,netbanking,SBI,465704,8,0,0,0,0,0,1,0,0,0,0,1,1,13
TXN0003115,2024-02-05T08:25:00,35,M0162,Services,high,C00347,7,3,1414,0.0066,4936.94,card,PNB,589199,8,0,0,0,0,0,0,0,0,0,0,0,1,41
TXN0003116,2024-02-06T17:21:00,36,M0042,Logistics,mid,C01393,160,7,3841,0.0843,10893.98,wallet,Kotak,597500,17,1,0,0,0,0,0,0,0,0,1,1,0,66
TXN0003117,2024-02-06T16:26:00,36,M0137,B2B,mid,C00704,116,9,5699,0.0142,22770.09,card,SBI,517765,16,1,0,0,0,0,0,0,0,0,1,1,0,72
TXN0003118,2024-02-06T16:47:00,36,M0080,Logistics,low,C00623,774,92,18298,0.0518,13361.56,netbanking,SBI,458546,16,1,0,0,0,0,0,0,0,0,1,1,0,66
TXN0003119,2024-02-06T22:40:00,36,M0172,Food,mid,C01130,848,77,24437,0.0028,3982.61,wallet,Canara,452887,22,1,0,0,0,0,0,0,0,0,0,0,0,51
TXN0003120,2024-02-06T07:07:00,36,M0003,SaaS,low,C01320,13,4,1792,0.1094,1380.62,card,SBI,402300,7,1,0,0,0,0,0,0,0,0,0,0,1,67
TXN0003121,2024-02-06T12:23:00,36,M0111,Logistics,low,C00933,21,4,928,0.1246,9135.4,card,SBI,415371,12,1,0,8,0,1,0,0,0,0,0,0,0,25
TXN0003122,2024-02-06T14:03:00,36,M0150,Retail,mid,C00024,184,12,3249,0.0951,4265.37,wallet,ICICI,487621,14,1,0,0,0,1,0,0,0,1,0,0,0,41
TXN0003123,2024-02-06T10:03:00,36,M0128,B2B,high,C01188,22,1,1190,0.1683,42667.25,netbanking,Yes,496547,10,1,0,0,0,0,0,0,0,0,1,1,0,15
TXN0003124,2024-02-06T21:58:00,36,M0146,Food,mid,C00979,877,53,10504,0.0387,6898.89,wallet,Yes,481798,21,1,0,11,0,0,0,0,0,0,0,0,0,25
TXN0003125,2024-02-06T05:31:00,36,M0046,SaaS,high,C00543,202,16,7598,0.0093,9007.12,card,ICICI,410422,5,1,0,0,0,0,0,0,0,0,1,1,0,15
TXN0003126,2024-02-06T12:02:00,36,M0154,Retail,low,C00904,204,10,1535,0.1432,4918.8,upi,Yes,469905,12,1,0,0,0,0,0,0,0,1,0,0,0,61
TXN0003127,2024-02-06T22:48:00,36,M0089,Food,low,C01023,277,12,6737,0.1289,2666.02,netbanking,Canara,592378,22,1,0,0,0,0,0,0,0,0,0,0,0,68
TXN0003128,2024-02-06T20:45:00,36,M0147,SaaS,mid,C00019,767,108,16580,0.0404,6361.3,upi,ICICI,511094,20,1,0,0,0,0,0,0,0,0,0,0,0,36
TXN0003129,2024-02-06T09:40:00,36,M0029,Retail,high,C01442,13,1,1831,0.0407,1298.34,netbanking,Kotak,469821,9,1,0,0,0,0,0,0,0,0,0,0,1,33
TXN0003130,2024-02-06T09:08:00,36,M0186,B2B,mid,C00655,24,1,1087,0.1257,12047.38,card,PNB,545144,9,1,0,0,0,0,0,0,0,1,0,0,0,14
TXN0003131,2024-02-06T22:40:00,36,M0142,Retail,mid,C00612,15,3,1311,0.1636,1283.14,netbanking,Axis,460706,22,1,0,0,0,0,0,0,0,0,0,0,1,53
TXN0003132,2024-02-06T10:50:00,36,M0141,Logistics,low,C01238,107,9,7705,0.1555,26770.68,card,Yes,443704,10,1,0,0,0,1,0,0,0,0,1,1,0,68
TXN0003133,2024-02-06T18:14:00,36,M0142,Retail,mid,C00060,7,2,1880,0.1375,8015.9,wallet,Yes,419908,18,1,0,14,0,1,0,0,0,1,0,0,1,63
TXN0003134,2024-02-06T20:28:00,36,M0016,Services,high,C01242,801,109,18019,0.0054,12548.86,wallet,PNB,400809,20,1,0,0,0,0,0,0,0,0,0,0,0,71
TXN0003135,2024-02-06T14:52:00,36,M0186,B2B,mid,C00539,88,12,6184,0.0646,12589.46,netbanking,HDFC,539045,14,1,0,0,0,0,0,1,0,1,0,1,0,15
TXN0003136,2024-02-06T07:18:00,36,M0162,Services,high,C01101,22,3,1785,0.1531,1563.47,upi,ICICI,599713,7,1,0,0,0,0,1,0,0,0,1,1,0,70
TXN0003137,2024-02-06T12:00:00,36,M0177,Food,low,C00933,21,4,928,0.1246,754.12,wallet,HDFC,503362,12,1,0,11,1,2,0,0,0,0,0,0,0,72
TXN0003138,2024-02-06T18:17:00,36,M0082,B2B,high,C01330,256,7,6365,0.0174,41438.34,upi,Yes,451687,18,1,0,0,0,1,0,0,0,0,1,1,0,69
TXN0003139,2024-02-06T05:10:00,36,M0100,Retail,low,C00524,820,108,23678,0.0222,9770.34,card,Axis,481932,5,1,0,0,0,0,0,0,1,0,0,1,1,36
TXN0003140,2024-02-06T21:46:00,36,M0131,Logistics,high,C01095,777,113,8947,0.0105,31272.85,netbanking,Kotak,417277,21,1,0,0,0,0,0,0,0,0,0,0,0,19
TXN0003141,2024-02-06T07:09:00,36,M0152,Retail,high,C00136,918,106,18128,0.0252,10125.35,upi,Axis,573656,7,1,0,0,0,2,0,0,0,1,1,1,0,67
TXN0003142,2024-02-06T10:09:00,36,M0029,Retail,high,C00684,263,8,4737,0.1664,2673.89,netbanking,Kotak,439806,10,1,0,13,0,1,0,0,0,1,0,0,0,12
TXN0003143,2024-02-06T23:11:00,36,M0178,Logistics,low,C00291,19,1,1376,0.0577,5683.11,card,Kotak,460111,23,1,0,11,0,0,0,0,0,0,0,0,1,52
TXN0003144,2024-02-06T02:50:00,36,M0198,Food,mid,C01106,884,86,14415,0.044,5983.3,card,Canara,483861,2,1,0,0,0,0,0,0,0,0,1,1,0,68
TXN0003145,2024-02-06T08:08:00,36,M0115,Services,high,C00787,228,7,4251,0.029,6502.68,upi,Yes,421183,8,1,0,0,0,1,0,0,0,1,0,0,0,34
TXN0003146,2024-02-06T18:07:00,36,M0072,SaaS,high,C00200,274,10,1297,0.0557,229.77,wallet,SBI,463287,18,1,0,0,0,0,1,0,0,0,1,1,0,59
TXN0003147,2024-02-06T12:42:00,36,M0136,Logistics,mid,C00856,21,4,967,0.023,4361.21,netbanking,PNB,555944,12,1,0,0,0,1,0,0,0,1,0,0,0,40
TXN0003148,2024-02-06T16:11:00,36,M0072,SaaS,high,C01218,166,13,3533,0.0365,5863.83,card,Canara,534378,16,1,0,0,0,1,0,1,0,0,1,1,0,65
TXN0003149,2024-02-06T20:36:00,36,M0000,Logistics,low,C00138,299,8,6827,0.2364,12952.34,upi,Axis,409798,20,1,0,0,0,0,0,0,0,0,0,0,0,43
TXN0003150,2024-02-06T08:42:00,36,M0026,Retail,high,C00296,15,3,1112,0.0281,1986.73,netbanking,Kotak,529859,8,1,0,0,0,0,0,0,0,0,0,0,0,63
TXN0003151,2024-02-06T09:44:00,36,M0196,Retail,low,C00265,207,12,4651,0.0618,2224.01,card,PNB,440985,9,1,0,0,0,0,0,0,0,0,0,0,0,67
TXN0003152,2024-02-06T12:27:00,36,M0076,Services,high,C00973,124,8,5914,0.0658,4599.64,upi,Canara,478726,12,1,0,10,0,0,0,0,0,0,0,0,0,72
TXN0003153,2024-02-06T04:28:00,36,M0165,Services,low,C01269,294,12,4633,0.1214,3981.94,upi,Axis,574215,4,1,0,0,0,0,1,0,0,1,0,1,0,38
TXN0003154,2024-02-06T13:20:00,36,M0177,Food,low,C01051,974,66,11488,0.0002,17753.17,upi,HDFC,552709,13,1,0,0,0,0,0,0,0,0,0,0,0,68
TXN0003155,2024-02-06T13:49:00,36,M0122,Retail,low,C00479,950,116,16784,0.0125,17001.65,upi,Canara,598001,13,1,0,0,0,0,0,0,0,0,0,0,1,35
TXN0003156,2024-02-06T11:45:00,36,M0198,Food,mid,C00037,235,8,7522,0.0703,3924.05,upi,ICICI,565155,11,1,0,0,1,1,0,0,0,0,0,0,0,46
TXN0003157,2024-02-06T21:37:00,36,M0092,Food,low,C01180,289,7,4681,0.1057,2420.13,wallet,PNB,427943,21,1,0,0,0,0,0,0,0,1,0,0,0,54
TXN0003158,2024-02-06T08:32:00,36,M0121,Food,low,C01185,768,103,17260,0.0082,24588.85,netbanking,HDFC,565673,8,1,0,0,0,0,0,0,0,0,0,0,0,30
TXN0003159,2024-02-06T16:26:00,36,M0084,B2B,mid,C00475,116,18,5922,0.0285,91137.96,netbanking,HDFC,436560,16,1,0,1,0,3,0,0,0,0,1,1,0,39
TXN0003160,2024-02-06T11:07:00,36,M0129,Services,low,C00998,188,8,4691,0.1272,4908.54,upi,Yes,497238,11,1,0,0,0,1,0,1,0,0,1,1,0,18
TXN0003161,2024-02-06T07:58:00,36,M0150,Retail,mid,C01083,194,5,2367,0.1078,3822.06,card,HDFC,480932,7,1,0,0,0,0,0,0,0,0,0,0,0,46
TXN0003162,2024-02-06T05:30:00,36,M0175,Food,low,C00279,256,20,5503,0.1075,8674.84,upi,SBI,500933,5,1,0,0,0,0,0,0,0,0,0,0,0,61
TXN0003163,2024-02-06T16:28:00,36,M0147,SaaS,mid,C00467,240,13,7839,0.1495,11029.74,wallet,HDFC,458513,16,1,0,0,0,1,0,0,0,0,0,0,0,24
TXN0003164,2024-02-06T11:30:00,36,M0088,Food,low,C00767,156,19,4765,0.0133,1988.8,netbanking,SBI,411603,11,1,0,0,0,1,0,0,0,0,0,0,0,36
TXN0003165,2024-02-06T12:06:00,36,M0178,Logistics,low,C00501,292,11,5087,0.1788,24319.19,upi,ICICI,446387,12,1,0,0,0,0,0,0,0,0,0,0,0,49
TXN0003166,2024-02-06T22:09:00,36,M0016,Services,high,C00621,888,91,7695,0.0354,2711.87,card,Canara,420616,22,1,0,0,0,0,0,0,0,0,0,0,0,52
TXN0003167,2024-02-06T16:36:00,36,M0140,Logistics,high,C00037,235,8,7522,0.0703,1976.03,wallet,Axis,451969,16,1,0,0,2,2,0,0,0,0,0,0,0,42
TXN0003168,2024-02-06T16:43:00,36,M0130,Food,low,C01407,25,1,1282,0.1029,1613.55,upi,Axis,513485,16,1,0,0,0,0,0,0,0,0,0,0,0,44
TXN0003169,2024-02-06T12:01:00,36,M0127,Food,low,C00200,274,10,1297,0.0557,1220.85,card,SBI,532118,12,1,0,1,1,1,1,0,0,0,1,1,0,55
TXN0003170,2024-02-06T09:39:00,36,M0185,Food,high,C00235,294,6,5292,0.0091,1261.45,wallet,HDFC,589819,9,1,0,0,0,0,1,0,0,0,1,1,0,68
TXN0003171,2024-02-06T22:06:00,36,M0167,SaaS,low,C01234,278,9,3464,0.0809,1564.36,card,Axis,489177,22,1,0,0,0,0,0,0,0,0,0,0,0,49
TXN0003172,2024-02-06T10:13:00,36,M0014,Logistics,high,C00124,769,61,23152,0.0186,39296.44,card,HDFC,429156,10,1,0,0,0,0,0,1,0,0,1,1,0,37
TXN0003173,2024-02-06T07:45:00,36,M0013,Logistics,high,C01252,732,96,16370,0.0138,30593.42,wallet,SBI,503843,7,1,0,0,0,0,0,0,0,0,1,1,0,57
TXN0003174,2024-02-06T14:46:00,36,M0103,Services,low,C01236,957,100,4823,0.0537,5044.96,netbanking,HDFC,454683,14,1,0,1,0,1,0,0,0,0,1,1,0,55
TXN0003175,2024-02-06T16:39:00,36,M0112,Logistics,mid,C00164,66,16,5538,0.1122,4279.3,upi,ICICI,586681,16,1,0,0,0,0,0,0,0,1,0,0,0,34
TXN0003176,2024-02-06T03:10:00,36,M0147,SaaS,mid,C00951,107,11,1569,0.0432,1172.04,upi,ICICI,405506,3,1,0,0,0,0,0,1,0,1,1,1,0,61
TXN0003177,2024-02-06T20:49:00,36,M0118,Retail,mid,C00342,78,16,6771,0.0366,3397.51,wallet,Axis,491855,20,1,0,0,0,0,1,0,0,0,1,1,0,54
TXN0003178,2024-02-06T08:33:00,36,M0037,Retail,mid,C00594,111,19,1738,0.0355,1093.06,card,PNB,444783,8,1,0,0,0,1,1,0,0,1,1,1,0,57
TXN0003179,2024-02-06T21:21:00,36,M0026,Retail,high,C00511,261,20,3457,0.0646,11690.96,upi,PNB,582452,21,1,0,0,0,1,0,0,0,0,0,0,0,65
TXN0003180,2024-02-06T15:35:00,36,M0122,Retail,low,C00291,19,1,1376,0.0577,3582.44,card,Canara,421907,15,1,0,1,1,1,0,0,0,1,0,0,0,19
TXN0003181,2024-02-06T15:59:00,36,M0160,Services,mid,C00823,200,17,1758,0.0443,13913.27,upi,ICICI,444262,15,1,0,0,0,0,0,1,0,1,1,1,0,20
TXN0003182,2024-02-06T08:33:00,36,M0090,Logistics,mid,C01104,912,59,23175,0.0085,34047.9,upi,SBI,443761,8,1,0,0,0,0,0,0,0,1,0,0,0,18
TXN0003183,2024-02-06T17:35:00,36,M0055,Services,mid,C00765,193,20,7494,0.0847,10217.05,netbanking,SBI,432104,17,1,0,0,0,1,0,0,0,1,0,0,1,63
TXN0003184,2024-02-06T08:07:00,36,M0001,Retail,high,C00702,223,10,5735,0.0252,5595.23,netbanking,Kotak,452322,8,1,0,0,0,0,0,0,0,0,0,0,0,17
TXN0003185,2024-02-06T18:42:00,36,M0059,Logistics,mid,C00850,147,16,7302,0.0202,23321.58,netbanking,Yes,400803,18,1,0,0,0,0,0,0,0,0,0,0,0,21
TXN0003186,2024-02-06T15:05:00,36,M0071,Retail,low,C00140,942,56,15991,0.0155,3917.7,card,Kotak,507279,15,1,0,0,0,1,1,0,0,0,1,1,0,22
TXN0003187,2024-02-06T11:50:00,36,M0093,SaaS,mid,C01473,249,18,1175,0.0682,3338.68,upi,HDFC,440518,11,1,0,0,0,0,0,0,0,0,0,0,0,50
TXN0003188,2024-02-06T21:43:00,36,M0185,Food,high,C01335,21,4,541,0.0082,639.73,upi,PNB,433491,21,1,0,0,0,0,0,0,0,0,0,0,1,67
TXN0003189,2024-02-06T18:01:00,36,M0056,Retail,low,C00578,267,6,6126,0.0334,14228.32,wallet,Kotak,555189,18,1,0,0,0,1,0,0,0,0,0,0,0,37
TXN0003190,2024-02-06T13:55:00,36,M0123,Logistics,high,C00411,20,1,1342,0.0729,15856.22,wallet,HDFC,483023,13,1,0,0,0,0,0,0,0,1,0,0,1,60
TXN0003191,2024-02-06T17:16:00,36,M0060,Services,high,C00845,903,109,7297,0.0375,14628.1,wallet,HDFC,561322,17,1,0,0,0,0,0,0,0,1,0,0,1,35
TXN0003192,2024-02-06T11:56:00,36,M0053,Retail,low,C01296,939,96,5611,0.0086,6594.15,netbanking,Kotak,512201,11,1,0,0,0,1,1,0,0,0,1,1,0,69
TXN0003193,2024-02-06T08:33:00,36,M0102,Retail,high,C00468,210,7,5232,0.0611,4158.96,netbanking,Canara,568305,8,1,0,0,0,0,0,0,0,0,0,0,0,33
TXN0003194,2024-02-06T15:10:00,36,M0068,B2B,low,C00224,141,18,4344,0.0297,22795.9,netbanking,Axis,560029,15,1,0,0,1,1,0,0,0,0,0,0,1,12
TXN0003195,2024-02-06T10:32:00,36,M0083,B2B,low,C00048,132,8,7820,0.0412,24925.11,card,HDFC,463107,10,1,0,0,0,1,0,0,0,1,0,0,1,34
TXN0003196,2024-02-06T07:13:00,36,M0199,SaaS,mid,C01312,5,3,916,0.0576,2010.43,netbanking,Kotak,554334,7,1,0,0,0,1,0,0,0,0,1,1,0,46
TXN0003197,2024-02-06T19:01:00,36,M0016,Services,high,C00423,297,8,7325,0.0946,4136.16,upi,PNB,530899,19,1,0,0,0,0,0,0,0,0,0,0,0,67
TXN0003198,2024-02-06T10:33:00,36,M0150,Retail,mid,C00773,866,52,18391,0.0182,10241.93,wallet,ICICI,415828,10,1,0,0,0,1,0,0,0,0,0,0,0,44
TXN0003199,2024-02-06T18:04:00,36,M0151,Food,low,C00594,111,19,1738,0.0355,3410.82,upi,Yes,594237,18,1,0,0,1,2,0,0,0,0,0,0,0,70
TXN0003200,2024-02-06T21:13:00,36,M0020,B2B,low,C00867,176,15,2934,0.1788,26732.93,wallet,PNB,549466,21,1,0,0,0,0,0,0,0,0,0,0,0,45
TXN0003201,2024-02-06T08:51:00,36,M0109,Services,low,C01260,748,94,5318,0.0544,1850.93,upi,Kotak,548271,8,1,0,0,0,1,0,0,0,0,0,0,0,14
TXN0003202,2024-02-06T09:56:00,36,M0053,Retail,low,C01129,210,6,3376,0.0541,2173.32,netbanking,HDFC,532119,9,1,0,0,0,0,0,0,0,1,0,0,0,34
TXN0003203,2024-02-06T10:14:00,36,M0096,Food,mid,C00028,842,112,10190,0.0064,10445.79,card,Yes,471126,10,1,0,0,0,1,1,0,0,0,0,1,0,17
TXN0003204,2024-02-06T20:31:00,36,M0059,Logistics,mid,C00406,233,15,4489,0.2614,14086.41,wallet,Axis,496958,20,1,0,0,0,1,0,0,0,0,0,0,0,72
TXN0003205,2024-02-06T12:28:00,36,M0073,SaaS,high,C01161,141,15,2396,0.4262,1233.71,card,Kotak,538127,12,1,0,0,0,0,0,0,0,0,0,0,0,33
TXN0003206,2024-02-06T13:02:00,36,M0027,Services,high,C01405,22,1,758,0.1553,1506.96,card,HDFC,418463,13,1,0,0,0,1,0,1,0,0,1,1,0,45
TXN0003207,2024-02-06T04:21:00,36,M0161,Services,mid,C00317,15,1,1846,0.0784,3835.37,card,Kotak,483427,4,1,0,0,0,1,0,0,0,0,0,0,0,56
TXN0003208,2024-02-06T06:32:00,36,M0019,Services,mid,C01425,25,4,1901,0.0218,2143.19,wallet,HDFC,486898,6,1,0,0,0,1,0,0,0,1,0,0,0,70
TXN0003209,2024-02-06T07:52:00,36,M0077,Services,high,C01119,9,1,1815,0.0138,4014.52,upi,Kotak,534913,7,1,0,0,0,0,0,0,0,0,0,0,1,16
TXN0003210,2024-02-06T06:29:00,36,M0135,Retail,low,C01087,13,1,850,0.0532,3591.43,wallet,ICICI,536437,6,1,0,0,0,0,0,0,0,1,0,0,1,17
TXN0003211,2024-02-07T12:38:00,37,M0105,SaaS,high,C00642,294,16,1731,0.1075,834.36,card,ICICI,588373,12,2,0,0,0,0,0,0,0,0,0,0,0,50
TXN0003212,2024-02-07T09:06:00,37,M0135,Retail,low,C00649,917,54,4240,0.0152,2164.42,wallet,Axis,504729,9,2,0,0,0,0,1,0,0,1,1,1,0,69
TXN0003213,2024-02-07T02:01:00,37,M0027,Services,high,C00725,15,3,802,0.0878,3967.84,wallet,ICICI,522091,2,2,0,0,0,2,0,0,0,1,0,0,0,48
TXN0003214,2024-02-07T10:26:00,37,M0082,B2B,high,C00138,299,8,6827,0.2364,34890.26,card,Canara,444843,10,2,0,0,1,1,0,0,0,1,1,1,0,64
TXN0003215,2024-02-07T19:14:00,37,M0138,Services,mid,C01440,21,3,1571,0.0698,2322.75,card,SBI,401192,19,2,0,0,0,0,0,0,0,1,0,0,1,20
TXN0003216,2024-02-07T12:42:00,37,M0113,Services,high,C01270,194,13,3612,0.2041,2915.92,netbanking,ICICI,518704,12,2,0,0,0,0,1,1,0,0,1,1,0,46
TXN0003217,2024-02-07T17:07:00,37,M0140,Logistics,high,C01457,175,14,4484,0.2094,11115.0,upi,PNB,406308,17,2,0,0,0,1,0,0,0,0,0,0,0,69
TXN0003218,2024-02-07T21:51:00,37,M0053,Retail,low,C00280,751,106,20902,0.0051,12038.93,card,SBI,558149,21,2,0,0,0,0,0,0,0,1,0,0,0,61
TXN0003219,2024-02-07T06:12:00,37,M0041,B2B,low,C00673,806,50,4239,0.0236,10878.42,card,HDFC,470183,6,2,0,0,0,1,0,0,0,1,0,0,0,33
TXN0003220,2024-02-07T08:12:00,37,M0187,SaaS,high,C01023,277,12,6737,0.1289,5551.67,card,Axis,542266,8,2,0,0,1,1,0,0,0,1,0,0,1,45
TXN0003221,2024-02-07T04:59:00,37,M0087,Logistics,mid,C01321,14,2,1098,0.1209,7643.13,wallet,Axis,594051,4,2,0,0,0,2,1,0,0,0,1,1,0,15
TXN0003222,2024-02-07T17:55:00,37,M0116,Services,low,C00282,851,76,22265,0.0191,22634.67,netbanking,Canara,596998,17,2,0,0,0,0,0,0,0,1,0,0,0,13
TXN0003223,2024-02-07T10:46:00,37,M0034,Retail,high,C01418,16,4,1350,0.0837,673.92,upi,SBI,473314,10,2,0,0,0,0,0,0,0,0,0,0,1,69
TXN0003224,2024-02-07T19:09:00,37,M0090,Logistics,mid,C01343,14,3,808,0.014,11408.12,card,SBI,544391,19,2,0,0,0,0,0,0,0,0,0,0,1,64
TXN0003225,2024-02-07T03:19:00,37,M0019,Services,mid,C00402,21,2,1233,0.2154,1682.21,wallet,SBI,444359,3,2,0,0,0,0,1,0,0,0,1,1,0,63
TXN0003226,2024-02-07T13:17:00,37,M0154,Retail,low,C00273,104,14,6033,0.1228,4268.75,wallet,PNB,438204,13,2,0,0,0,0,0,0,0,0,0,0,0,33
TXN0003227,2024-02-07T14:35:00,37,M0173,Food,high,C00752,85,5,5332,0.0525,3408.55,netbanking,ICICI,462351,14,2,0,0,0,2,0,0,0,1,0,0,0,63
TXN0003228,2024-02-07T05:09:00,37,M0195,Food,high,C01393,160,7,3841,0.0843,3980.01,netbanking,PNB,576603,5,2,0,0,1,1,0,0,0,0,1,1,0,67
TXN0003229,2024-02-07T10:44:00,37,M0102,Retail,high,C01434,25,1,1438,0.0566,1377.55,upi,PNB,429324,10,2,0,0,0,0,0,0,0,1,0,0,1,58
TXN0003230,2024-02-07T19:51:00,37,M0057,Food,high,C00599,124,5,4757,0.0733,10178.14,netbanking,Axis,515336,19,2,0,0,0,0,0,0,0,0,0,0,0,68
TXN0003231,2024-02-07T13:19:00,37,M0089,Food,low,C00556,22,2,1268,0.1906,1181.27,wallet,PNB,534976,13,2,0,0,0,1,0,0,0,0,0,0,1,32
TXN0003232,2024-02-07T15:19:00,37,M0090,Logistics,mid,C00011,15,3,642,0.1639,23909.84,netbanking,HDFC,415699,15,2,0,0,0,0,0,0,0,0,1,1,0,39
TXN0003233,2024-02-07T19:46:00,37,M0197,Food,low,C01181,195,16,4262,0.0149,3947.81,wallet,Kotak,519869,19,2,0,0,0,0,0,0,0,1,0,0,0,62
TXN0003234,2024-02-07T08:40:00,37,M0016,Services,high,C00759,9,4,1320,0.1197,1886.99,card,HDFC,471425,8,2,0,0,0,1,0,0,0,1,0,0,0,15
TXN0003235,2024-02-07T15:40:00,37,M0073,SaaS,high,C00285,799,102,4942,0.075,5093.35,netbanking,Canara,507668,15,2,0,0,0,1,0,0,0,0,0,0,0,54
TXN0003236,2024-02-07T14:23:00,37,M0082,B2B,high,C00962,162,11,4249,0.0132,13644.9,upi,Kotak,410700,14,2,0,0,0,0,0,0,0,0,0,0,0,65
TXN0003237,2024-02-07T19:37:00,37,M0064,Food,high,C00847,82,20,2057,0.0392,1563.22,netbanking,Kotak,435590,19,2,0,0,0,0,0,0,0,1,0,0,0,29
TXN0003238,2024-02-07T17:48:00,37,M0070,Services,low,C00257,237,11,4924,0.0529,5322.17,netbanking,Yes,408927,17,2,0,0,0,0,0,0,0,1,0,0,0,72
TXN0003239,2024-02-07T10:20:00,37,M0179,Services,low,C00619,137,11,5301,0.0478,2805.54,upi,SBI,400776,10,2,0,12,0,0,0,0,0,1,0,0,0,15
TXN0003240,2024-02-07T21:32:00,37,M0065,B2B,high,C00180,200,13,7760,0.0326,14859.77,upi,ICICI,427552,21,2,0,0,0,0,0,0,0,0,0,0,0,33
TXN0003241,2024-02-07T04:45:00,37,M0041,B2B,low,C00808,20,2,1162,0.047,32104.33,card,Canara,428760,4,2,0,0,0,1,0,0,0,0,1,1,0,25
TXN0003242,2024-02-07T22:53:00,37,M0199,SaaS,mid,C00028,842,112,10190,0.0064,7874.33,card,Kotak,595880,22,2,0,0,0,1,0,0,0,0,0,0,0,65
TXN0003243,2024-02-07T14:29:00,37,M0072,SaaS,high,C01155,18,3,1937,0.0906,1032.1,wallet,Axis,448292,14,2,0,7,0,1,0,0,0,1,0,0,0,57
TXN0003244,2024-02-07T22:32:00,37,M0188,Logistics,mid,C00164,66,16,5538,0.1122,10428.14,upi,PNB,512787,22,2,0,0,0,1,0,0,0,0,0,0,0,39
TXN0003245,2024-02-07T16:48:00,37,M0057,Food,high,C00703,274,19,3286,0.0064,1863.92,netbanking,SBI,429956,16,2,0,0,0,0,0,0,0,0,0,0,0,41
TXN0003246,2024-02-07T20:10:00,37,M0045,Food,high,C01343,14,3,808,0.014,459.09,card,Kotak,458664,20,2,0,0,1,1,0,0,0,1,0,0,0,64
TXN0003247,2024-02-07T02:47:00,37,M0189,SaaS,mid,C00679,25,4,888,0.0293,1130.77,wallet,Canara,509029,2,2,0,0,0,0,0,0,0,0,0,0,0,69
TXN0003248,2024-02-07T16:09:00,37,M0133,SaaS,mid,C00741,993,74,23579,0.0051,5461.13,wallet,PNB,534390,16,2,0,0,0,1,0,0,0,0,0,0,0,63
TXN0003249,2024-02-07T06:59:00,37,M0103,Services,low,C00659,113,16,1445,0.1625,2862.7,upi,Axis,414297,6,2,0,0,0,0,0,0,0,0,0,0,0,19
TXN0003250,2024-02-07T18:19:00,37,M0096,Food,mid,C01022,974,77,19220,0.0059,11926.89,wallet,SBI,491909,18,2,0,0,0,0,0,0,0,1,0,0,1,63
TXN0003251,2024-02-07T09:40:00,37,M0011,Food,low,C01198,23,3,1138,0.1846,1041.74,netbanking,ICICI,579391,9,2,0,0,0,0,1,0,0,1,0,1,1,65
TXN0003252,2024-02-07T23:38:00,37,M0196,Retail,low,C00990,18,3,1979,0.06,1351.91,card,ICICI,429876,23,2,0,0,0,0,0,0,0,0,1,1,0,53
TXN0003253,2024-02-07T20:43:00,37,M0155,SaaS,mid,C00715,271,14,4702,0.0777,10921.49,wallet,SBI,497792,20,2,0,0,0,0,0,0,0,0,0,0,0,29
TXN0003254,2024-02-07T09:13:00,37,M0007,Food,mid,C01326,15,3,1882,0.0626,875.47,wallet,HDFC,592100,9,2,0,0,0,0,1,0,0,1,1,1,0,42
TXN0003255,2024-02-07T10:14:00,37,M0144,Retail,low,C00057,299,11,4482,0.0391,5717.37,wallet,Canara,590369,10,2,0,0,0,0,0,0,0,0,0,0,0,44
TXN0003256,2024-02-07T15:05:00,37,M0039,Logistics,mid,C00794,294,13,3464,0.0308,7768.27,wallet,Canara,429556,15,2,0,0,0,0,0,0,0,1,0,0,0,21
TXN0003257,2024-02-07T07:21:00,37,M0199,SaaS,mid,C00441,144,16,3404,0.0449,2578.26,upi,HDFC,493608,7,2,0,0,0,1,0,0,0,0,0,0,0,33
TXN0003258,2024-02-07T13:08:00,37,M0010,SaaS,high,C01341,25,1,695,0.0686,878.58,netbanking,HDFC,410913,13,2,0,0,0,0,0,0,0,1,0,0,0,47
TXN0003259,2024-02-07T13:36:00,37,M0161,Services,mid,C01253,293,20,2557,0.2042,2650.86,card,Kotak,476581,13,2,0,0,0,0,0,0,0,0,0,0,0,36
TXN0003260,2024-02-07T08:05:00,37,M0155,SaaS,mid,C00004,9,3,830,0.1613,1192.23,wallet,HDFC,401423,8,2,0,0,0,0,0,0,0,0,0,0,1,17
TXN0003261,2024-02-07T15:45:00,37,M0154,Retail,low,C00517,15,2,1142,0.0701,2039.32,wallet,HDFC,486032,15,2,0,0,0,1,1,0,0,1,0,1,1,31
TXN0003262,2024-02-07T20:08:00,37,M0071,Retail,low,C00448,10,3,1642,0.0153,1940.32,netbanking,SBI,595140,20,2,0,0,0,1,1,0,0,0,1,1,0,25
TXN0003263,2024-02-07T15:08:00,37,M0196,Retail,low,C00980,292,12,7565,0.1281,3599.92,upi,Kotak,506245,15,2,0,0,0,1,0,0,0,0,0,0,0,33
TXN0003264,2024-02-07T15:19:00,37,M0065,B2B,high,C00901,13,3,892,0.0292,12296.03,card,Axis,437994,15,2,0,0,0,0,0,0,0,1,1,1,0,43
TXN0003265,2024-02-07T19:17:00,37,M0028,Retail,mid,C00172,224,14,4956,0.0526,2115.03,card,Kotak,471961,19,2,0,0,0,0,0,0,1,0,0,0,0,21
TXN0003266,2024-02-07T23:02:00,37,M0184,Logistics,high,C01090,81,13,6915,0.0376,7500.94,wallet,PNB,477647,23,2,0,0,0,0,0,0,0,1,0,0,0,26
TXN0003267,2024-02-07T06:11:00,37,M0182,Retail,high,C00428,11,3,1906,0.0571,948.94,card,Canara,522464,6,2,0,0,0,1,0,0,0,1,0,0,0,16
TXN0003268,2024-02-07T20:36:00,37,M0103,Services,low,C00253,122,10,6614,0.0795,4554.75,card,HDFC,523875,20,2,0,0,0,1,1,0,0,0,1,1,0,33
TXN0003269,2024-02-07T09:40:00,37,M0186,B2B,mid,C01449,25,4,501,0.0588,22687.77,upi,Axis,527594,9,2,0,0,0,0,0,0,0,0,0,0,1,43
TXN0003270,2024-02-07T07:55:00,37,M0071,Retail,low,C01035,242,10,4320,0.0826,3005.11,netbanking,Axis,569139,7,2,0,0,0,1,0,0,0,0,0,0,0,30
TXN0003271,2024-02-07T23:29:00,37,M0178,Logistics,low,C00167,951,114,4815,0.0341,23122.76,netbanking,ICICI,497883,23,2,0,0,0,0,0,0,0,0,1,1,0,54
TXN0003272,2024-02-07T09:44:00,37,M0066,Food,mid,C00310,19,3,613,0.0983,761.33,netbanking,SBI,439285,9,2,0,0,0,0,1,0,0,0,0,1,1,21
TXN0003273,2024-02-07T17:42:00,37,M0181,Food,high,C01140,83,16,4816,0.0681,2346.9,card,Kotak,529564,17,2,0,0,0,0,0,0,0,0,0,0,0,44
TXN0003274,2024-02-07T17:02:00,37,M0155,SaaS,mid,C00501,292,11,5087,0.1788,2405.96,wallet,ICICI,490987,17,2,0,0,0,1,0,0,0,0,0,0,0,49
TXN0003275,2024-02-07T11:43:00,37,M0067,Food,mid,C01159,941,100,3249,0.047,3458.59,card,PNB,459754,11,2,0,0,0,0,0,0,0,0,1,1,0,13
TXN0003276,2024-02-07T11:08:00,37,M0097,Services,low,C01028,11,1,1241,0.1348,2609.7,netbanking,PNB,473771,11,2,0,0,0,0,1,0,0,0,1,1,0,70
TXN0003277,2024-02-07T00:28:00,37,M0144,Retail,low,C01198,23,3,1138,0.1846,1680.24,netbanking,SBI,434962,0,2,0,1,1,1,0,0,0,0,1,1,0,18
TXN0003278,2024-02-07T20:21:00,37,M0034,Retail,high,C00614,901,109,16564,0.0653,9352.64,upi,PNB,513333,20,2,0,13,0,0,0,0,0,0,0,0,0,44
TXN0003279,2024-02-07T19:16:00,37,M0155,SaaS,mid,C00218,130,11,6939,0.0871,1213.34,wallet,HDFC,476596,19,2,0,0,0,1,0,0,0,0,0,0,0,32
TXN0003280,2024-02-07T09:04:00,37,M0104,Food,low,C00485,260,20,2464,0.0804,883.52,wallet,Yes,572881,9,2,0,0,0,0,0,0,0,1,0,0,0,40
TXN0003281,2024-02-07T19:31:00,37,M0152,Retail,high,C01391,114,20,6475,0.0823,4438.58,netbanking,Yes,549108,19,2,0,0,0,0,0,0,0,1,0,0,0,59
TXN0003282,2024-02-07T23:52:00,37,M0096,Food,mid,C00446,25,2,1903,0.0756,1790.31,upi,Kotak,558634,23,2,0,0,0,0,0,0,0,0,0,0,0,60
TXN0003283,2024-02-07T17:59:00,37,M0016,Services,high,C01455,10,2,1166,0.1054,885.3,card,PNB,581397,17,2,0,13,0,0,0,0,0,0,0,0,1,35
TXN0003284,2024-02-07T06:33:00,37,M0196,Retail,low,C01404,136,6,5880,0.0288,10793.94,netbanking,Kotak,563111,6,2,0,0,0,1,0,0,0,1,0,0,0,34
TXN0003285,2024-02-07T12:19:00,37,M0024,B2B,mid,C00603,212,10,4730,0.2417,34644.19,upi,Yes,411870,12,2,0,0,0,2,0,0,0,0,1,1,0,42
TXN0003286,2024-02-07T11:26:00,37,M0136,Logistics,mid,C01148,288,11,1637,0.1877,4754.84,card,Canara,567410,11,2,0,14,0,0,0,0,0,0,0,0,0,14
TXN0003287,2024-02-07T13:28:00,37,M0096,Food,mid,C00636,76,15,2705,0.1601,1742.92,card,HDFC,439457,13,2,0,0,0,0,0,1,0,0,1,1,0,53
TXN0003288,2024-02-07T20:09:00,37,M0136,Logistics,mid,C01017,211,11,7099,0.0344,24783.1,netbanking,PNB,595108,20,2,0,0,0,0,0,0,1,0,1,1,0,33
TXN0003289,2024-02-07T08:13:00,37,M0071,Retail,low,C00706,63,18,2785,0.0298,1227.49,wallet,SBI,553314,8,2,0,0,0,0,1,0,0,0,1,1,0,54
TXN0003290,2024-02-07T11:55:00,37,M0056,Retail,low,C00322,23,1,818,0.032,461.11,card,PNB,469911,11,2,0,0,0,0,0,0,0,0,0,0,1,52
TXN0003291,2024-02-07T08:56:00,37,M0003,SaaS,low,C01389,9,2,852,0.0691,1134.77,netbanking,Axis,410972,8,2,0,0,0,0,0,0,0,0,0,0,0,27
TXN0003292,2024-02-07T10:55:00,37,M0163,Logistics,high,C00892,96,16,5427,0.0698,19470.89,upi,PNB,556298,10,2,0,0,0,0,0,0,0,0,1,1,0,42
TXN0003293,2024-02-07T20:42:00,37,M0031,Food,mid,C00456,966,120,5396,0.0062,1144.29,card,Yes,586281,20,2,0,0,0,0,0,0,0,1,0,0,0,19
TXN0003294,2024-02-07T21:07:00,37,M0030,B2B,high,C01134,289,7,5087,0.0305,25326.61,upi,ICICI,557296,21,2,0,0,0,1,0,0,0,0,0,0,1,31
TXN0003295,2024-02-08T15:01:00,38,M0133,SaaS,mid,C01307,948,86,13577,0.0086,10738.01,card,SBI,501679,15,3,0,0,0,0,0,0,0,0,0,0,0,72
TXN0003296,2024-02-08T11:49:00,38,M0044,Logistics,low,C00009,248,12,3185,0.0397,29368.45,netbanking,Axis,524587,11,3,0,0,0,1,1,0,0,1,1,1,0,18
TXN0003297,2024-02-08T13:41:00,38,M0018,SaaS,high,C01047,82,16,3732,0.0328,2067.23,upi,SBI,414011,13,3,0,0,0,1,0,0,0,0,0,0,0,20
TXN0003298,2024-02-08T04:26:00,38,M0195,Food,high,C01220,20,3,632,0.015,949.34,netbanking,Yes,573228,4,3,0,0,0,0,0,0,0,0,1,1,0,52
TXN0003299,2024-02-08T14:31:00,38,M0142,Retail,mid,C01312,5,3,916,0.0576,824.91,card,SBI,422503,14,3,0,0,0,2,1,0,0,0,0,1,1,18
TXN0003300,2024-02-08T16:03:00,38,M0173,Food,high,C00276,281,16,1078,0.0943,548.18,card,SBI,446552,16,3,0,0,0,0,0,0,0,1,0,0,0,52
TXN0003301,2024-02-08T16:33:00,38,M0001,Retail,high,C00282,851,76,22265,0.0191,21459.57,wallet,Canara,557277,16,3,0,0,1,1,0,0,0,0,0,0,0,37
TXN0003302,2024-02-08T13:08:00,38,M0078,B2B,high,C00223,948,113,4536,0.0514,29586.27,wallet,HDFC,453313,13,3,0,0,0,0,0,1,0,0,1,1,0,45
TXN0003303,2024-02-08T15:58:00,38,M0183,Retail,mid,C00541,123,10,5095,0.0172,5987.17,card,Axis,448826,15,3,0,0,0,0,0,0,0,1,0,0,0,31
TXN0003304,2024-02-08T19:02:00,38,M0191,Logistics,high,C01008,20,4,1754,0.1233,15516.72,netbanking,PNB,535624,19,3,0,0,0,0,1,1,0,1,1,1,0,16
TXN0003305,2024-02-08T19:38:00,38,M0009,Retail,low,C01185,768,103,17260,0.0082,32090.61,upi,Yes,529024,19,3,0,0,0,1,0,0,0,0,1,1,0,52
TXN0003306,2024-02-08T16:47:00,38,M0101,Food,low,C00406,233,15,4489,0.2614,1215.16,netbanking,Yes,541890,16,3,0,0,0,2,0,0,0,1,0,0,0,55
TXN0003307,2024-02-08T18:39:00,38,M0195,Food,high,C00877,943,111,21778,0.0075,24847.03,wallet,Yes,414319,18,3,0,0,0,1,0,0,0,0,1,1,0,62
TXN0003308,2024-02-08T20:44:00,38,M0195,Food,high,C01443,21,2,914,0.0625,2333.95,wallet,Yes,534386,20,3,0,0,0,0,0,0,0,0,0,0,1,42
TXN0003309,2024-02-08T06:10:00,38,M0039,Logistics,mid,C00709,766,99,13908,0.0162,17293.04,netbanking,Yes,460382,6,3,0,0,0,0,0,0,0,0,1,1,0,34
TXN0003310,2024-02-08T20:47:00,38,M0051,Food,low,C00566,81,17,5110,0.0665,2420.33,wallet,Kotak,448431,20,3,0,0,0,0,0,0,0,0,0,0,0,27
TXN0003311,2024-02-08T11:58:00,38,M0070,Services,low,C00213,741,100,11338,0.0295,5089.24,wallet,HDFC,459245,11,3,0,0,0,0,0,0,0,0,0,0,0,51
TXN0003312,2024-02-08T19:16:00,38,M0126,B2B,low,C00395,123,12,6681,0.0316,31784.06,netbanking,ICICI,445090,19,3,0,0,0,0,0,0,1,1,0,0,0,35
TXN0003313,2024-02-08T03:05:00,38,M0131,Logistics,high,C01338,7,2,1332,0.074,7009.66,wallet,ICICI,524252,3,3,0,0,0,0,0,0,0,1,0,1,1,25
TXN0003314,2024-02-08T22:50:00,38,M0120,Food,low,C01237,12,3,1754,0.1256,1261.64,upi,ICICI,542391,22,3,0,0,0,1,0,0,0,0,0,0,1,62
TXN0003315,2024-02-08T13:19:00,38,M0107,SaaS,mid,C00502,12,3,819,0.0237,996.66,wallet,Kotak,471066,13,3,0,0,0,0,0,0,0,0,0,0,0,72
TXN0003316,2024-02-08T15:08:00,38,M0104,Food,low,C01066,151,11,1906,0.0889,1425.19,upi,Yes,437539,15,3,0,0,0,1,1,0,0,0,1,1,0,18
TXN0003317,2024-02-08T13:47:00,38,M0076,Services,high,C00951,107,11,1569,0.0432,2100.88,netbanking,Canara,429559,13,3,0,0,0,1,0,0,0,1,0,0,0,30
TXN0003318,2024-02-08T20:29:00,38,M0071,Retail,low,C01261,22,4,765,0.0873,1950.76,netbanking,SBI,449674,20,3,0,0,0,0,0,0,0,0,0,0,1,59
TXN0003319,2024-02-08T17:52:00,38,M0035,SaaS,mid,C00655,24,1,1087,0.1257,2197.31,card,Kotak,422468,17,3,0,0,0,1,0,0,0,0,0,0,0,14
TXN0003320,2024-02-08T11:20:00,38,M0127,Food,low,C00092,746,97,10119,0.0086,10935.25,upi,HDFC,532556,11,3,0,0,0,0,0,0,0,0,0,0,0,16
TXN0003321,2024-02-08T06:07:00,38,M0049,Services,mid,C00357,887,100,18431,0.0124,34651.02,card,Canara,461393,6,3,0,0,0,0,0,0,0,0,0,1,0,51
TXN0003322,2024-02-08T14:34:00,38,M0133,SaaS,mid,C00787,228,7,4251,0.029,1835.27,netbanking,Yes,403783,14,3,0,0,0,2,0,0,0,0,0,0,0,39
TXN0003323,2024-02-08T09:22:00,38,M0060,Services,high,C00090,885,113,6805,0.0021,4859.08,wallet,Kotak,536919,9,3,0,8,0,0,0,0,0,0,0,0,0,21
TXN0003324,2024-02-08T01:28:00,38,M0172,Food,mid,C00533,246,5,2907,0.0373,7769.43,upi,HDFC,565562,1,3,0,0,0,1,0,0,0,0,1,1,0,52
TXN0003325,2024-02-08T08:11:00,38,M0127,Food,low,C00781,193,11,3984,0.0716,2943.89,card,ICICI,582874,8,3,0,0,0,0,0,0,0,0,0,0,0,71
TXN0003326,2024-02-08T09:26:00,38,M0143,Logistics,mid,C01108,159,19,6909,0.148,3806.7,netbanking,SBI,592629,9,3,0,0,0,0,0,0,0,1,0,0,0,49
TXN0003327,2024-02-08T11:28:00,38,M0110,Food,high,C00502,12,3,819,0.0237,838.77,upi,Yes,577257,11,3,0,1,1,1,0,0,0,0,1,1,0,13
TXN0003328,2024-02-08T15:07:00,38,M0009,Retail,low,C00164,66,16,5538,0.1122,4574.25,netbanking,ICICI,488416,15,3,0,0,1,2,0,0,0,1,0,0,0,69
TXN0003329,2024-02-08T14:28:00,38,M0092,Food,low,C00631,241,19,4854,0.036,4832.1,card,Kotak,569881,14,3,0,0,0,0,0,0,0,0,0,0,0,30
TXN0003330,2024-02-08T22:19:00,38,M0191,Logistics,high,C00086,20,3,1193,0.2525,3475.3,upi,Canara,468669,22,3,0,14,0,0,0,0,0,0,0,0,1,56
TXN0003331,2024-02-08T12:28:00,38,M0090,Logistics,mid,C00846,300,16,7520,0.1088,6066.89,wallet,SBI,499555,12,3,0,0,0,0,0,0,0,0,0,0,0,45
TXN0003332,2024-02-08T11:23:00,38,M0051,Food,low,C00924,19,1,1515,0.0429,917.51,netbanking,HDFC,449143,11,3,0,0,0,1,0,0,0,1,0,0,1,43
TXN0003333,2024-02-08T15:33:00,38,M0034,Retail,high,C00179,255,17,3997,0.1177,4176.17,upi,Canara,431647,15,3,0,0,0,1,0,0,0,1,0,0,0,58
TXN0003334,2024-02-08T16:59:00,38,M0061,Services,low,C00062,23,4,1800,0.1931,1554.54,netbanking,Kotak,467566,16,3,0,0,0,0,0,1,0,0,1,1,0,18
TXN0003335,2024-02-08T05:21:00,38,M0050,Logistics,high,C01356,217,20,2714,0.0307,11907.91,netbanking,Kotak,561441,5,3,0,0,0,0,0,0,0,0,0,1,0,56
TXN0003336,2024-02-08T08:50:00,38,M0145,SaaS,low,C01062,298,6,4793,0.2582,8307.93,upi,ICICI,532474,8,3,0,0,0,1,0,0,0,1,0,0,0,72
TXN0003337,2024-02-08T11:24:00,38,M0193,B2B,low,C00768,814,112,17112,0.0026,12190.73,netbanking,Canara,566320,11,3,0,0,0,1,0,1,0,0,1,1,0,23
TXN0003338,2024-02-08T00:54:00,38,M0042,Logistics,mid,C00999,828,83,16395,0.0109,8242.61,netbanking,Yes,459354,0,3,0,0,0,0,0,0,0,1,1,1,0,34
TXN0003339,2024-02-08T21:14:00,38,M0185,Food,high,C00947,734,113,24589,0.037,15369.47,upi,PNB,450819,21,3,0,0,0,0,0,0,0,0,0,0,0,49
TXN0003340,2024-02-08T19:08:00,38,M0154,Retail,low,C00056,14,4,645,0.1133,2644.82,wallet,SBI,433599,19,3,0,0,0,1,0,0,0,0,0,0,0,20
TXN0003341,2024-02-08T17:30:00,38,M0040,SaaS,mid,C00212,74,19,2080,0.1389,1722.6,wallet,HDFC,499191,17,3,0,0,0,0,0,0,0,0,0,0,0,38
TXN0003342,2024-02-08T06:53:00,38,M0186,B2B,mid,C00146,81,16,1554,0.283,66725.18,card,Axis,571155,6,3,0,0,0,1,0,0,0,1,1,1,0,72
TXN0003343,2024-02-08T19:13:00,38,M0115,Services,high,C01284,126,20,2042,0.0351,2437.43,upi,Yes,542522,19,3,0,0,0,0,0,0,0,0,0,0,0,51
TXN0003344,2024-02-08T21:27:00,38,M0023,Services,low,C00034,13,3,843,0.0994,3736.5,wallet,Axis,418468,21,3,0,0,0,0,0,0,0,0,0,0,0,67
TXN0003345,2024-02-08T10:33:00,38,M0157,SaaS,mid,C01476,108,9,2688,0.0579,1212.06,card,Canara,582850,10,3,0,0,0,0,0,0,0,0,0,0,0,24
TXN0003346,2024-02-08T09:36:00,38,M0064,Food,high,C00210,79,8,1505,0.2364,1574.31,card,ICICI,425287,9,3,0,0,0,0,0,0,0,1,0,0,0,35
TXN0003347,2024-02-08T18:02:00,38,M0154,Retail,low,C00877,943,111,21778,0.0075,7454.69,netbanking,Kotak,552288,18,3,0,1,1,2,0,0,0,1,0,0,0,59
TXN0003348,2024-02-08T09:59:00,38,M0007,Food,mid,C00461,24,1,1074,0.0982,1336.55,card,Canara,596341,9,3,0,0,0,0,0,0,0,0,0,0,0,26
TXN0003349,2024-02-08T13:53:00,38,M0155,SaaS,mid,C00325,126,10,1254,0.1405,1779.59,netbanking,ICICI,485635,13,3,0,0,0,1,0,0,0,0,0,0,0,35
TXN0003350,2024-02-08T07:02:00,38,M0031,Food,mid,C00484,126,18,5625,0.0606,5943.81,netbanking,SBI,444495,7,3,0,0,0,0,1,0,0,0,1,1,0,56
TXN0003351,2024-02-08T10:08:00,38,M0024,B2B,mid,C01133,187,8,7592,0.01,32083.27,netbanking,Yes,494551,10,3,0,0,0,1,0,0,0,0,1,1,0,12
TXN0003352,2024-02-08T10:07:00,38,M0054,Retail,mid,C00399,22,1,1716,0.1464,1795.23,card,PNB,414357,10,3,0,0,0,0,0,0,0,1,0,0,1,15
TXN0003353,2024-02-08T09:36:00,38,M0165,Services,low,C00867,176,15,2934,0.1788,4382.1,wallet,Kotak,554161,9,3,0,0,0,1,0,0,0,0,0,0,0,40
TXN0003354,2024-02-08T07:30:00,38,M0140,Logistics,high,C00333,64,17,7405,0.1213,10750.47,netbanking,ICICI,575894,7,3,0,0,0,0,0,0,0,0,0,0,0,43
TXN0003355,2024-02-08T06:21:00,38,M0130,Food,low,C00627,24,3,1607,0.0821,324.37,wallet,Yes,456801,6,3,0,0,0,0,0,0,0,0,0,0,0,54
TXN0003356,2024-02-08T11:36:00,38,M0119,Retail,high,C01256,14,3,1299,0.3112,1833.39,wallet,SBI,476327,11,3,0,0,0,0,0,0,0,1,0,0,1,38
TXN0003357,2024-02-08T08:39:00,38,M0105,SaaS,high,C00831,205,13,3911,0.051,10811.72,netbanking,Yes,552570,8,3,0,0,0,1,0,0,0,1,0,0,0,48
TXN0003358,2024-02-08T11:26:00,38,M0170,Logistics,mid,C01080,70,11,2580,0.1981,7558.81,netbanking,Axis,592445,11,3,0,0,0,1,0,0,0,0,0,0,0,29
TXN0003359,2024-02-08T18:30:00,38,M0149,Services,low,C00462,163,11,1300,0.0846,500.61,netbanking,ICICI,512463,18,3,0,0,0,0,0,0,0,1,0,0,0,35
TXN0003360,2024-02-08T23:43:00,38,M0112,Logistics,mid,C01438,223,12,1229,0.2301,11365.36,upi,Axis,586352,23,3,0,0,0,1,0,0,0,0,0,0,0,41
TXN0003361,2024-02-08T05:40:00,38,M0097,Services,low,C00855,10,1,1044,0.075,1072.96,upi,ICICI,472968,5,3,0,0,0,1,0,0,0,1,1,1,0,60
TXN0003362,2024-02-08T21:00:00,38,M0110,Food,high,C00277,164,20,4404,0.1783,1891.71,netbanking,Axis,413982,21,3,0,0,0,1,1,0,0,0,1,1,0,38
TXN0003363,2024-02-08T14:35:00,38,M0175,Food,low,C01348,868,116,13563,0.0197,11589.61,netbanking,Yes,489527,14,3,0,0,0,0,0,0,0,0,0,0,0,21
TXN0003364,2024-02-08T07:42:00,38,M0100,Retail,low,C00002,22,2,1057,0.0607,1709.86,upi,Yes,422848,7,3,0,0,0,0,0,0,0,0,0,0,0,45
TXN0003365,2024-02-08T19:44:00,38,M0133,SaaS,mid,C01038,6,1,755,0.0897,532.5,upi,ICICI,472472,19,3,0,0,0,2,0,0,0,0,0,0,0,33
TXN0003366,2024-02-08T08:06:00,38,M0009,Retail,low,C00825,20,4,1135,0.0724,1377.59,upi,HDFC,445536,8,3,0,0,0,0,0,0,0,1,0,0,0,68
TXN0003367,2024-02-08T17:33:00,38,M0180,Food,low,C00775,14,3,1392,0.0331,1259.48,wallet,SBI,414137,17,3,0,1,0,1,0,0,0,0,1,1,0,49
TXN0003368,2024-02-08T14:14:00,38,M0022,Retail,low,C01012,10,1,716,0.1008,1449.2,card,Kotak,565771,14,3,0,0,0,0,0,0,0,0,0,0,1,64
TXN0003369,2024-02-08T16:15:00,38,M0138,Services,mid,C00792,275,6,6658,0.0466,13402.19,card,ICICI,503284,16,3,0,0,0,0,0,0,0,1,0,0,0,56
TXN0003370,2024-02-08T18:25:00,38,M0197,Food,low,C00250,152,8,1749,0.0053,1575.89,wallet,PNB,462075,18,3,0,0,0,0,1,0,0,0,1,1,0,22
TXN0003371,2024-02-08T19:58:00,38,M0072,SaaS,high,C00072,298,15,2545,0.0745,982.76,netbanking,ICICI,504253,19,3,0,0,0,0,0,0,0,0,0,0,0,67
TXN0003372,2024-02-08T16:55:00,38,M0164,Logistics,high,C01281,736,65,13056,0.0178,2586.86,netbanking,PNB,495293,16,3,0,0,0,0,1,0,0,0,1,1,0,31
TXN0003373,2024-02-09T10:55:00,39,M0049,Services,mid,C01344,11,4,1617,0.1077,1981.7,netbanking,PNB,468871,10,4,0,0,0,0,0,0,0,0,0,0,0,30
TXN0003374,2024-02-09T11:42:00,39,M0133,SaaS,mid,C00026,18,3,1611,0.0667,3086.56,card,SBI,482139,11,4,0,0,0,0,0,0,0,0,0,0,1,33
TXN0003375,2024-02-09T20:02:00,39,M0021,SaaS,mid,C00197,15,4,705,0.0837,1815.26,wallet,ICICI,550203,20,4,0,0,0,0,0,0,0,0,0,0,0,21
TXN0003376,2024-02-09T20:56:00,39,M0008,Retail,low,C01359,892,117,5562,0.035,1972.35,upi,Axis,552568,20,4,0,0,0,0,0,0,0,0,0,0,0,55
TXN0003377,2024-02-09T19:02:00,39,M0173,Food,high,C00932,108,14,7468,0.0324,6551.84,wallet,Yes,443556,19,4,0,0,0,0,0,0,0,1,0,0,0,54
TXN0003378,2024-02-09T15:58:00,39,M0015,Services,low,C00902,20,3,575,0.048,2129.49,wallet,Yes,583546,15,4,0,0,0,0,0,0,0,1,0,0,1,48
TXN0003379,2024-02-09T21:19:00,39,M0003,SaaS,low,C00980,292,12,7565,0.1281,2740.51,card,Kotak,408688,21,4,0,0,0,2,0,0,0,0,0,0,0,13
TXN0003380,2024-02-09T08:00:00,39,M0031,Food,mid,C00382,183,7,3754,0.1617,1865.24,card,Yes,510781,8,4,0,0,0,0,0,0,0,0,1,1,0,49
TXN0003381,2024-02-09T03:52:00,39,M0095,Food,low,C00698,85,12,7043,0.0717,1676.43,wallet,SBI,492821,3,4,0,0,0,1,0,0,1,1,0,0,0,30
TXN0003382,2024-02-09T10:25:00,39,M0008,Retail,low,C00096,97,5,3271,0.041,1290.65,card,SBI,507387,10,4,0,0,0,0,1,0,0,1,1,1,0,28
TXN0003383,2024-02-09T18:27:00,39,M0049,Services,mid,C00458,228,14,6680,0.1174,3693.24,netbanking,Canara,553257,18,4,0,0,0,1,0,0,0,0,0,0,0,62
TXN0003384,2024-02-09T16:01:00,39,M0107,SaaS,mid,C00268,238,19,3612,0.0522,4175.15,upi,PNB,436278,16,4,0,0,0,0,0,0,0,0,0,0,0,72
TXN0003385,2024-02-09T03:35:00,39,M0122,Retail,low,C01448,213,20,3457,0.0779,2770.68,card,ICICI,450049,3,4,0,0,0,0,0,0,0,0,1,1,0,49
TXN0003386,2024-02-09T07:03:00,39,M0117,SaaS,low,C01161,141,15,2396,0.4262,3129.55,wallet,Kotak,564909,7,4,0,0,0,1,0,0,0,1,0,0,0,50
TXN0003387,2024-02-09T23:42:00,39,M0072,SaaS,high,C00932,108,14,7468,0.0324,7627.06,netbanking,Axis,551273,23,4,0,0,1,1,0,0,0,0,0,0,0,52
TXN0003388,2024-02-09T10:13:00,39,M0049,Services,mid,C00128,262,15,1539,0.0667,3950.91,netbanking,Canara,459015,10,4,0,0,0,0,0,0,0,0,0,0,0,25
TXN0003389,2024-02-09T18:10:00,39,M0065,B2B,high,C00132,64,16,3530,0.0483,20346.86,card,Canara,482861,18,4,0,0,0,0,0,0,0,0,1,1,0,65
TXN0003390,2024-02-09T18:21:00,39,M0043,Logistics,high,C00828,99,20,5319,0.1355,7018.2,card,Kotak,583918,18,4,0,0,0,0,1,0,0,0,1,1,0,17
TXN0003391,2024-02-09T14:05:00,39,M0095,Food,low,C01193,262,17,3211,0.1334,1757.42,upi,Kotak,528864,14,4,0,0,0,0,0,0,0,0,0,0,0,36
TXN0003392,2024-02-09T06:06:00,39,M0061,Services,low,C01490,5,4,570,0.0627,4052.06,netbanking,ICICI,594543,6,4,0,0,0,1,0,0,0,1,0,0,0,60
TXN0003393,2024-02-09T07:36:00,39,M0048,SaaS,mid,C00579,15,4,1845,0.033,2677.35,card,SBI,547174,7,4,0,0,0,0,0,0,0,0,0,0,0,12
TXN0003394,2024-02-09T13:35:00,39,M0147,SaaS,mid,C00551,20,1,1458,0.1078,1123.22,upi,Kotak,591035,13,4,0,0,0,0,0,0,0,1,0,0,0,47
TXN0003395,2024-02-09T02:47:00,39,M0141,Logistics,low,C01224,168,17,1803,0.2423,5282.74,wallet,Canara,566820,2,4,0,0,0,0,0,0,0,0,0,0,0,34
TXN0003396,2024-02-09T21:35:00,39,M0197,Food,low,C00526,99,14,1086,0.0004,420.28,netbanking,PNB,484185,21,4,0,0,0,0,0,0,0,0,1,1,0,40
TXN0003397,2024-02-09T16:54:00,39,M0008,Retail,low,C00228,23,2,1481,0.0503,4897.86,upi,PNB,493740,16,4,0,0,0,0,0,0,0,0,0,0,0,31
TXN0003398,2024-02-09T11:53:00,39,M0151,Food,low,C00128,262,15,1539,0.0667,2050.22,netbanking,HDFC,456500,11,4,0,0,1,1,1,0,0,1,1,1,0,51
TXN0003399,2024-02-09T17:52:00,39,M0036,Retail,low,C00533,246,5,2907,0.0373,1194.96,card,SBI,455265,17,4,0,0,0,1,1,0,0,0,0,1,0,42
TXN0003400,2024-02-09T18:12:00,39,M0070,Services,low,C01027,177,10,5728,0.0384,3587.37,card,Yes,529226,18,4,0,0,0,0,0,0,0,0,0,0,0,49
TXN0003401,2024-02-09T12:26:00,39,M0117,SaaS,low,C01284,126,20,2042,0.0351,1158.12,wallet,HDFC,419385,12,4,0,0,1,1,0,0,0,0,0,0,0,59
TXN0003402,2024-02-09T10:29:00,39,M0040,SaaS,mid,C00458,228,14,6680,0.1174,3945.94,upi,Axis,474277,10,4,0,1,1,2,0,0,0,0,0,0,0,64
TXN0003403,2024-02-09T20:58:00,39,M0176,SaaS,low,C00920,209,9,2207,0.097,1136.93,wallet,Canara,500975,20,4,0,0,0,0,1,0,0,0,0,1,0,20
TXN0003404,2024-02-09T09:19:00,39,M0196,Retail,low,C01054,25,1,1125,0.0641,5200.82,wallet,Canara,482893,9,4,0,0,0,2,0,0,0,0,0,0,0,43
TXN0003405,2024-02-09T19:50:00,39,M0136,Logistics,mid,C00999,828,83,16395,0.0109,9573.75,wallet,SBI,412599,19,4,0,0,0,1,0,0,0,0,0,0,0,33
TXN0003406,2024-02-09T16:20:00,39,M0039,Logistics,mid,C01003,891,80,14836,0.0225,5562.96,wallet,PNB,565001,16,4,0,0,0,1,0,0,0,0,0,0,0,32
TXN0003407,2024-02-09T15:28:00,39,M0104,Food,low,C01375,827,66,13174,0.001,23735.51,upi,HDFC,596708,15,4,0,0,0,0,0,0,0,0,0,0,0,22
TXN0003408,2024-02-09T12:21:00,39,M0114,Logistics,mid,C00425,783,99,24545,0.0148,14480.48,netbanking,HDFC,447555,12,4,0,0,0,0,0,0,0,1,0,0,0,50
TXN0003409,2024-02-09T19:39:00,39,M0156,Services,mid,C00123,211,6,3883,0.0949,3242.07,upi,Yes,410112,19,4,0,0,0,0,0,0,0,0,0,0,0,23
TXN0003410,2024-02-09T16:57:00,39,M0123,Logistics,high,C00483,25,2,1908,0.2412,5042.77,wallet,PNB,551021,16,4,0,0,0,0,0,0,0,1,0,0,1,50
TXN0003411,2024-02-09T14:37:00,39,M0063,SaaS,high,C01128,987,62,19455,0.0377,12982.93,wallet,HDFC,567227,14,4,0,0,0,1,0,0,0,0,0,0,0,31
TXN0003412,2024-02-09T15:58:00,39,M0088,Food,low,C00197,15,4,705,0.0837,643.86,upi,ICICI,532012,15,4,0,1,1,1,0,0,0,0,1,1,0,19
TXN0003413,2024-02-09T11:55:00,39,M0024,B2B,mid,C00047,8,2,892,0.0391,29912.1,card,Axis,480864,11,4,0,0,0,0,0,0,0,0,1,1,0,40
TXN0003414,2024-02-09T17:06:00,39,M0172,Food,mid,C00951,107,11,1569,0.0432,1652.04,card,Yes,582516,17,4,0,0,0,2,0,0,0,0,0,0,0,40
TXN0003415,2024-02-09T20:30:00,39,M0042,Logistics,mid,C00509,13,2,1637,0.1018,7704.82,netbanking,Canara,470813,20,4,0,0,0,0,0,0,0,0,0,0,0,48
TXN0003416,2024-02-09T13:34:00,39,M0051,Food,low,C01078,5,2,1178,0.0571,1054.82,card,ICICI,442851,13,4,0,12,0,0,0,0,0,0,0,0,1,25
TXN0003417,2024-02-09T20:34:00,39,M0020,B2B,low,C00675,765,119,10400,0.0,41099.0,upi,Yes,582184,20,4,0,0,0,0,0,0,0,0,0,1,0,50
TXN0003418,2024-02-09T18:21:00,39,M0179,Services,low,C00587,12,1,1336,0.0454,1449.04,upi,ICICI,584024,18,4,0,0,0,1,0,0,0,0,0,0,0,40
TXN0003419,2024-02-09T05:59:00,39,M0036,Retail,low,C00539,88,12,6184,0.0646,2196.92,wallet,PNB,539244,5,4,0,0,0,1,0,0,0,0,1,1,0,50
TXN0003420,2024-02-09T13:19:00,39,M0126,B2B,low,C00362,805,65,17714,0.0025,45313.51,wallet,Axis,522374,13,4,0,0,0,0,0,0,0,0,1,1,0,56
TXN0003421,2024-02-09T08:52:00,39,M0130,Food,low,C01395,20,2,590,0.0494,1868.57,card,Yes,455053,8,4,0,11,0,0,0,0,0,0,0,0,0,68
TXN0003422,2024-02-09T19:32:00,39,M0196,Retail,low,C00932,108,14,7468,0.0324,4696.32,card,Canara,476023,19,4,0,2,2,2,0,0,0,0,0,0,0,19
TXN0003423,2024-02-09T21:46:00,39,M0182,Retail,high,C00266,5,4,714,0.0812,1267.18,upi,ICICI,412472,21,4,0,0,0,2,0,0,0,0,0,0,0,53
TXN0003424,2024-02-09T09:11:00,39,M0055,Services,mid,C00451,19,4,1309,0.0308,2300.36,card,Axis,528016,9,4,0,0,0,1,0,0,0,1,0,0,1,44
TXN0003425,2024-02-09T07:40:00,39,M0138,Services,mid,C00510,5,2,1363,0.0704,5799.84,netbanking,Yes,573526,7,4,0,0,0,2,0,0,0,0,0,0,0,21
TXN0003426,2024-02-09T14:42:00,39,M0113,Services,high,C00501,292,11,5087,0.1788,5312.51,card,PNB,532405,14,4,0,0,0,2,0,0,0,1,0,0,0,20
TXN0003427,2024-02-09T07:21:00,39,M0079,Retail,high,C01328,206,10,5391,0.0281,4674.49,netbanking,SBI,416784,7,4,0,0,0,0,0,0,0,0,0,0,0,15
TXN0003428,2024-02-09T18:51:00,39,M0036,Retail,low,C00435,845,97,22280,0.0149,12408.72,netbanking,PNB,584316,18,4,0,0,0,0,0,0,0,0,0,0,0,27
TXN0003429,2024-02-09T23:36:00,39,M0167,SaaS,low,C00520,972,120,4763,0.0006,2991.24,wallet,Kotak,589591,23,4,0,13,0,0,0,0,0,0,0,0,0,43
TXN0003430,2024-02-09T07:25:00,39,M0054,Retail,mid,C00882,253,6,5671,0.095,2964.81,upi,HDFC,448507,7,4,0,0,0,0,1,0,0,0,1,1,0,17
TXN0003431,2024-02-09T09:24:00,39,M0007,Food,mid,C00911,25,1,557,0.0825,830.09,card,ICICI,446390,9,4,0,0,0,0,1,0,0,1,0,1,1,34
TXN0003432,2024-02-09T21:04:00,39,M0091,Logistics,high,C00370,780,79,7403,0.0064,38963.3,wallet,PNB,525237,21,4,0,0,0,0,0,0,0,0,1,1,0,58
TXN0003433,2024-02-09T13:25:00,39,M0013,Logistics,high,C00326,91,5,1505,0.2531,6037.41,card,Kotak,424849,13,4,0,0,0,0,1,1,0,1,1,1,0,38
TXN0003434,2024-02-09T17:13:00,39,M0091,Logistics,high,C00325,126,10,1254,0.1405,17739.13,upi,PNB,582297,17,4,0,0,0,2,0,0,0,0,0,0,0,34
TXN0003435,2024-02-09T09:46:00,39,M0034,Retail,high,C00917,300,5,4719,0.0825,6119.95,netbanking,Kotak,528911,9,4,0,0,0,1,0,0,0,1,0,0,0,21
TXN0003436,2024-02-09T08:07:00,39,M0035,SaaS,mid,C00613,294,20,7531,0.0191,3556.07,card,Canara,400207,8,4,0,0,0,0,0,0,0,0,0,0,0,70
TXN0003437,2024-02-09T07:44:00,39,M0057,Food,high,C01322,135,8,2793,0.0247,1475.0,upi,SBI,443048,7,4,0,0,0,0,0,0,0,0,0,0,0,24
TXN0003438,2024-02-09T12:48:00,39,M0184,Logistics,high,C00688,102,19,2995,0.0255,14468.76,card,Axis,491511,12,4,0,0,0,1,0,0,0,0,0,0,0,16
TXN0003439,2024-02-09T13:00:00,39,M0020,B2B,low,C00721,195,19,4751,0.0478,30271.84,card,Axis,444975,13,4,0,0,0,0,0,0,0,1,0,0,0,60
TXN0003440,2024-02-09T14:14:00,39,M0064,Food,high,C00985,254,9,7714,0.2233,5263.6,wallet,PNB,440037,14,4,0,0,0,0,0,0,0,0,0,0,0,35
TXN0003441,2024-02-09T16:40:00,39,M0088,Food,low,C00872,172,20,6994,0.0301,3714.25,card,HDFC,514271,16,4,0,0,0,0,0,1,0,1,1,1,0,39
TXN0003442,2024-02-09T22:39:00,39,M0115,Services,high,C00478,987,65,6053,0.0157,35995.33,netbanking,ICICI,432837,22,4,0,0,0,1,0,0,0,1,1,1,0,33
TXN0003443,2024-02-09T19:10:00,39,M0151,Food,low,C00843,25,4,1469,0.0275,1143.24,card,Axis,482963,19,4,0,0,0,1,0,0,0,1,0,0,0,47
TXN0003444,2024-02-09T16:21:00,39,M0022,Retail,low,C00969,779,71,8473,0.0009,6861.32,wallet,Yes,406764,16,4,0,0,0,0,0,0,0,0,0,0,1,68
TXN0003445,2024-02-09T09:34:00,39,M0107,SaaS,mid,C00429,16,4,1693,0.1106,1651.51,upi,Kotak,558743,9,4,0,0,0,1,1,0,0,0,1,1,0,54
TXN0003446,2024-02-09T08:12:00,39,M0107,SaaS,mid,C00108,20,2,721,0.0884,579.04,wallet,Kotak,505882,8,4,0,0,0,0,1,0,0,0,1,1,0,34
TXN0003447,2024-02-09T12:03:00,39,M0029,Retail,high,C00571,11,2,917,0.0974,2314.04,card,Kotak,468448,12,4,0,0,0,0,0,0,0,0,0,0,0,20
TXN0003448,2024-02-09T20:41:00,39,M0189,SaaS,mid,C00622,93,11,6935,0.0169,5377.17,netbanking,Axis,598401,20,4,0,0,0,0,0,0,0,1,0,0,0,20
TXN0003449,2024-02-09T07:33:00,39,M0194,Retail,mid,C00135,132,19,2916,0.0791,5860.53,netbanking,HDFC,506883,7,4,0,0,0,0,1,0,0,0,1,1,0,64
TXN0003450,2024-02-09T14:51:00,39,M0134,Services,low,C01148,288,11,1637,0.1877,1374.69,upi,Canara,549786,14,4,0,0,0,1,0,0,0,1,0,0,0,51
TXN0003451,2024-02-09T17:59:00,39,M0051,Food,low,C01489,138,17,6122,0.0641,4297.99,netbanking,Yes,573423,17,4,0,0,0,0,0,0,0,0,0,0,0,71
TXN0003452,2024-02-09T18:40:00,39,M0053,Retail,low,C00952,62,10,3676,0.0357,1248.31,card,Kotak,599112,18,4,0,0,0,0,0,0,0,0,0,0,0,71
TXN0003453,2024-02-09T07:43:00,39,M0112,Logistics,mid,C00515,925,86,18196,0.0233,13147.03,upi,Kotak,581367,7,4,0,0,0,0,0,0,0,0,0,0,1,12
TXN0003454,2024-02-09T17:46:00,39,M0026,Retail,high,C01063,16,2,1323,0.0664,2343.8,card,Kotak,494143,17,4,0,0,0,0,0,0,0,0,0,0,1,39
TXN0003455,2024-02-09T09:39:00,39,M0147,SaaS,mid,C00961,21,1,1446,0.011,777.17,wallet,Kotak,472097,9,4,0,0,0,1,0,0,0,0,0,0,0,61
TXN0003456,2024-02-09T07:18:00,39,M0092,Food,low,C00189,240,9,5249,0.0397,2888.42,card,Canara,585104,7,4,0,0,0,0,0,0,0,0,0,0,0,21
TXN0003457,2024-02-09T10:39:00,39,M0135,Retail,low,C00967,289,8,4199,0.1297,5086.19,upi,Kotak,554397,10,4,0,0,0,0,0,0,0,0,0,0,0,49
TXN0003458,2024-02-09T08:14:00,39,M0070,Services,low,C01005,24,1,1586,0.0437,2247.57,card,Axis,529345,8,4,0,0,0,1,0,0,0,0,0,0,0,63
TXN0003459,2024-02-09T08:25:00,39,M0048,SaaS,mid,C00831,205,13,3911,0.051,4534.54,upi,Kotak,564379,8,4,0,0,1,1,0,0,0,0,0,0,1,67
TXN0003460,2024-02-09T12:15:00,39,M0041,B2B,low,C01192,732,56,11509,0.0446,21865.03,upi,SBI,504901,12,4,0,0,0,0,0,0,0,0,1,1,0,50
TXN0003461,2024-02-09T22:32:00,39,M0183,Retail,mid,C00338,744,95,21600,0.0159,13697.42,wallet,Axis,550150,22,4,0,0,0,0,1,0,0,1,1,1,0,20
TXN0003462,2024-02-09T08:56:00,39,M0028,Retail,mid,C01173,790,93,14363,0.0125,6675.99,card,SBI,580336,8,4,0,0,0,0,1,0,0,1,1,1,0,62
TXN0003463,2024-02-09T02:31:00,39,M0077,Services,high,C00540,122,5,1344,0.0962,1903.47,netbanking,ICICI,420458,2,4,0,0,0,0,0,0,0,1,0,0,0,68
TXN0003464,2024-02-09T10:02:00,39,M0156,Services,mid,C01290,134,9,5843,0.0096,7438.77,wallet,Axis,563275,10,4,0,0,0,1,0,0,0,1,0,0,0,47
TXN0003465,2024-02-09T23:12:00,39,M0197,Food,low,C01304,94,10,6928,0.1232,7595.19,card,HDFC,587178,23,4,0,0,0,0,0,0,0,0,0,0,0,28
TXN0003466,2024-02-09T20:16:00,39,M0116,Services,low,C00518,19,3,1702,0.1195,3468.05,card,PNB,581972,20,4,0,0,0,0,0,0,0,0,0,0,1,49
TXN0003467,2024-02-09T09:27:00,39,M0029,Retail,high,C01286,75,13,3108,0.007,689.78,card,Yes,559281,9,4,0,0,0,1,0,0,0,1,0,0,0,41
TXN0003468,2024-02-10T12:00:00,40,M0084,B2B,mid,C01455,10,2,1166,0.1054,9596.72,card,Kotak,445614,12,5,1,0,0,1,0,0,0,1,0,0,1,18
TXN0003469,2024-02-10T12:07:00,40,M0165,Services,low,C00089,216,12,6305,0.0219,9621.99,netbanking,SBI,543318,12,5,1,0,0,0,0,0,0,0,0,0,0,37
TXN0003470,2024-02-10T12:33:00,40,M0098,Retail,mid,C00930,952,58,6882,0.0024,7571.7,upi,HDFC,495410,12,5,1,0,0,0,0,0,0,0,0,0,0,39
TXN0003471,2024-02-10T08:33:00,40,M0052,Logistics,mid,C00487,101,8,2756,0.0754,52215.7,upi,Axis,589134,8,5,1,0,0,0,0,0,0,0,1,1,0,14
TXN0003472,2024-02-10T11:41:00,40,M0052,Logistics,mid,C00073,293,17,4162,0.1695,5779.29,upi,Kotak,561657,11,5,1,0,0,0,0,0,0,0,0,0,0,69
TXN0003473,2024-02-10T20:00:00,40,M0105,SaaS,high,C00495,18,1,1644,0.0142,618.01,netbanking,Kotak,581751,20,5,1,0,0,1,0,0,0,0,0,0,1,22
TXN0003474,2024-02-10T18:36:00,40,M0180,Food,low,C00312,117,15,3033,0.0879,687.24,card,Canara,523126,18,5,1,0,0,0,0,0,0,0,0,0,0,61
TXN0003475,2024-02-10T09:52:00,40,M0030,B2B,high,C00475,116,18,5922,0.0285,15178.61,upi,ICICI,475615,9,5,1,0,0,2,0,0,0,0,0,0,0,61
TXN0003476,2024-02-10T21:27:00,40,M0063,SaaS,high,C00658,808,113,16531,0.032,3678.21,upi,Yes,523185,21,5,1,0,0,0,0,0,0,1,0,0,0,26
TXN0003477,2024-02-10T20:20:00,40,M0042,Logistics,mid,C00908,186,16,5237,0.1913,16346.88,netbanking,Kotak,491459,20,5,1,0,0,0,0,0,0,0,0,0,0,32
TXN0003478,2024-02-10T08:23:00,40,M0039,Logistics,mid,C00107,756,86,22674,0.0092,26680.59,wallet,ICICI,446782,8,5,1,0,0,0,0,0,0,0,0,0,0,43
TXN0003479,2024-02-10T13:52:00,40,M0029,Retail,high,C01273,226,19,1935,0.0127,1462.6,wallet,Yes,597856,13,5,1,0,0,0,0,0,0,1,0,0,0,27
TXN0003480,2024-02-10T08:40:00,40,M0163,Logistics,high,C00366,97,8,1865,0.1181,8251.11,netbanking,ICICI,579072,8,5,1,0,0,0,0,1,0,1,1,1,0,13
TXN0003481,2024-02-10T18:07:00,40,M0132,Food,mid,C01062,298,6,4793,0.2582,1033.2,netbanking,SBI,481851,18,5,1,0,0,1,0,0,0,0,0,0,0,62
TXN0003482,2024-02-10T08:35:00,40,M0088,Food,low,C00416,120,7,4760,0.1133,7314.69,card,HDFC,419870,8,5,1,0,0,0,0,0,0,0,0,0,0,31
TXN0003483,2024-02-10T11:19:00,40,M0078,B2B,high,C00233,12,4,1666,0.1861,10599.62,card,Axis,466461,11,5,1,0,0,0,0,0,0,0,0,0,1,62
TXN0003484,2024-02-10T13:08:00,40,M0050,Logistics,high,C01402,178,14,1326,0.0337,17378.19,netbanking,Yes,456050,13,5,1,0,0,0,0,0,0,0,0,0,0,62
TXN0003485,2024-02-10T08:40:00,40,M0135,Retail,low,C00745,236,8,4418,0.0669,3533.54,wallet,SBI,406317,8,5,1,0,0,0,0,0,1,0,0,0,0,51
TXN0003486,2024-02-10T15:10:00,40,M0020,B2B,low,C00280,751,106,20902,0.0051,27510.51,netbanking,SBI,493801,15,5,1,0,0,1,0,0,0,0,0,0,0,33
TXN0003487,2024-02-10T10:23:00,40,M0191,Logistics,high,C00762,162,16,4897,0.165,19230.17,netbanking,HDFC,477282,10,5,1,0,0,1,1,0,0,0,1,1,0,22
TXN0003488,2024-02-10T05:28:00,40,M0123,Logistics,high,C00170,24,3,1654,0.0234,14741.77,wallet,Yes,512241,5,5,1,0,0,0,0,0,0,0,1,1,0,35
TXN0003489,2024-02-10T23:42:00,40,M0110,Food,high,C00615,233,15,5548,0.0875,3791.61,netbanking,PNB,451244,23,5,1,0,0,0,0,0,0,1,0,0,1,30
TXN0003490,2024-02-10T10:17:00,40,M0000,Logistics,low,C01419,11,2,726,0.1334,21714.32,upi,HDFC,498251,10,5,1,0,0,0,0,0,0,1,0,0,1,40
TXN0003491,2024-02-10T13:30:00,40,M0170,Logistics,mid,C00661,171,5,3365,0.1198,12290.94,card,Yes,584937,13,5,1,0,0,0,0,0,0,1,0,0,0,66
TXN0003492,2024-02-10T17:31:00,40,M0074,Services,high,C00812,82,15,6818,0.1273,4666.84,card,Kotak,596259,17,5,1,7,0,0,0,0,0,0,0,0,0,41
TXN0003493,2024-02-10T14:38:00,40,M0119,Retail,high,C01055,6,1,1085,0.0767,1300.76,netbanking,SBI,464769,14,5,1,0,0,0,0,0,0,0,0,0,1,16
TXN0003494,2024-02-10T12:54:00,40,M0142,Retail,mid,C00468,210,7,5232,0.0611,10708.63,upi,Canara,534989,12,5,1,0,0,1,0,0,0,1,0,0,0,37
TXN0003495,2024-02-10T12:14:00,40,M0125,Retail,low,C00496,858,106,15356,0.0145,19768.14,netbanking,Yes,453066,12,5,1,0,0,0,0,0,0,0,1,1,0,20
TXN0003496,2024-02-10T00:32:00,40,M0038,B2B,mid,C00190,104,19,5367,0.0534,60717.37,upi,ICICI,544258,0,5,1,0,0,1,0,0,0,1,1,1,0,13
TXN0003497,2024-02-10T23:20:00,40,M0040,SaaS,mid,C00254,18,3,1362,0.0629,1573.27,netbanking,Yes,561926,23,5,1,0,0,0,0,0,0,0,0,0,0,54
TXN0003498,2024-02-10T20:10:00,40,M0101,Food,low,C00688,102,19,2995,0.0255,1295.0,wallet,Axis,478110,20,5,1,0,0,2,0,0,0,1,0,0,0,26
TXN0003499,2024-02-10T11:01:00,40,M0046,SaaS,high,C01215,842,68,14704,0.0152,3311.81,wallet,PNB,422982,11,5,1,0,0,0,0,0,0,0,0,0,0,46
TXN0003500,2024-02-10T17:55:00,40,M0181,Food,high,C01098,21,2,1988,0.0213,1001.35,netbanking,Yes,460896,17,5,1,0,0,0,0,0,0,0,0,0,0,44
TXN0003501,2024-02-10T22:39:00,40,M0050,Logistics,high,C00168,12,3,1562,0.291,9370.41,netbanking,Yes,566896,22,5,1,0,0,0,0,0,0,1,0,0,1,49
TXN0003502,2024-02-10T10:45:00,40,M0010,SaaS,high,C01105,6,2,864,0.0973,568.91,wallet,SBI,473180,10,5,1,0,0,0,0,0,0,0,0,0,1,47
TXN0003503,2024-02-10T20:28:00,40,M0035,SaaS,mid,C00614,901,109,16564,0.0653,5405.2,netbanking,SBI,541078,20,5,1,0,0,1,0,0,1,0,0,0,0,42
TXN0003504,2024-02-10T10:45:00,40,M0186,B2B,mid,C01358,90,12,5588,0.0634,26248.75,netbanking,Kotak,450197,10,5,1,0,0,0,0,0,0,0,0,0,1,38
TXN0003505,2024-02-10T09:38:00,40,M0118,Retail,mid,C00118,24,4,1912,0.1164,3108.01,upi,ICICI,461256,9,5,1,0,0,0,0,0,0,0,0,0,1,53
TXN0003506,2024-02-10T11:21:00,40,M0165,Services,low,C00083,24,4,1086,0.0349,1943.16,upi,Canara,516722,11,5,1,0,0,0,0,0,0,0,0,0,1,66
TXN0003507,2024-02-10T22:30:00,40,M0076,Services,high,C00988,21,3,1506,0.0789,828.7,card,Canara,402066,22,5,1,0,0,0,0,0,0,1,0,0,1,32
TXN0003508,2024-02-10T13:30:00,40,M0153,Food,low,C00710,216,11,7452,0.1486,5210.78,wallet,Canara,584219,13,5,1,0,0,0,0,0,0,0,0,0,0,72
TXN0003509,2024-02-10T18:25:00,40,M0186,B2B,mid,C00242,10,1,1523,0.2298,12710.52,wallet,ICICI,400032,18,5,1,0,0,1,0,0,0,0,1,1,0,39
TXN0003510,2024-02-10T18:40:00,40,M0165,Services,low,C00503,751,111,15163,0.0191,13329.58,wallet,Yes,526950,18,5,1,0,0,0,0,0,0,0,0,0,0,65
TXN0003511,2024-02-10T07:56:00,40,M0096,Food,mid,C00777,129,7,5640,0.2166,1222.69,upi,Kotak,470285,7,5,1,6,0,0,0,0,0,1,0,0,0,13
TXN0003512,2024-02-10T19:13:00,40,M0040,SaaS,mid,C01376,15,4,962,0.0503,930.56,netbanking,HDFC,512942,19,5,1,0,0,2,1,0,0,0,1,1,0,47
TXN0003513,2024-02-10T08:59:00,40,M0148,SaaS,mid,C01334,8,4,1842,0.0547,1556.01,wallet,HDFC,433679,8,5,1,13,0,0,0,0,0,0,0,0,0,46
TXN0003514,2024-02-10T17:37:00,40,M0179,Services,low,C00490,819,113,17384,0.0002,29421.27,upi,PNB,550022,17,5,1,0,0,0,0,0,0,0,0,0,0,22
TXN0003515,2024-02-10T11:36:00,40,M0161,Services,mid,C00744,295,10,1839,0.0357,3165.72,netbanking,SBI,458164,11,5,1,0,0,0,0,0,0,1,0,0,0,43
TXN0003516,2024-02-10T09:53:00,40,M0193,B2B,low,C00899,268,17,7778,0.0887,20154.18,wallet,Kotak,451963,9,5,1,0,0,0,1,0,0,1,1,1,0,64
TXN0003517,2024-02-10T07:43:00,40,M0095,Food,low,C01237,12,3,1754,0.1256,3713.31,netbanking,Kotak,401571,7,5,1,0,0,1,0,1,0,0,1,1,0,36
TXN0003518,2024-02-10T06:52:00,40,M0007,Food,mid,C01274,81,6,3286,0.0105,2067.08,netbanking,ICICI,437260,6,5,1,0,0,0,0,0,0,1,0,0,0,45
TXN0003519,2024-02-10T09:58:00,40,M0069,SaaS,high,C00118,24,4,1912,0.1164,1520.23,wallet,HDFC,592936,9,5,1,1,1,1,0,0,0,0,0,0,0,24
TXN0003520,2024-02-10T21:55:00,40,M0015,Services,low,C00357,887,100,18431,0.0124,5101.83,card,Kotak,590349,21,5,1,0,0,1,0,0,0,0,0,0,0,18
TXN0003521,2024-02-10T22:38:00,40,M0125,Retail,low,C00587,12,1,1336,0.0454,1524.27,upi,HDFC,518851,22,5,1,0,0,2,0,0,0,0,0,0,1,37
TXN0003522,2024-02-10T15:39:00,40,M0043,Logistics,high,C00370,780,79,7403,0.0064,8123.14,card,Yes,401256,15,5,1,0,1,1,0,0,0,0,0,0,0,61
TXN0003523,2024-02-10T08:12:00,40,M0003,SaaS,low,C00884,81,15,4291,0.1355,2506.79,card,PNB,480554,8,5,1,0,0,0,0,0,0,0,0,0,0,62
TXN0003524,2024-02-10T13:41:00,40,M0121,Food,low,C01066,151,11,1906,0.0889,2337.08,wallet,HDFC,569144,13,5,1,0,0,2,0,0,0,1,0,0,0,18
TXN0003525,2024-02-10T11:34:00,40,M0032,Food,low,C00631,241,19,4854,0.036,1187.41,card,HDFC,578960,11,5,1,0,0,1,0,0,0,0,0,0,0,56
TXN0003526,2024-02-10T19:42:00,40,M0130,Food,low,C00463,23,3,774,0.0897,358.28,wallet,ICICI,580031,19,5,1,0,0,0,0,0,0,1,0,0,1,29
TXN0003527,2024-02-10T20:45:00,40,M0126,B2B,low,C00700,833,92,7168,0.0006,13319.66,upi,Yes,412635,20,5,1,0,0,0,0,0,0,0,1,1,0,58
TXN0003528,2024-02-10T15:37:00,40,M0141,Logistics,low,C00016,23,3,1452,0.0798,2122.43,card,PNB,534721,15,5,1,0,0,0,0,0,0,0,0,0,0,41
TXN0003529,2024-02-10T17:44:00,40,M0152,Retail,high,C00124,769,61,23152,0.0186,5592.95,upi,ICICI,593232,17,5,1,0,0,1,0,0,0,0,0,0,0,38
TXN0003530,2024-02-10T17:57:00,40,M0101,Food,low,C00712,22,1,1648,0.1887,2548.03,wallet,ICICI,547444,17,5,1,0,0,0,0,0,0,0,0,0,1,16
TXN0003531,2024-02-10T11:18:00,40,M0110,Food,high,C01091,62,16,2796,0.1742,2043.2,upi,Yes,541024,11,5,1,0,0,1,0,0,0,0,0,0,0,22
TXN0003532,2024-02-10T14:59:00,40,M0177,Food,low,C00369,128,16,1165,0.0715,821.82,upi,SBI,413152,14,5,1,0,0,0,0,0,0,0,0,0,0,47
TXN0003533,2024-02-10T13:43:00,40,M0055,Services,mid,C00876,132,11,2499,0.2469,3389.1,upi,SBI,478220,13,5,1,0,0,0,0,0,0,1,0,0,0,12
TXN0003534,2024-02-10T06:15:00,40,M0087,Logistics,mid,C00074,19,1,1979,0.0283,11064.78,wallet,Canara,578739,6,5,1,0,0,0,1,0,0,0,1,1,0,72
TXN0003535,2024-02-10T07:55:00,40,M0071,Retail,low,C01284,126,20,2042,0.0351,2128.93,upi,Axis,575216,7,5,1,0,1,2,0,0,0,0,0,0,1,40
TXN0003536,2024-02-10T16:25:00,40,M0129,Services,low,C00129,806,92,5670,0.0205,3412.01,netbanking,Canara,541414,16,5,1,0,0,0,0,0,0,0,0,0,0,58
TXN0003537,2024-02-10T09:53:00,40,M0148,SaaS,mid,C01197,114,5,6492,0.0567,3555.23,wallet,Yes,454287,9,5,1,0,0,0,0,0,0,0,0,0,0,67
TXN0003538,2024-02-10T09:08:00,40,M0190,Services,low,C01223,878,78,4053,0.0134,7469.63,wallet,Yes,507222,9,5,1,6,0,0,0,0,0,0,0,0,0,62
TXN0003539,2024-02-10T03:49:00,40,M0001,Retail,high,C01432,91,8,2195,0.2033,2135.86,card,Axis,472117,3,5,1,0,0,0,0,0,0,0,0,0,0,48
TXN0003540,2024-02-10T16:28:00,40,M0057,Food,high,C00251,10,4,1419,0.1389,3504.67,upi,PNB,549908,16,5,1,0,0,0,0,0,0,0,0,0,0,59
TXN0003541,2024-02-10T18:49:00,40,M0191,Logistics,high,C00932,108,14,7468,0.0324,14795.09,upi,Yes,469681,18,5,1,0,3,3,0,0,0,0,0,0,0,64
TXN0003542,2024-02-10T12:59:00,40,M0166,SaaS,mid,C00911,25,1,557,0.0825,2747.31,wallet,PNB,452765,12,5,1,0,0,1,0,0,0,1,0,0,1,24
TXN0003543,2024-02-10T13:29:00,40,M0026,Retail,high,C00395,123,12,6681,0.0316,2959.76,netbanking,SBI,551425,13,5,1,13,0,1,0,0,0,1,0,0,0,54
TXN0003544,2024-02-10T18:44:00,40,M0157,SaaS,mid,C01329,214,5,6916,0.0088,2126.92,netbanking,ICICI,505409,18,5,1,0,0,0,0,0,0,0,0,0,0,32
TXN0003545,2024-02-10T13:59:00,40,M0092,Food,low,C01454,216,11,5677,0.16,4194.48,wallet,Axis,513242,13,5,1,0,0,1,0,0,0,1,0,0,0,16
TXN0003546,2024-02-10T13:03:00,40,M0000,Logistics,low,C01381,181,9,4827,0.1171,11361.43,wallet,Axis,451773,13,5,1,0,0,0,0,1,0,0,1,1,0,36
TXN0003547,2024-02-10T18:20:00,40,M0088,Food,low,C01268,91,7,1625,0.0505,722.92,netbanking,Canara,452226,18,5,1,0,0,0,1,1,1,0,1,1,0,64
TXN0003548,2024-02-10T19:39:00,40,M0076,Services,high,C01350,278,9,2345,0.1225,2251.38,upi,Yes,565904,19,5,1,0,0,0,0,0,0,0,0,0,0,35
TXN0003549,2024-02-10T06:39:00,40,M0072,SaaS,high,C01143,141,6,5924,0.2209,4417.76,upi,ICICI,589967,6,5,1,0,0,0,0,0,0,0,0,0,0,48
TXN0003550,2024-02-10T07:31:00,40,M0078,B2B,high,C01480,19,4,906,0.0555,40996.83,card,Canara,474631,7,5,1,0,0,0,0,0,0,0,1,1,0,19
TXN0003551,2024-02-11T08:38:00,41,M0079,Retail,high,C00609,8,1,1452,0.0926,925.97,upi,HDFC,569125,8,6,1,0,0,0,0,1,0,0,0,1,1,70
TXN0003552,2024-02-11T12:25:00,41,M0013,Logistics,high,C00799,224,9,1025,0.0824,5870.94,upi,Yes,547210,12,6,1,0,0,0,1,0,0,1,1,1,0,14
TXN0003553,2024-02-11T06:47:00,41,M0132,Food,mid,C01274,81,6,3286,0.0105,1927.69,wallet,ICICI,587844,6,6,1,0,1,1,0,0,0,0,0,0,0,26
TXN0003554,2024-02-11T16:41:00,41,M0130,Food,low,C00606,221,7,4962,0.1239,1759.96,wallet,Axis,497134,16,6,1,0,0,0,0,0,0,0,0,0,0,68
TXN0003555,2024-02-11T19:52:00,41,M0174,SaaS,low,C00424,209,20,5164,0.1548,2613.3,wallet,Yes,480291,19,6,1,0,0,0,0,0,0,0,0,0,0,70
TXN0003556,2024-02-11T10:56:00,41,M0160,Services,mid,C01173,790,93,14363,0.0125,6877.82,wallet,PNB,419458,10,6,1,0,0,1,0,0,1,1,0,0,0,70
TXN0003557,2024-02-11T07:56:00,41,M0080,Logistics,low,C01275,228,18,5362,0.0179,5835.85,wallet,SBI,533690,7,6,1,0,0,0,0,0,0,0,0,0,0,21
TXN0003558,2024-02-11T10:59:00,41,M0000,Logistics,low,C01064,99,18,2014,0.1697,15453.6,wallet,HDFC,589993,10,6,1,0,0,0,0,1,0,0,1,1,0,45
TXN0003559,2024-02-11T15:57:00,41,M0002,B2B,low,C00524,820,108,23678,0.0222,24554.45,netbanking,PNB,470739,15,6,1,0,0,1,0,0,0,1,0,0,1,15
TXN0003560,2024-02-11T21:11:00,41,M0126,B2B,low,C01018,211,11,7939,0.0595,24684.98,netbanking,Axis,525675,21,6,1,0,0,0,0,0,0,0,0,0,0,70
TXN0003561,2024-02-11T23:45:00,41,M0099,B2B,low,C01278,877,118,18188,0.0099,20685.23,netbanking,PNB,410677,23,6,1,0,0,0,1,0,0,0,1,1,0,70
TXN0003562,2024-02-11T12:33:00,41,M0076,Services,high,C00285,799,102,4942,0.075,3103.88,upi,ICICI,539647,12,6,1,0,0,1,0,0,0,0,0,0,0,57
TXN0003563,2024-02-11T22:53:00,41,M0197,Food,low,C01082,907,96,17695,0.0238,15471.24,wallet,Axis,401255,22,6,1,0,0,0,0,0,0,0,0,0,0,40
TXN0003564,2024-02-11T04:47:00,41,M0191,Logistics,high,C00905,997,85,9286,0.052,11798.65,wallet,SBI,420169,4,6,1,0,0,0,0,0,0,0,1,1,0,25
TXN0003565,2024-02-11T22:40:00,41,M0146,Food,mid,C00360,253,12,5535,0.0199,2837.22,wallet,Kotak,486701,22,6,1,0,0,0,0,0,0,0,0,0,0,35
TXN0003566,2024-02-11T18:58:00,41,M0041,B2B,low,C00612,15,3,1311,0.1636,5769.53,netbanking,Axis,461457,18,6,1,0,0,1,0,0,0,1,0,0,1,62
TXN0003567,2024-02-11T22:21:00,41,M0026,Retail,high,C01249,7,4,1266,0.1009,1563.33,wallet,Canara,469014,22,6,1,0,0,0,0,0,0,0,0,0,1,55
TXN0003568,2024-02-11T15:53:00,41,M0097,Services,low,C00222,96,12,4387,0.0371,6966.17,netbanking,PNB,569358,15,6,1,7,0,0,0,0,0,1,0,0,0,17
TXN0003569,2024-02-11T22:50:00,41,M0104,Food,low,C00445,21,1,696,0.0372,361.37,wallet,Kotak,525595,22,6,1,0,0,2,0,0,0,0,1,1,0,70
TXN0003570,2024-02-11T11:49:00,41,M0116,Services,low,C01083,194,5,2367,0.1078,3650.13,upi,ICICI,550474,11,6,1,0,0,1,0,0,0,0,0,0,0,40
TXN0003571,2024-02-11T12:03:00,41,M0094,SaaS,high,C00510,5,2,1363,0.0704,934.84,card,PNB,548880,12,6,1,0,0,2,0,0,0,0,0,0,0,48
TXN0003572,2024-02-11T20:42:00,41,M0169,Food,low,C00261,18,4,651,0.0777,816.31,wallet,HDFC,548193,20,6,1,0,0,0,0,0,0,0,1,1,0,63
TXN0003573,2024-02-11T20:01:00,41,M0031,Food,mid,C00537,11,4,1296,0.1487,2147.72,netbanking,Canara,581839,20,6,1,0,0,0,0,0,0,0,0,0,1,32
TXN0003574,2024-02-11T12:20:00,41,M0022,Retail,low,C00822,175,15,6992,0.2517,1519.37,upi,Canara,468600,12,6,1,0,0,0,0,0,0,0,0,0,0,59
TXN0003575,2024-02-11T13:53:00,41,M0181,Food,high,C00635,196,19,4283,0.129,4071.5,netbanking,ICICI,558842,13,6,1,0,0,0,0,0,1,0,0,0,0,19
TXN0003576,2024-02-11T13:47:00,41,M0130,Food,low,C00886,7,2,1128,0.0251,1256.0,upi,ICICI,521326,13,6,1,0,0,0,0,0,0,0,0,0,0,41
TXN0003577,2024-02-11T06:20:00,41,M0026,Retail,high,C00418,218,14,5164,0.1062,4921.38,wallet,Kotak,544844,6,6,1,0,0,0,0,0,0,0,0,0,0,24
TXN0003578,2024-02-11T10:28:00,41,M0152,Retail,high,C00974,94,15,2436,0.1347,4737.05,wallet,HDFC,473587,10,6,1,0,0,0,0,0,0,0,0,0,0,17
TXN0003579,2024-02-11T11:29:00,41,M0162,Services,high,C00936,11,4,980,0.0532,3440.77,card,HDFC,556575,11,6,1,0,0,0,0,0,0,0,1,1,0,49
TXN0003580,2024-02-11T17:14:00,41,M0108,Food,high,C00425,783,99,24545,0.0148,20360.21,upi,SBI,566104,17,6,1,0,0,1,0,0,0,0,0,0,0,63
TXN0003581,2024-02-11T07:24:00,41,M0105,SaaS,high,C00637,199,12,2417,0.0887,888.9,card,ICICI,580975,7,6,1,0,0,0,0,0,0,0,1,1,0,56
TXN0003582,2024-02-11T12:13:00,41,M0194,Retail,mid,C00265,207,12,4651,0.0618,1700.26,card,PNB,411431,12,6,1,0,0,1,0,0,0,1,0,0,0,45
TXN0003583,2024-02-11T08:50:00,41,M0151,Food,low,C00260,765,102,19361,0.0032,4636.04,wallet,Axis,533133,8,6,1,0,0,0,0,0,0,0,0,0,0,47
TXN0003584,2024-02-11T22:10:00,41,M0182,Retail,high,C00024,184,12,3249,0.0951,2374.13,card,ICICI,438810,22,6,1,0,0,1,0,0,0,0,0,0,0,42
TXN0003585,2024-02-11T20:35:00,41,M0096,Food,mid,C01021,277,6,5906,0.0539,1913.67,netbanking,Yes,430838,20,6,1,0,0,0,1,0,0,0,1,1,0,50
TXN0003586,2024-02-11T16:10:00,41,M0141,Logistics,low,C00210,79,8,1505,0.2364,5853.55,netbanking,Axis,537130,16,6,1,0,0,1,0,0,0,0,0,0,0,69
TXN0003587,2024-02-11T17:28:00,41,M0082,B2B,high,C01033,8,1,749,0.0884,34604.62,netbanking,PNB,571948,17,6,1,0,0,0,0,0,0,0,0,1,1,44
TXN0003588,2024-02-11T11:34:00,41,M0044,Logistics,low,C01438,223,12,1229,0.2301,8447.73,wallet,Kotak,513412,11,6,1,0,0,1,0,1,0,1,1,1,0,56
TXN0003589,2024-02-11T16:03:00,41,M0193,B2B,low,C00078,122,18,5636,0.166,45359.29,upi,HDFC,466970,16,6,1,0,0,0,0,0,0,0,1,1,0,51
TXN0003590,2024-02-11T13:39:00,41,M0105,SaaS,high,C00310,19,3,613,0.0983,781.8,upi,SBI,542657,13,6,1,0,0,1,0,0,0,0,0,0,0,67
TXN0003591,2024-02-11T08:07:00,41,M0027,Services,high,C00999,828,83,16395,0.0109,14818.01,upi,Kotak,572585,8,6,1,0,0,2,0,0,0,1,0,0,0,26
TXN0003592,2024-02-11T12:58:00,41,M0101,Food,low,C00496,858,106,15356,0.0145,3443.64,wallet,HDFC,590307,12,6,1,0,0,1,1,0,0,0,1,1,0,16
TXN0003593,2024-02-11T20:35:00,41,M0066,Food,mid,C00748,7,4,1914,0.0105,576.06,wallet,PNB,503854,20,6,1,0,0,0,0,0,0,1,0,0,1,67
TXN0003594,2024-02-11T19:29:00,41,M0091,Logistics,high,C00937,921,82,21040,0.0016,24961.41,upi,HDFC,466237,19,6,1,0,0,0,0,0,0,0,0,0,0,49
TXN0003595,2024-02-11T19:36:00,41,M0084,B2B,mid,C00818,270,13,5614,0.1067,61187.94,wallet,Kotak,423337,19,6,1,0,0,0,0,0,0,0,1,1,0,37
TXN0003596,2024-02-11T23:36:00,41,M0105,SaaS,high,C00193,299,13,3357,0.0334,3801.63,card,ICICI,567370,23,6,1,0,0,0,0,0,0,0,0,0,0,28
TXN0003597,2024-02-11T18:14:00,41,M0013,Logistics,high,C00398,5,2,752,0.1093,41904.66,wallet,ICICI,511612,18,6,1,10,0,0,0,0,0,0,0,1,1,37
TXN0003598,2024-02-11T11:02:00,41,M0174,SaaS,low,C00728,70,9,6554,0.1071,3300.37,netbanking,Canara,584324,11,6,1,14,0,0,0,0,0,0,0,0,0,70
TXN0003599,2024-02-11T19:01:00,41,M0143,Logistics,mid,C00812,82,15,6818,0.1273,5397.65,wallet,HDFC,467230,19,6,1,0,0,1,0,0,0,1,0,0,0,61
TXN0003600,2024-02-11T20:31:00,41,M0154,Retail,low,C01362,246,18,2751,0.1251,3366.56,wallet,SBI,412377,20,6,1,0,0,0,0,0,0,0,0,0,0,40
TXN0003601,2024-02-11T18:33:00,41,M0131,Logistics,high,C01055,6,1,1085,0.0767,35603.2,netbanking,Canara,493966,18,6,1,0,0,1,1,0,0,0,1,1,0,50
TXN0003602,2024-02-11T14:16:00,41,M0009,Retail,low,C00909,174,15,1042,0.0534,1884.53,wallet,ICICI,521959,14,6,1,0,0,0,0,0,0,0,0,0,0,33
TXN0003603,2024-02-11T20:25:00,41,M0116,Services,low,C00700,833,92,7168,0.0006,27337.82,card,SBI,486800,20,6,1,0,1,1,0,0,0,0,0,0,0,59
TXN0003604,2024-02-11T17:53:00,41,M0042,Logistics,mid,C01095,777,113,8947,0.0105,5890.96,upi,SBI,532841,17,6,1,0,0,1,0,0,0,1,0,0,0,71
TXN0003605,2024-02-11T09:04:00,41,M0158,Retail,low,C00338,744,95,21600,0.0159,5008.31,wallet,Yes,417022,9,6,1,0,0,1,0,0,0,0,0,0,0,34
TXN0003606,2024-02-11T21:24:00,41,M0039,Logistics,mid,C01105,6,2,864,0.0973,5780.85,upi,Axis,438672,21,6,1,0,0,1,0,0,0,0,0,0,0,45
TXN0003607,2024-02-11T01:00:00,41,M0076,Services,high,C01145,19,4,1574,0.0565,1410.39,card,SBI,410993,1,6,1,0,0,0,0,0,0,0,0,0,1,48
TXN0003608,2024-02-11T10:10:00,41,M0152,Retail,high,C00506,90,19,3585,0.0498,2720.03,wallet,Axis,530186,10,6,1,0,0,0,0,0,0,1,0,0,0,45
TXN0003609,2024-02-11T07:32:00,41,M0122,Retail,low,C00287,7,4,1555,0.1209,3145.13,netbanking,Canara,502358,7,6,1,0,0,0,0,0,0,0,0,0,0,66
TXN0003610,2024-02-11T04:57:00,41,M0036,Retail,low,C00675,765,119,10400,0.0,8714.62,upi,HDFC,440741,4,6,1,0,0,1,0,0,0,1,0,1,0,35
TXN0003611,2024-02-11T18:06:00,41,M0036,Retail,low,C00510,5,2,1363,0.0704,3488.56,netbanking,HDFC,494104,18,6,1,0,1,3,0,0,0,0,0,0,1,27
TXN0003612,2024-02-11T19:09:00,41,M0002,B2B,low,C00613,294,20,7531,0.0191,44938.39,upi,Yes,465234,19,6,1,0,0,1,0,0,0,1,1,1,0,53
TXN0003613,2024-02-11T13:53:00,41,M0137,B2B,mid,C00766,267,5,7258,0.0094,19756.27,netbanking,SBI,423275,13,6,1,0,0,0,0,0,0,0,0,0,0,56
TXN0003614,2024-02-11T13:01:00,41,M0172,Food,mid,C01276,24,3,1037,0.1616,282.39,upi,Yes,592270,13,6,1,0,0,0,0,0,0,0,0,0,1,12
TXN0003615,2024-02-11T19:35:00,41,M0057,Food,high,C00977,20,3,913,0.0585,841.09,upi,Canara,465897,19,6,1,0,0,0,1,0,0,0,0,1,0,48
TXN0003616,2024-02-11T10:10:00,41,M0130,Food,low,C00769,20,4,1474,0.1538,1066.35,upi,Canara,441533,10,6,1,0,0,0,0,0,0,0,0,0,0,34
TXN0003617,2024-02-11T14:19:00,41,M0195,Food,high,C00277,164,20,4404,0.1783,1938.02,card,ICICI,464836,14,6,1,0,0,1,0,0,0,0,0,0,0,19
TXN0003618,2024-02-11T21:52:00,41,M0027,Services,high,C00820,792,100,15240,0.0131,8929.33,card,Axis,539278,21,6,1,0,0,1,0,0,0,1,0,0,0,53
TXN0003619,2024-02-11T19:29:00,41,M0068,B2B,low,C01398,9,4,1905,0.069,20707.63,card,SBI,515503,19,6,1,0,0,0,0,0,0,0,0,0,1,51
TXN0003620,2024-02-11T16:50:00,41,M0086,Retail,high,C01493,217,8,4914,0.0859,1822.3,netbanking,ICICI,443964,16,6,1,0,0,0,0,0,0,0,0,0,0,36
TXN0003621,2024-02-11T20:07:00,41,M0137,B2B,mid,C01099,7,3,792,0.1452,28148.07,upi,Canara,580208,20,6,1,0,0,0,0,0,0,0,0,0,0,53
TXN0003622,2024-02-11T19:31:00,41,M0108,Food,high,C00800,21,2,1716,0.1505,1362.53,card,ICICI,550002,19,6,1,0,0,0,0,0,0,0,0,0,0,59
TXN0003623,2024-02-11T13:05:00,41,M0132,Food,mid,C01390,12,2,1902,0.1392,1324.3,upi,Yes,584528,13,6,1,0,0,0,0,0,0,1,0,0,0,18
TXN0003624,2024-02-11T19:23:00,41,M0007,Food,mid,C01433,153,18,6378,0.052,3442.33,upi,PNB,598054,19,6,1,0,0,0,0,0,0,1,0,0,0,48
TXN0003625,2024-02-11T17:34:00,41,M0096,Food,mid,C00492,12,1,822,0.0267,1181.34,upi,PNB,502229,17,6,1,6,0,0,0,0,0,0,0,0,0,69
TXN0003626,2024-02-11T11:09:00,41,M0185,Food,high,C01313,19,3,724,0.1902,270.76,netbanking,PNB,482717,11,6,1,8,0,1,0,0,0,1,0,0,0,27
TXN0003627,2024-02-11T10:16:00,41,M0121,Food,low,C01261,22,4,765,0.0873,767.85,netbanking,SBI,527193,10,6,1,0,0,1,0,0,0,0,0,0,0,54
TXN0003628,2024-02-11T18:30:00,41,M0188,Logistics,mid,C00865,5,3,994,0.0664,5483.09,wallet,Axis,558864,18,6,1,0,0,1,0,0,1,0,0,0,1,29
TXN0003629,2024-02-11T23:23:00,41,M0008,Retail,low,C01055,6,1,1085,0.0767,818.47,wallet,Axis,424355,23,6,1,0,1,2,0,0,0,0,0,0,1,43
TXN0003630,2024-02-11T15:33:00,41,M0163,Logistics,high,C00234,20,4,1443,0.0488,35341.74,wallet,HDFC,487260,15,6,1,0,0,0,0,0,0,1,0,1,1,34
TXN0003631,2024-02-11T16:06:00,41,M0129,Services,low,C00194,804,87,4378,0.0061,2692.84,netbanking,HDFC,434706,16,6,1,0,0,0,0,0,0,0,0,0,0,59
TXN0003632,2024-02-11T18:10:00,41,M0015,Services,low,C00526,99,14,1086,0.0004,2976.42,card,Axis,515297,18,6,1,0,0,1,0,0,0,0,1,1,0,23
TXN0003633,2024-02-11T13:34:00,41,M0098,Retail,mid,C00068,788,109,6849,0.0242,5753.31,wallet,SBI,415614,13,6,1,0,0,0,0,0,0,0,0,0,0,36
TXN0003634,2024-02-11T03:00:00,41,M0055,Services,mid,C00777,129,7,5640,0.2166,6760.45,netbanking,ICICI,508976,3,6,1,0,1,1,0,0,0,0,1,1,0,70
TXN0003635,2024-02-11T22:12:00,41,M0029,Retail,high,C00168,12,3,1562,0.291,1233.69,card,Canara,529271,22,6,1,0,1,1,0,0,0,1,0,0,0,64
TXN0003636,2024-02-11T08:03:00,41,M0047,Logistics,low,C00716,763,74,18003,0.0019,6412.79,upi,Kotak,484842,8,6,1,0,0,0,0,0,0,0,0,0,0,25
TXN0003637,2024-02-11T22:22:00,41,M0101,Food,low,C00745,236,8,4418,0.0669,1368.55,card,HDFC,445318,22,6,1,0,0,1,0,0,0,1,0,0,0,44
TXN0003638,2024-02-11T15:43:00,41,M0060,Services,high,C00370,780,79,7403,0.0064,5545.68,wallet,Yes,544286,15,6,1,0,0,2,0,0,0,1,0,0,0,72
TXN0003639,2024-02-11T09:50:00,41,M0142,Retail,mid,C00671,931,72,24151,0.0159,12853.3,wallet,Kotak,585397,9,6,1,0,0,0,0,0,0,1,0,0,0,46
TXN0003640,2024-02-11T04:49:00,41,M0149,Services,low,C01157,222,19,5123,0.1224,5413.26,upi,Kotak,506466,4,6,1,0,0,0,0,0,0,0,0,0,0,33
TXN0003641,2024-02-11T17:14:00,41,M0154,Retail,low,C00511,261,20,3457,0.0646,2311.95,wallet,ICICI,573861,17,6,1,0,0,1,0,1,0,0,0,1,0,58
TXN0003642,2024-02-12T12:37:00,42,M0172,Food,mid,C00876,132,11,2499,0.2469,4926.46,netbanking,Yes,463281,12,0,0,0,0,1,0,0,0,0,1,1,0,58
TXN0003643,2024-02-12T18:29:00,42,M0115,Services,high,C01132,288,17,2958,0.0648,2258.01,upi,Yes,457252,18,0,0,11,0,0,0,0,0,0,0,0,0,43
TXN0003644,2024-02-12T11:28:00,42,M0088,Food,low,C01247,8,4,1891,0.0746,2583.37,card,Canara,408881,11,0,0,0,0,0,0,0,0,1,0,0,1,70
TXN0003645,2024-02-12T16:07:00,42,M0068,B2B,low,C00062,23,4,1800,0.1931,14284.1,wallet,PNB,529352,16,0,0,0,0,1,0,0,0,1,0,0,0,71
TXN0003646,2024-02-12T14:44:00,42,M0147,SaaS,mid,C00160,790,83,11529,0.027,16527.41,upi,ICICI,540022,14,0,0,0,0,0,1,0,0,1,1,1,0,55
TXN0003647,2024-02-12T01:53:00,42,M0038,B2B,mid,C00737,14,4,754,0.1322,28812.12,upi,Kotak,502680,1,0,0,0,0,0,0,0,0,1,1,1,0,43
TXN0003648,2024-02-12T18:28:00,42,M0087,Logistics,mid,C01293,247,18,5415,0.1497,13764.19,card,Yes,541264,18,0,0,8,0,0,0,0,0,0,0,0,0,65
TXN0003649,2024-02-12T10:39:00,42,M0114,Logistics,mid,C00315,14,2,1450,0.0587,10670.84,wallet,Yes,406308,10,0,0,0,0,0,0,0,0,1,0,0,1,56
TXN0003650,2024-02-12T11:52:00,42,M0027,Services,high,C00789,251,12,4464,0.0556,1727.11,wallet,Canara,540627,11,0,0,0,0,0,0,0,0,0,0,0,0,31
TXN0003651,2024-02-12T18:02:00,42,M0065,B2B,high,C00755,8,2,1515,0.1589,66787.63,upi,ICICI,487156,18,0,0,0,0,0,0,0,0,1,1,1,0,67
TXN0003652,2024-02-12T23:31:00,42,M0181,Food,high,C00089,216,12,6305,0.0219,3438.42,upi,ICICI,406428,23,0,0,0,0,1,0,0,0,0,0,0,0,45
TXN0003653,2024-02-12T05:39:00,42,M0002,B2B,low,C00926,78,16,1245,0.1055,15096.44,netbanking,HDFC,566535,5,0,0,0,0,0,0,0,0,0,0,1,0,68
TXN0003654,2024-02-12T06:22:00,42,M0076,Services,high,C00280,751,106,20902,0.0051,5834.68,card,HDFC,415849,6,0,0,0,0,2,0,0,0,1,0,0,0,24
TXN0003655,2024-02-12T16:44:00,42,M0133,SaaS,mid,C01471,226,11,7159,0.0178,7375.58,netbanking,HDFC,598607,16,0,0,0,0,0,0,0,0,0,0,0,0,53
TXN0003656,2024-02-12T23:56:00,42,M0067,Food,mid,C00051,7,4,1507,0.0219,2704.79,netbanking,Canara,518695,23,0,0,14,0,0,0,0,0,0,0,0,0,69
TXN0003657,2024-02-12T19:28:00,42,M0142,Retail,mid,C00431,101,14,6598,0.0446,5256.25,netbanking,SBI,576359,19,0,0,0,0,0,0,1,0,0,1,1,0,54
TXN0003658,2024-02-12T16:19:00,42,M0056,Retail,low,C01149,892,51,7931,0.0336,520.02,wallet,Kotak,501264,16,0,0,6,0,0,0,0,0,0,0,0,0,36
TXN0003659,2024-02-12T09:46:00,42,M0036,Retail,low,C00902,20,3,575,0.048,1911.39,wallet,Yes,447343,9,0,0,0,0,1,0,0,0,0,0,0,1,63
TXN0003660,2024-02-12T08:32:00,42,M0193,B2B,low,C01342,17,4,1571,0.174,12423.94,upi,Yes,457776,8,0,0,0,0,0,0,0,0,0,0,0,1,62
TXN0003661,2024-02-12T13:58:00,42,M0052,Logistics,mid,C01295,16,2,1433,0.053,10151.07,netbanking,Yes,426455,13,0,0,0,0,0,0,0,0,0,1,1,0,26
TXN0003662,2024-02-12T06:23:00,42,M0135,Retail,low,C00524,820,108,23678,0.0222,5309.27,card,Canara,492117,6,0,0,0,1,2,0,0,0,0,0,0,0,51
TXN0003663,2024-02-12T02:10:00,42,M0139,Logistics,low,C01233,239,11,5229,0.0346,5469.19,upi,HDFC,532643,2,0,0,0,0,0,0,0,0,0,1,1,0,43
TXN0003664,2024-02-12T13:21:00,42,M0150,Retail,mid,C01132,288,17,2958,0.0648,7448.66,upi,PNB,456335,13,0,0,1,1,1,0,0,0,0,0,0,0,52
TXN0003665,2024-02-12T08:51:00,42,M0026,Retail,high,C00878,273,9,7241,0.0281,4542.36,upi,Axis,444293,8,0,0,0,0,0,0,0,0,0,0,0,0,21
TXN0003666,2024-02-12T22:32:00,42,M0020,B2B,low,C00419,844,108,13878,0.0154,48307.76,netbanking,SBI,466311,22,0,0,0,0,0,0,0,1,1,1,1,0,56
TXN0003667,2024-02-12T15:18:00,42,M0026,Retail,high,C00990,18,3,1979,0.06,1703.22,card,HDFC,578795,15,0,0,0,0,1,0,0,0,0,0,0,1,55
TXN0003668,2024-02-12T14:18:00,42,M0148,SaaS,mid,C00709,766,99,13908,0.0162,15144.31,wallet,Canara,577139,14,0,0,0,0,1,0,0,0,1,0,0,0,19
TXN0003669,2024-02-12T21:50:00,42,M0111,Logistics,low,C00575,241,8,3584,0.1231,10692.09,wallet,Axis,413016,21,0,0,0,0,0,0,0,0,0,0,0,0,40
TXN0003670,2024-02-12T12:13:00,42,M0033,Logistics,low,C00953,11,2,921,0.0534,11996.91,wallet,HDFC,517728,12,0,0,0,0,0,0,0,0,0,0,0,1,43
TXN0003671,2024-02-12T19:52:00,42,M0072,SaaS,high,C00827,171,18,1761,0.0162,1013.16,wallet,PNB,549106,19,0,0,0,0,0,0,0,0,0,0,0,0,12
TXN0003672,2024-02-12T17:35:00,42,M0046,SaaS,high,C00589,17,3,1307,0.109,2610.14,wallet,Canara,497521,17,0,0,0,0,0,0,0,0,0,0,0,0,30
TXN0003673,2024-02-12T16:35:00,42,M0195,Food,high,C01045,242,16,5617,0.1198,2507.69,wallet,Kotak,415465,16,0,0,0,0,0,0,0,0,1,0,0,0,58
TXN0003674,2024-02-12T22:49:00,42,M0090,Logistics,mid,C01332,12,1,573,0.2078,6747.02,netbanking,Canara,436226,22,0,0,0,0,0,0,0,0,0,0,0,0,47
TXN0003675,2024-02-12T04:08:00,42,M0025,Food,mid,C00775,14,3,1392,0.0331,353.5,wallet,Axis,431907,4,0,0,0,0,1,1,0,0,1,1,1,0,28
TXN0003676,2024-02-12T04:42:00,42,M0125,Retail,low,C01210,5,3,1470,0.1267,952.97,upi,HDFC,491914,4,0,0,0,0,0,0,0,0,1,0,0,1,24
TXN0003677,2024-02-12T12:02:00,42,M0151,Food,low,C00796,981,110,16531,0.053,5901.13,upi,ICICI,569069,12,0,0,0,0,0,0,0,0,1,0,0,0,42
TXN0003678,2024-02-12T09:47:00,42,M0136,Logistics,mid,C00257,237,11,4924,0.0529,22955.91,upi,SBI,561731,9,0,0,0,0,1,0,0,0,0,0,0,0,34
TXN0003679,2024-02-12T16:11:00,42,M0139,Logistics,low,C01118,9,3,1462,0.0622,7968.05,upi,SBI,569632,16,0,0,0,0,0,0,0,0,0,0,0,1,14
TXN0003680,2024-02-12T14:30:00,42,M0083,B2B,low,C00076,287,20,5432,0.1246,15361.84,upi,Kotak,425367,14,0,0,0,0,0,0,0,0,0,0,0,0,72
TXN0003681,2024-02-12T17:38:00,42,M0033,Logistics,low,C01277,952,104,4871,0.0312,5650.57,card,Canara,408271,17,0,0,0,0,0,0,0,0,1,0,0,0,47
TXN0003682,2024-02-12T23:41:00,42,M0082,B2B,high,C00856,21,4,967,0.023,22111.18,card,Canara,490565,23,0,0,0,0,1,1,0,0,0,1,1,0,43
TXN0003683,2024-02-12T17:24:00,42,M0014,Logistics,high,C01459,135,16,1193,0.0681,8173.0,upi,ICICI,516654,17,0,0,0,0,0,0,0,0,1,0,0,0,21
TXN0003684,2024-02-12T22:57:00,42,M0060,Services,high,C00114,71,12,4237,0.0363,2458.76,netbanking,Canara,488170,22,0,0,0,0,0,0,0,0,0,0,0,0,23
TXN0003685,2024-02-12T10:50:00,42,M0080,Logistics,low,C00648,18,1,1683,0.0793,6361.6,netbanking,Yes,415764,10,0,0,0,0,0,0,0,0,0,0,0,1,28
TXN0003686,2024-02-12T12:57:00,42,M0159,Services,low,C01332,12,1,573,0.2078,1262.36,netbanking,Axis,534413,12,0,0,1,1,1,1,1,0,1,1,1,0,12
TXN0003687,2024-02-12T10:21:00,42,M0184,Logistics,high,C00620,957,114,3817,0.0332,16121.6,wallet,HDFC,492066,10,0,0,0,0,0,0,0,0,0,0,0,1,58
TXN0003688,2024-02-12T09:41:00,42,M0037,Retail,mid,C01272,201,11,2005,0.0898,2166.01,netbanking,Yes,448400,9,0,0,8,0,0,0,0,0,0,0,0,0,56
TXN0003689,2024-02-12T09:46:00,42,M0148,SaaS,mid,C01299,983,75,8895,0.0443,2899.3,wallet,Axis,453777,9,0,0,0,0,0,0,0,0,0,0,0,0,46
TXN0003690,2024-02-12T16:03:00,42,M0162,Services,high,C00171,127,11,7282,0.1708,9456.09,card,Yes,478501,16,0,0,0,0,0,0,0,0,0,0,0,0,34
TXN0003691,2024-02-12T10:14:00,42,M0037,Retail,mid,C00284,22,2,1162,0.105,1900.75,card,Canara,581260,10,0,0,6,0,0,0,0,0,0,0,0,1,50
TXN0003692,2024-02-12T14:39:00,42,M0113,Services,high,C00182,15,4,1563,0.0823,1595.42,netbanking,Yes,410467,14,0,0,0,0,0,0,0,0,0,0,0,0,24
TXN0003693,2024-02-12T08:51:00,42,M0192,B2B,mid,C00536,12,4,1407,0.0616,42478.19,upi,SBI,594233,8,0,0,0,0,0,0,0,0,0,0,1,1,45
TXN0003694,2024-02-12T14:35:00,42,M0031,Food,mid,C00292,13,1,1840,0.0605,1588.72,wallet,Yes,404680,14,0,0,0,0,0,0,0,0,0,0,0,1,54
TXN0003695,2024-02-12T09:54:00,42,M0165,Services,low,C00268,238,19,3612,0.0522,2616.52,wallet,Kotak,428805,9,0,0,0,0,1,1,0,0,0,1,1,0,15
TXN0003696,2024-02-12T07:02:00,42,M0002,B2B,low,C01266,71,5,6896,0.0768,15059.35,wallet,SBI,446473,7,0,0,0,0,0,0,0,0,0,0,0,0,36
TXN0003697,2024-02-12T14:14:00,42,M0072,SaaS,high,C00072,298,15,2545,0.0745,1868.47,upi,Canara,531126,14,0,0,0,0,1,0,0,0,0,0,0,0,40
TXN0003698,2024-02-12T14:59:00,42,M0028,Retail,mid,C00345,5,4,1662,0.0094,2534.78,netbanking,Yes,576276,14,0,0,0,0,1,1,0,0,0,0,1,1,59
TXN0003699,2024-02-12T11:43:00,42,M0063,SaaS,high,C00223,948,113,4536,0.0514,2422.29,netbanking,Axis,555782,11,0,0,0,0,1,0,0,0,0,0,0,0,72
TXN0003700,2024-02-12T06:46:00,42,M0001,Retail,high,C00198,25,4,1477,0.1421,1546.55,netbanking,SBI,504223,6,0,0,0,0,0,0,0,0,0,0,0,0,49
TXN0003701,2024-02-12T20:52:00,42,M0011,Food,low,C01089,837,118,6807,0.0,6218.62,upi,Kotak,551499,20,0,0,0,0,0,1,0,0,0,1,1,0,50
TXN0003702,2024-02-12T19:41:00,42,M0140,Logistics,high,C01330,256,7,6365,0.0174,26909.35,upi,Canara,478188,19,0,0,0,0,1,0,1,0,1,1,1,0,52
TXN0003703,2024-02-12T06:57:00,42,M0170,Logistics,mid,C00531,823,67,12489,0.0024,14449.64,netbanking,SBI,404292,6,0,0,0,0,0,0,0,0,1,1,1,0,31
TXN0003704,2024-02-12T14:23:00,42,M0195,Food,high,C00316,98,5,4359,0.0106,3290.51,upi,Kotak,440165,14,0,0,0,0,0,0,0,0,0,0,0,0,57
TXN0003705,2024-02-12T06:46:00,42,M0074,Services,high,C00477,21,4,806,0.0824,936.01,card,Axis,448057,6,0,0,0,0,0,0,0,0,0,0,0,0,66
TXN0003706,2024-02-12T02:00:00,42,M0180,Food,low,C00579,15,4,1845,0.033,809.25,card,Yes,548136,2,0,0,0,0,1,0,0,0,0,0,0,1,28
TXN0003707,2024-02-12T12:27:00,42,M0005,Logistics,high,C00088,270,16,1887,0.1236,13026.08,netbanking,ICICI,488528,12,0,0,0,0,0,0,0,0,0,0,0,1,59
TXN0003708,2024-02-12T12:21:00,42,M0011,Food,low,C00712,22,1,1648,0.1887,1694.47,wallet,PNB,500314,12,0,0,0,0,1,0,0,0,0,0,0,0,68
TXN0003709,2024-02-12T12:49:00,42,M0149,Services,low,C00174,247,16,4266,0.0312,1282.55,card,ICICI,576775,12,0,0,0,0,0,0,0,0,0,0,0,0,59
TXN0003710,2024-02-12T05:15:00,42,M0142,Retail,mid,C01133,187,8,7592,0.01,11763.53,wallet,Kotak,550507,5,0,0,0,0,1,0,0,0,0,1,1,0,43
TXN0003711,2024-02-12T20:03:00,42,M0009,Retail,low,C00659,113,16,1445,0.1625,2075.86,netbanking,ICICI,422990,20,0,0,0,0,1,0,0,0,0,0,0,0,72
TXN0003712,2024-02-12T13:49:00,42,M0146,Food,mid,C00988,21,3,1506,0.0789,1861.1,card,PNB,454217,13,0,0,0,0,1,0,0,0,1,0,0,1,26
TXN0003713,2024-02-12T09:11:00,42,M0137,B2B,mid,C00292,13,1,1840,0.0605,28193.6,wallet,Yes,448135,9,0,0,1,1,1,0,0,0,0,0,1,1,56
TXN0003714,2024-02-12T20:14:00,42,M0101,Food,low,C00841,186,14,1303,0.0839,1438.32,upi,Kotak,445228,20,0,0,0,0,0,0,0,0,0,0,0,0,20
TXN0003715,2024-02-12T17:40:00,42,M0044,Logistics,low,C00075,161,7,7977,0.0608,9010.85,wallet,Canara,451393,17,0,0,0,0,0,0,1,0,0,1,1,0,56
TXN0003716,2024-02-12T07:27:00,42,M0051,Food,low,C01298,215,13,7519,0.0801,2108.08,upi,Canara,515933,7,0,0,0,0,0,0,0,0,0,0,0,0,39
TXN0003717,2024-02-12T08:29:00,42,M0103,Services,low,C00028,842,112,10190,0.0064,6091.7,upi,PNB,411576,8,0,0,0,0,2,0,0,0,0,0,0,0,48
TXN0003718,2024-02-12T06:57:00,42,M0065,B2B,high,C00010,111,19,3864,0.0703,33637.77,netbanking,Yes,500142,6,0,0,0,0,0,0,0,0,0,1,1,0,69
TXN0003719,2024-02-12T17:46:00,42,M0016,Services,high,C00480,20,4,1217,0.0927,1046.13,card,Yes,499167,17,0,0,0,0,0,0,0,0,0,0,0,0,42
TXN0003720,2024-02-12T14:33:00,42,M0058,B2B,low,C00817,276,9,2012,0.075,39116.47,upi,ICICI,573577,14,0,0,0,0,0,0,0,0,1,1,1,0,33
TXN0003721,2024-02-12T09:40:00,42,M0061,Services,low,C00554,25,3,1881,0.1038,4633.04,wallet,PNB,518549,9,0,0,0,0,0,0,0,0,0,0,0,1,34
TXN0003722,2024-02-12T17:15:00,42,M0105,SaaS,high,C00200,274,10,1297,0.0557,462.11,wallet,Yes,524832,17,0,0,0,0,2,0,1,0,0,1,1,0,42
TXN0003723,2024-02-12T08:53:00,42,M0174,SaaS,low,C01009,228,8,7015,0.0619,5925.51,upi,PNB,558340,8,0,0,0,0,0,0,0,0,0,0,0,0,17
TXN0003724,2024-02-12T11:09:00,42,M0131,Logistics,high,C00138,299,8,6827,0.2364,16354.66,netbanking,ICICI,576602,11,0,0,0,0,2,0,1,0,0,1,1,0,45
TXN0003725,2024-02-12T09:03:00,42,M0192,B2B,mid,C01198,23,3,1138,0.1846,14360.73,netbanking,Canara,458675,9,0,0,0,0,2,0,0,0,0,1,1,0,23
TXN0003726,2024-02-12T11:04:00,42,M0071,Retail,low,C00670,6,4,1295,0.065,1626.01,wallet,HDFC,564142,11,0,0,14,0,0,0,0,0,0,0,0,1,71
TXN0003727,2024-02-12T10:28:00,42,M0191,Logistics,high,C00604,289,17,7719,0.0208,16576.75,upi,Yes,533316,10,0,0,11,0,0,0,0,0,0,0,0,0,26
TXN0003728,2024-02-12T11:35:00,42,M0100,Retail,low,C00675,765,119,10400,0.0,5620.17,upi,Canara,590308,11,0,0,0,0,2,0,0,0,0,0,0,0,39
TXN0003729,2024-02-12T02:16:00,42,M0027,Services,high,C01282,19,1,1400,0.0645,2499.7,netbanking,Kotak,417667,2,0,0,0,0,0,0,1,0,0,1,1,0,69
TXN0003730,2024-02-12T14:04:00,42,M0181,Food,high,C00346,23,1,1516,0.0407,463.41,netbanking,Canara,507346,14,0,0,0,0,0,0,0,0,1,0,0,0,31
TXN0003731,2024-02-12T16:13:00,42,M0127,Food,low,C00769,20,4,1474,0.1538,1112.25,netbanking,SBI,566071,16,0,0,0,0,1,0,0,0,0,0,0,0,30
TXN0003732,2024-02-12T23:50:00,42,M0010,SaaS,high,C00641,110,11,6582,0.129,5021.48,upi,Axis,536505,23,0,0,0,0,0,0,0,0,1,1,1,0,55
TXN0003733,2024-02-12T22:43:00,42,M0199,SaaS,mid,C00109,18,1,1747,0.0464,706.96,netbanking,SBI,556618,22,0,0,0,0,0,1,0,0,0,1,1,0,28
TXN0003734,2024-02-12T11:54:00,42,M0180,Food,low,C00676,205,16,3731,0.1246,2732.52,card,Kotak,589242,11,0,0,0,0,0,0,0,1,1,0,0,0,15
TXN0003735,2024-02-13T07:50:00,43,M0107,SaaS,mid,C00016,23,3,1452,0.0798,1433.02,upi,HDFC,572320,7,1,0,0,0,1,0,0,0,0,0,0,0,18
TXN0003736,2024-02-13T11:23:00,43,M0157,SaaS,mid,C01236,957,100,4823,0.0537,4184.8,card,Yes,565491,11,1,0,0,0,1,0,0,0,0,0,0,0,29
TXN0003737,2024-02-13T06:42:00,43,M0142,Retail,mid,C00780,270,19,3194,0.1202,3395.81,card,PNB,582152,6,1,0,0,0,0,0,0,0,0,0,0,0,24
TXN0003738,2024-02-13T11:16:00,43,M0028,Retail,mid,C00374,295,16,6772,0.0438,2965.2,card,Kotak,580188,11,1,0,0,0,0,1,0,0,0,1,1,0,64
TXN0003739,2024-02-13T16:48:00,43,M0029,Retail,high,C01346,8,1,1368,0.0887,1320.41,card,Yes,465139,16,1,0,0,0,0,0,0,0,0,0,0,0,29
TXN0003740,2024-02-13T18:22:00,43,M0042,Logistics,mid,C00649,917,54,4240,0.0152,15990.34,wallet,Yes,443733,18,1,0,0,0,1,0,0,0,0,0,0,1,62
TXN0003741,2024-02-13T08:18:00,43,M0046,SaaS,high,C01058,295,6,5975,0.0554,2664.98,wallet,ICICI,574443,8,1,0,0,0,0,0,0,0,0,0,0,0,68
TXN0003742,2024-02-13T01:47:00,43,M0046,SaaS,high,C00832,105,10,7905,0.0538,6023.37,wallet,Yes,497368,1,1,0,0,0,0,0,0,0,0,1,1,0,47
TXN0003743,2024-02-13T07:38:00,43,M0065,B2B,high,C00236,165,9,7902,0.1522,30563.73,card,Kotak,513175,7,1,0,0,0,0,0,0,0,0,1,1,0,64
TXN0003744,2024-02-13T09:21:00,43,M0170,Logistics,mid,C00488,73,10,4187,0.0391,10012.93,upi,Yes,594504,9,1,0,0,0,0,0,0,0,0,0,0,0,59
TXN0003745,2024-02-13T13:18:00,43,M0106,Services,high,C00749,21,1,1460,0.0459,2323.1,netbanking,HDFC,493859,13,1,0,0,0,0,0,1,0,0,1,1,0,22
TXN0003746,2024-02-13T12:09:00,43,M0014,Logistics,high,C01466,15,3,1413,0.1741,9872.65,upi,Yes,576240,12,1,0,6,0,0,0,0,0,0,0,0,1,13
TXN0003747,2024-02-13T19:59:00,43,M0196,Retail,low,C00414,216,6,1095,0.0964,521.17,card,Kotak,599505,19,1,0,0,0,0,0,0,0,0,0,0,0,60
TXN0003748,2024-02-13T09:37:00,43,M0120,Food,low,C01313,19,3,724,0.1902,2469.54,netbanking,Canara,515588,9,1,0,0,0,1,0,0,0,0,0,0,1,17
TXN0003749,2024-02-13T20:39:00,43,M0170,Logistics,mid,C00172,224,14,4956,0.0526,13882.51,netbanking,PNB,405266,20,1,0,0,0,1,0,0,0,0,0,0,0,32
TXN0003750,2024-02-13T13:18:00,43,M0051,Food,low,C00039,99,18,2442,0.1739,994.87,netbanking,Kotak,400845,13,1,0,0,0,0,0,1,0,0,1,1,0,30
TXN0003751,2024-02-13T16:20:00,43,M0157,SaaS,mid,C00734,20,3,635,0.1512,503.53,card,PNB,573622,16,1,0,0,0,0,0,0,0,1,0,0,0,50
TXN0003752,2024-02-13T18:40:00,43,M0184,Logistics,high,C00413,170,12,4947,0.0694,6637.49,wallet,Yes,410556,18,1,0,0,0,0,0,0,0,0,0,0,0,46
TXN0003753,2024-02-13T12:57:00,43,M0112,Logistics,mid,C01313,19,3,724,0.1902,8728.52,card,Kotak,583764,12,1,0,12,1,2,0,0,0,1,0,0,1,23
TXN0003754,2024-02-13T06:55:00,43,M0018,SaaS,high,C01187,158,12,5721,0.2214,4011.41,card,Kotak,559182,6,1,0,0,0,0,0,0,0,1,0,0,0,56
TXN0003755,2024-02-13T01:54:00,43,M0103,Services,low,C00169,92,14,6033,0.1224,5087.14,netbanking,HDFC,414405,1,1,0,0,0,0,0,0,0,0,0,0,0,20
TXN0003756,2024-02-13T06:13:00,43,M0106,Services,high,C01361,202,18,6341,0.0707,5883.89,netbanking,ICICI,509111,6,1,0,0,0,0,0,0,0,0,0,0,0,72
TXN0003757,2024-02-13T11:34:00,43,M0066,Food,mid,C00688,102,19,2995,0.0255,1315.13,netbanking,SBI,518596,11,1,0,0,0,2,0,0,0,1,0,0,0,58
TXN0003758,2024-02-13T05:19:00,43,M0017,B2B,low,C01095,777,113,8947,0.0105,33099.61,netbanking,Yes,545945,5,1,0,0,0,2,0,0,0,0,0,1,1,32
TXN0003759,2024-02-13T12:48:00,43,M0036,Retail,low,C00820,792,100,15240,0.0131,6263.0,netbanking,Axis,497325,12,1,0,0,0,1,0,0,0,0,0,0,0,33
TXN0003760,2024-02-13T18:51:00,43,M0056,Retail,low,C01426,201,11,7965,0.1505,2765.37,wallet,ICICI,555528,18,1,0,0,0,0,0,1,0,0,1,1,0,12
TXN0003761,2024-02-13T19:28:00,43,M0033,Logistics,low,C00087,17,3,684,0.0884,7411.53,upi,Canara,469279,19,1,0,0,0,0,0,0,0,0,1,1,0,41
TXN0003762,2024-02-13T02:45:00,43,M0010,SaaS,high,C00955,271,17,5954,0.1364,2245.68,wallet,Axis,490666,2,1,0,0,0,0,0,0,0,0,1,1,0,24
TXN0003763,2024-02-13T18:03:00,43,M0070,Services,low,C01298,215,13,7519,0.0801,2500.71,card,Canara,416940,18,1,0,0,0,1,1,0,0,1,1,1,0,71
TXN0003764,2024-02-13T09:16:00,43,M0149,Services,low,C01055,6,1,1085,0.0767,8044.04,upi,Kotak,411228,9,1,0,0,0,3,0,0,0,1,0,0,1,34
TXN0003765,2024-02-13T14:05:00,43,M0187,SaaS,high,C01383,16,3,833,0.1456,568.63,netbanking,ICICI,582963,14,1,0,0,0,0,0,1,0,0,1,1,0,69
TXN0003766,2024-02-13T08:04:00,43,M0001,Retail,high,C00235,294,6,5292,0.0091,1906.61,netbanking,SBI,560614,8,1,0,0,0,1,0,0,0,1,0,0,0,38
TXN0003767,2024-02-13T17:05:00,43,M0054,Retail,mid,C00193,299,13,3357,0.0334,2800.9,upi,Yes,507957,17,1,0,0,0,1,0,0,0,0,0,0,0,70
TXN0003768,2024-02-13T19:38:00,43,M0140,Logistics,high,C00687,211,10,3748,0.0173,9445.81,upi,ICICI,509473,19,1,0,0,0,0,0,1,0,1,1,1,0,54
TXN0003769,2024-02-13T20:14:00,43,M0015,Services,low,C00251,10,4,1419,0.1389,2238.17,card,Yes,542171,20,1,0,0,0,1,0,0,0,0,0,0,0,29
TXN0003770,2024-02-13T20:23:00,43,M0134,Services,low,C00696,22,2,823,0.2265,1675.28,wallet,HDFC,474321,20,1,0,0,0,0,0,0,0,0,0,0,0,58
TXN0003771,2024-02-13T08:31:00,43,M0004,Logistics,low,C00110,61,10,2173,0.1347,23485.54,card,ICICI,488640,8,1,0,0,0,0,0,1,0,0,1,1,0,17
TXN0003772,2024-02-13T09:20:00,43,M0090,Logistics,mid,C00946,172,19,7987,0.0982,2256.7,netbanking,Yes,436778,9,1,0,7,0,0,0,0,0,0,0,0,0,39
TXN0003773,2024-02-13T10:31:00,43,M0112,Logistics,mid,C01326,15,3,1882,0.0626,3268.33,card,PNB,561690,10,1,0,0,0,1,1,0,0,0,1,1,0,31
TXN0003774,2024-02-13T11:36:00,43,M0171,Retail,low,C00302,195,5,3958,0.0569,3374.45,wallet,Canara,519729,11,1,0,0,0,0,0,1,0,0,1,1,0,68
TXN0003775,2024-02-13T18:00:00,43,M0080,Logistics,low,C00903,25,4,727,0.0815,6447.71,card,ICICI,545814,18,1,0,1,0,0,0,0,0,0,1,1,0,12
TXN0003776,2024-02-13T09:19:00,43,M0156,Services,mid,C01036,209,8,7172,0.1514,1522.86,card,PNB,486930,9,1,0,0,0,0,0,0,0,0,0,0,0,39
TXN0003777,2024-02-13T05:45:00,43,M0118,Retail,mid,C01429,6,4,1564,0.0259,4717.23,netbanking,SBI,535880,5,1,0,0,0,0,0,0,0,0,0,0,0,22
TXN0003778,2024-02-13T16:09:00,43,M0081,Logistics,high,C00097,5,3,987,0.1265,6418.73,wallet,SBI,488779,16,1,0,0,0,0,0,0,0,0,0,0,0,67
TXN0003779,2024-02-13T14:24:00,43,M0048,SaaS,mid,C01371,76,11,7758,0.0835,6041.01,card,ICICI,456225,14,1,0,0,0,0,0,0,0,1,0,0,0,56
TXN0003780,2024-02-13T13:05:00,43,M0101,Food,low,C00092,746,97,10119,0.0086,5277.89,card,HDFC,529226,13,1,0,0,0,1,1,0,0,0,0,1,1,69
TXN0003781,2024-02-13T15:47:00,43,M0181,Food,high,C00107,756,86,22674,0.0092,8546.31,netbanking,Canara,483619,15,1,0,0,0,1,0,0,0,0,0,0,0,69
TXN0003782,2024-02-13T16:29:00,43,M0075,Retail,mid,C00757,18,3,1376,0.032,2910.79,upi,Axis,561183,16,1,0,0,0,0,0,0,0,1,0,0,1,29
TXN0003783,2024-02-13T16:15:00,43,M0099,B2B,low,C01100,9,4,1652,0.2786,17789.26,upi,Axis,444886,16,1,0,0,0,0,0,0,0,1,0,0,1,36
TXN0003784,2024-02-13T07:10:00,43,M0110,Food,high,C00929,9,4,1841,0.0442,2153.83,upi,PNB,416763,7,1,0,0,0,0,0,0,0,0,0,0,1,21
TXN0003785,2024-02-13T20:32:00,43,M0106,Services,high,C01339,5,4,1990,0.0703,8580.75,netbanking,ICICI,400642,20,1,0,0,0,0,0,0,0,0,0,0,0,53
TXN0003786,2024-02-13T20:15:00,43,M0132,Food,mid,C01104,912,59,23175,0.0085,8557.35,card,Axis,427710,20,1,0,0,0,0,0,0,0,0,0,0,0,51
TXN0003787,2024-02-13T10:05:00,43,M0063,SaaS,high,C00247,904,100,13694,0.0007,22777.66,netbanking,Canara,476572,10,1,0,0,0,0,0,0,0,0,1,1,0,57
TXN0003788,2024-02-13T13:52:00,43,M0132,Food,mid,C00138,299,8,6827,0.2364,3392.57,card,Kotak,419637,13,1,0,0,0,3,0,0,0,1,0,0,0,23
TXN0003789,2024-02-13T18:01:00,43,M0090,Logistics,mid,C01174,13,1,894,0.1125,10601.57,netbanking,PNB,518988,18,1,0,0,0,0,0,0,0,1,0,0,0,29
TXN0003790,2024-02-13T11:13:00,43,M0027,Services,high,C00180,200,13,7760,0.0326,3875.97,upi,Axis,424445,11,1,0,0,0,1,0,0,0,0,0,0,0,65
TXN0003791,2024-02-13T19:37:00,43,M0167,SaaS,low,C00732,243,18,4028,0.0667,3421.97,wallet,Yes,495704,19,1,0,0,0,0,0,0,0,0,0,0,0,38
TXN0003792,2024-02-13T19:35:00,43,M0129,Services,low,C00533,246,5,2907,0.0373,3471.32,wallet,SBI,413274,19,1,0,0,0,2,0,0,0,0,0,0,0,52
TXN0003793,2024-02-13T12:52:00,43,M0195,Food,high,C00397,20,3,885,0.0456,422.77,wallet,ICICI,471896,12,1,0,0,0,0,0,0,0,0,0,0,1,36
TXN0003794,2024-02-13T11:57:00,43,M0142,Retail,mid,C00656,24,3,1063,0.0277,1511.0,netbanking,Kotak,554089,11,1,0,0,0,0,0,0,0,1,0,0,0,19
TXN0003795,2024-02-13T15:51:00,43,M0060,Services,high,C00751,13,3,1221,0.0318,4865.94,card,ICICI,557240,15,1,0,0,0,0,0,0,0,1,1,1,0,30
TXN0003796,2024-02-13T13:17:00,43,M0081,Logistics,high,C00062,23,4,1800,0.1931,7787.11,card,Kotak,413554,13,1,0,13,1,2,0,0,0,0,0,0,0,63
TXN0003797,2024-02-13T08:14:00,43,M0015,Services,low,C00347,7,3,1414,0.0066,5702.25,wallet,Canara,567074,8,1,0,0,0,0,0,0,0,0,0,0,0,66
TXN0003798,2024-02-13T15:50:00,43,M0029,Retail,high,C00519,12,3,1935,0.1677,1622.91,netbanking,Axis,544471,15,1,0,8,0,0,0,0,0,0,0,0,0,25
TXN0003799,2024-02-13T19:16:00,43,M0186,B2B,mid,C00475,116,18,5922,0.0285,45147.13,card,PNB,519249,19,1,0,0,0,1,0,0,0,0,0,1,0,50
TXN0003800,2024-02-13T00:31:00,43,M0098,Retail,mid,C00055,7,2,505,0.0761,650.4,upi,SBI,575232,0,1,0,0,0,0,0,0,0,0,0,0,1,18
TXN0003801,2024-02-13T15:13:00,43,M0199,SaaS,mid,C01367,216,9,6780,0.1966,6436.58,netbanking,Kotak,440177,15,1,0,0,0,0,0,0,0,1,0,0,0,21
TXN0003802,2024-02-13T11:09:00,43,M0198,Food,mid,C01034,206,20,3242,0.1247,1331.84,netbanking,Kotak,589624,11,1,0,0,0,0,0,0,0,1,0,0,0,49
TXN0003803,2024-02-13T20:23:00,43,M0135,Retail,low,C00253,122,10,6614,0.0795,3588.93,wallet,Yes,404004,20,1,0,0,0,1,1,0,0,0,1,1,0,48
TXN0003804,2024-02-13T12:09:00,43,M0062,B2B,low,C00680,76,14,5093,0.1005,17692.59,netbanking,Kotak,537535,12,1,0,0,0,0,0,1,0,1,1,1,0,53
TXN0003805,2024-02-13T08:18:00,43,M0067,Food,mid,C00605,13,3,1579,0.0919,1986.88,wallet,HDFC,428381,8,1,0,0,0,0,1,1,0,0,1,1,0,60
TXN0003806,2024-02-13T10:39:00,43,M0002,B2B,low,C00481,9,3,1477,0.2252,33587.57,upi,Kotak,549505,10,1,0,0,0,0,0,1,0,1,1,1,0,19
TXN0003807,2024-02-13T09:54:00,43,M0101,Food,low,C01446,83,11,7007,0.0191,1356.66,netbanking,Kotak,497882,9,1,0,0,0,0,0,0,0,1,0,0,0,13
TXN0003808,2024-02-13T09:33:00,43,M0166,SaaS,mid,C01368,758,106,23888,0.0261,3711.76,upi,HDFC,552486,9,1,0,0,0,0,0,0,0,1,0,0,0,14
TXN0003809,2024-02-13T07:52:00,43,M0032,Food,low,C01231,995,108,4780,0.002,3044.85,wallet,Canara,453494,7,1,0,0,0,0,0,0,0,0,0,0,0,66
TXN0003810,2024-02-13T10:51:00,43,M0108,Food,high,C01430,24,1,1398,0.0992,1090.26,upi,Axis,542644,10,1,0,0,0,0,0,0,0,0,0,0,1,55
TXN0003811,2024-02-13T16:19:00,43,M0092,Food,low,C01168,266,17,7311,0.0744,3499.2,netbanking,Canara,475384,16,1,0,0,0,0,0,0,0,0,0,0,0,49
TXN0003812,2024-02-13T00:09:00,43,M0048,SaaS,mid,C00937,921,82,21040,0.0016,1697.55,netbanking,PNB,417008,0,1,0,0,0,1,0,0,0,1,1,1,0,64
TXN0003813,2024-02-13T14:47:00,43,M0086,Retail,high,C01145,19,4,1574,0.0565,2059.76,card,Canara,540250,14,1,0,0,0,1,1,0,0,0,1,1,0,71
TXN0003814,2024-02-13T13:25:00,43,M0092,Food,low,C00796,981,110,16531,0.053,7668.33,netbanking,Kotak,467566,13,1,0,0,0,1,0,0,0,0,0,0,0,40
TXN0003815,2024-02-13T15:52:00,43,M0113,Services,high,C00577,64,16,6605,0.0782,3862.82,wallet,Kotak,480760,15,1,0,0,0,0,1,0,0,0,0,1,0,15
TXN0003816,2024-02-13T22:20:00,43,M0178,Logistics,low,C00993,8,1,1819,0.1277,10074.03,wallet,Kotak,467719,22,1,0,0,0,0,0,0,0,1,0,0,0,52
TXN0003817,2024-02-13T12:15:00,43,M0065,B2B,high,C01224,168,17,1803,0.2423,26814.61,card,HDFC,596179,12,1,0,0,0,1,0,0,0,0,1,1,0,61
TXN0003818,2024-02-13T18:46:00,43,M0147,SaaS,mid,C00057,299,11,4482,0.0391,2015.72,card,ICICI,468430,18,1,0,0,0,1,0,0,0,0,0,0,0,65
TXN0003819,2024-02-14T10:29:00,44,M0016,Services,high,C00096,97,5,3271,0.041,2280.76,upi,SBI,439911,10,2,0,0,0,1,0,0,0,0,0,0,0,53
TXN0003820,2024-02-14T15:35:00,44,M0088,Food,low,C01102,18,2,502,0.0708,1366.26,upi,Canara,507149,15,2,0,0,0,0,0,0,0,1,0,0,1,26
TXN0003821,2024-02-14T09:55:00,44,M0004,Logistics,low,C01419,11,2,726,0.1334,4513.84,wallet,Canara,527285,9,2,0,0,0,1,0,0,0,0,0,0,1,63
TXN0003822,2024-02-14T09:46:00,44,M0119,Retail,high,C00427,24,3,1936,0.0865,572.69,upi,SBI,470253,9,2,0,0,0,0,0,0,0,0,0,0,0,19
TXN0003823,2024-02-14T16:21:00,44,M0036,Retail,low,C00076,287,20,5432,0.1246,11089.97,card,Axis,491267,16,2,0,0,0,1,0,0,0,0,0,0,0,34
TXN0003824,2024-02-14T18:17:00,44,M0020,B2B,low,C00647,25,4,1433,0.0659,8258.32,card,Kotak,499704,18,2,0,0,0,0,1,0,0,0,1,1,0,46
TXN0003825,2024-02-14T00:49:00,44,M0013,Logistics,high,C00598,256,19,3365,0.1542,3192.0,card,HDFC,471487,0,2,0,0,0,0,0,0,0,0,0,0,0,60
TXN0003826,2024-02-14T04:54:00,44,M0073,SaaS,high,C01101,22,3,1785,0.1531,1598.89,netbanking,SBI,597251,4,2,0,0,0,0,0,0,0,0,0,0,1,58
TXN0003827,2024-02-14T18:02:00,44,M0147,SaaS,mid,C00275,197,10,5545,0.0476,1814.75,card,HDFC,487738,18,2,0,0,0,0,0,0,0,0,0,0,0,46
TXN0003828,2024-02-14T19:27:00,44,M0158,Retail,low,C00634,92,8,4323,0.2108,7889.93,wallet,Yes,549020,19,2,0,0,0,0,0,0,0,0,0,0,0,71
TXN0003829,2024-02-14T20:07:00,44,M0063,SaaS,high,C01069,740,66,8096,0.0128,2850.22,wallet,Axis,527220,20,2,0,0,0,0,0,0,0,0,0,0,0,25
TXN0003830,2024-02-14T16:04:00,44,M0152,Retail,high,C00475,116,18,5922,0.0285,8150.39,upi,Axis,431438,16,2,0,0,1,2,0,0,1,0,0,0,0,58
TXN0003831,2024-02-14T20:55:00,44,M0126,B2B,low,C00241,746,61,16280,0.0092,34235.49,wallet,Kotak,464380,20,2,0,0,0,0,0,0,0,0,1,1,0,52
TXN0003832,2024-02-14T09:18:00,44,M0036,Retail,low,C00164,66,16,5538,0.1122,3521.1,netbanking,Canara,493212,9,2,0,14,0,2,0,0,0,0,0,0,1,35
TXN0003833,2024-02-14T14:38:00,44,M0175,Food,low,C01048,91,10,5312,0.1216,5218.93,card,ICICI,546517,14,2,0,0,0,0,0,0,0,0,0,0,0,56
TXN0003834,2024-02-14T18:34:00,44,M0088,Food,low,C00505,18,4,1607,0.0104,1700.51,netbanking,Axis,445714,18,2,0,0,0,0,0,0,0,1,0,0,0,30
TXN0003835,2024-02-14T14:07:00,44,M0148,SaaS,mid,C00466,11,3,1294,0.1314,2592.63,wallet,Canara,550279,14,2,0,0,0,0,0,1,0,1,1,1,0,40
TXN0003836,2024-02-14T11:44:00,44,M0015,Services,low,C01250,832,75,11273,0.0124,10565.84,card,HDFC,575278,11,2,0,13,0,0,0,0,0,0,0,0,0,63
TXN0003837,2024-02-14T22:02:00,44,M0109,Services,low,C00881,257,14,5596,0.1712,4991.49,wallet,ICICI,501237,22,2,0,0,0,0,0,0,1,0,0,0,0,35
TXN0003838,2024-02-14T13:52:00,44,M0174,SaaS,low,C00055,7,2,505,0.0761,639.83,card,Axis,438049,13,2,0,0,0,1,0,0,0,0,0,0,1,52
TXN0003839,2024-02-14T11:10:00,44,M0170,Logistics,mid,C00031,114,19,3677,0.0731,4478.95,card,SBI,569260,11,2,0,0,0,0,0,0,0,0,0,0,0,37
TXN0003840,2024-02-14T04:12:00,44,M0112,Logistics,mid,C00485,260,20,2464,0.0804,2819.4,upi,Axis,442221,4,2,0,0,0,1,0,0,0,1,0,0,0,27
TXN0003841,2024-02-14T17:46:00,44,M0094,SaaS,high,C00950,23,4,1808,0.0475,1708.88,upi,Yes,481505,17,2,0,0,0,0,0,0,0,0,0,0,0,36
TXN0003842,2024-02-14T11:21:00,44,M0093,SaaS,mid,C00390,180,11,5099,0.0301,1807.11,card,ICICI,454011,11,2,0,0,0,0,1,0,0,1,1,1,0,35
TXN0003843,2024-02-14T22:03:00,44,M0160,Services,mid,C00685,24,2,629,0.1519,1591.62,card,PNB,435050,22,2,0,0,0,0,0,0,0,0,0,0,1,54
TXN0003844,2024-02-14T21:32:00,44,M0142,Retail,mid,C00839,9,4,1493,0.0814,2250.56,card,ICICI,567894,21,2,0,0,0,0,0,0,0,0,0,0,1,14
TXN0003845,2024-02-14T18:45:00,44,M0033,Logistics,low,C01306,119,14,5041,0.0461,13537.41,upi,Yes,474505,18,2,0,0,0,0,0,0,0,0,1,1,0,61
TXN0003846,2024-02-14T08:19:00,44,M0069,SaaS,high,C01114,880,108,7723,0.0341,6683.21,card,Canara,414607,8,2,0,0,0,0,0,0,0,1,0,0,0,29
TXN0003847,2024-02-14T00:15:00,44,M0144,Retail,low,C00681,6,3,1976,0.0131,887.32,netbanking,PNB,594560,0,2,0,12,0,0,0,0,0,1,0,0,1,51
TXN0003848,2024-02-14T11:49:00,44,M0106,Services,high,C00147,17,3,1019,0.2216,982.22,netbanking,HDFC,505193,11,2,0,0,0,0,0,0,0,0,0,0,0,57
TXN0003849,2024-02-14T20:27:00,44,M0178,Logistics,low,C01091,62,16,2796,0.1742,11046.79,upi,Axis,434039,20,2,0,0,0,1,1,0,0,0,1,1,0,60
TXN0003850,2024-02-14T17:21:00,44,M0115,Services,high,C00998,188,8,4691,0.1272,6291.06,wallet,Axis,542346,17,2,0,0,0,0,0,0,0,1,0,0,0,69
TXN0003851,2024-02-14T14:19:00,44,M0107,SaaS,mid,C01342,17,4,1571,0.174,499.07,netbanking,Kotak,460355,14,2,0,0,0,1,0,0,0,0,0,0,1,58
TXN0003852,2024-02-14T21:19:00,44,M0009,Retail,low,C00490,819,113,17384,0.0002,5588.18,netbanking,SBI,475410,21,2,0,0,0,1,0,0,0,0,0,0,0,23
TXN0003853,2024-02-14T16:13:00,44,M0052,Logistics,mid,C00490,819,113,17384,0.0002,33616.44,wallet,HDFC,598922,16,2,0,1,1,2,0,0,0,0,0,1,0,51
TXN0003854,2024-02-14T19:08:00,44,M0171,Retail,low,C01138,18,4,1038,0.3389,2234.78,netbanking,SBI,584101,19,2,0,0,0,0,0,1,0,1,0,1,1,34
TXN0003855,2024-02-14T15:51:00,44,M0132,Food,mid,C00225,883,68,18172,0.0458,8419.06,netbanking,Yes,520184,15,2,0,0,0,0,0,1,0,0,1,1,0,39
TXN0003856,2024-02-14T14:29:00,44,M0170,Logistics,mid,C01058,295,6,5975,0.0554,9380.49,card,Kotak,512406,14,2,0,0,0,1,1,0,0,0,1,1,0,54
TXN0003857,2024-02-14T06:39:00,44,M0088,Food,low,C01438,223,12,1229,0.2301,1456.68,card,PNB,532817,6,2,0,13,0,2,0,0,0,0,0,0,0,57
TXN0003858,2024-02-14T10:06:00,44,M0199,SaaS,mid,C01261,22,4,765,0.0873,1005.52,card,ICICI,465536,10,2,0,0,0,2,0,0,0,1,0,0,1,33
TXN0003859,2024-02-14T08:02:00,44,M0063,SaaS,high,C00716,763,74,18003,0.0019,6313.01,netbanking,SBI,413206,8,2,0,0,0,1,0,0,0,0,0,0,0,40
TXN0003860,2024-02-14T10:26:00,44,M0074,Services,high,C00583,15,2,1989,0.0074,6586.75,upi,Kotak,418488,10,2,0,0,0,0,0,0,0,0,1,1,0,15
TXN0003861,2024-02-14T06:35:00,44,M0183,Retail,mid,C00523,973,109,20713,0.0508,9938.22,upi,Axis,498271,6,2,0,0,0,0,0,0,0,1,0,0,0,38
TXN0003862,2024-02-14T19:41:00,44,M0153,Food,low,C01233,239,11,5229,0.0346,3017.89,netbanking,Axis,446817,19,2,0,0,0,1,0,0,0,0,1,1,0,44
TXN0003863,2024-02-14T07:51:00,44,M0172,Food,mid,C00737,14,4,754,0.1322,801.14,netbanking,PNB,563786,7,2,0,0,0,1,0,0,0,0,0,0,0,38
TXN0003864,2024-02-14T13:17:00,44,M0145,SaaS,low,C00262,944,119,4204,0.0321,1296.45,upi,HDFC,407391,13,2,0,6,0,0,0,1,0,1,0,1,0,63
TXN0003865,2024-02-14T19:57:00,44,M0081,Logistics,high,C00467,240,13,7839,0.1495,13090.58,upi,Kotak,494959,19,2,0,0,0,0,0,0,0,1,0,0,0,25
TXN0003866,2024-02-14T14:15:00,44,M0030,B2B,high,C00178,20,4,1085,0.1022,14228.2,wallet,Canara,590490,14,2,0,0,0,0,0,0,0,1,0,0,1,50
TXN0003867,2024-02-14T13:16:00,44,M0068,B2B,low,C00128,262,15,1539,0.0667,17872.27,upi,Kotak,405073,13,2,0,0,0,2,0,0,0,0,0,0,0,12
TXN0003868,2024-02-14T13:43:00,44,M0168,Food,high,C01006,228,20,5218,0.0396,19737.31,netbanking,ICICI,456331,13,2,0,0,0,0,0,0,0,1,0,0,0,25
TXN0003869,2024-02-14T09:10:00,44,M0024,B2B,mid,C00461,24,1,1074,0.0982,38410.91,netbanking,PNB,460058,9,2,0,0,0,1,0,0,0,0,1,1,0,31
TXN0003870,2024-02-14T13:59:00,44,M0135,Retail,low,C00537,11,4,1296,0.1487,1036.69,wallet,Axis,492106,13,2,0,0,0,1,0,0,0,0,0,0,0,70
TXN0003871,2024-02-14T11:51:00,44,M0193,B2B,low,C01427,9,3,632,0.0787,38845.73,upi,ICICI,405289,11,2,0,0,0,0,0,0,0,1,0,1,1,62
TXN0003872,2024-02-14T17:47:00,44,M0065,B2B,high,C01076,72,10,1334,0.0015,16667.24,netbanking,Kotak,505040,17,2,0,0,0,0,0,0,0,0,0,0,0,71
TXN0003873,2024-02-14T18:06:00,44,M0142,Retail,mid,C01321,14,2,1098,0.1209,2532.81,upi,PNB,473457,18,2,0,0,0,0,0,0,0,0,0,0,0,14
TXN0003874,2024-02-14T11:54:00,44,M0039,Logistics,mid,C00569,66,14,2386,0.1049,1436.26,netbanking,Canara,526601,11,2,0,0,0,0,0,0,0,1,0,0,0,22
TXN0003875,2024-02-14T06:44:00,44,M0110,Food,high,C01374,5,2,1806,0.0599,2571.02,upi,Yes,422285,6,2,0,0,0,0,1,0,0,1,0,1,1,36
TXN0003876,2024-02-14T09:36:00,44,M0072,SaaS,high,C00566,81,17,5110,0.0665,4412.22,netbanking,PNB,556264,9,2,0,0,0,1,0,0,0,0,0,0,0,16
TXN0003877,2024-02-14T06:35:00,44,M0133,SaaS,mid,C00464,277,10,7203,0.1165,3619.19,wallet,ICICI,578147,6,2,0,0,0,0,0,0,0,1,0,0,1,45
TXN0003878,2024-02-14T09:02:00,44,M0092,Food,low,C00629,174,16,3559,0.0527,2222.24,wallet,Kotak,505649,9,2,0,0,0,0,1,0,0,1,1,1,0,48
TXN0003879,2024-02-14T13:49:00,44,M0072,SaaS,high,C00146,81,16,1554,0.283,1861.65,upi,Yes,520847,13,2,0,0,0,1,0,0,0,0,0,0,0,62
TXN0003880,2024-02-14T20:55:00,44,M0191,Logistics,high,C00817,276,9,2012,0.075,13451.75,card,Canara,559771,20,2,0,0,0,1,0,0,0,1,1,1,0,61
TXN0003881,2024-02-14T18:04:00,44,M0015,Services,low,C00521,13,2,672,0.1413,2526.58,netbanking,PNB,491871,18,2,0,0,0,0,0,0,0,1,0,0,0,36
TXN0003882,2024-02-14T19:00:00,44,M0020,B2B,low,C01278,877,118,18188,0.0099,47743.44,upi,Canara,446045,19,2,0,0,0,1,0,0,0,0,1,1,0,71
TXN0003883,2024-02-14T09:10:00,44,M0176,SaaS,low,C00464,277,10,7203,0.1165,4661.32,upi,Kotak,409188,9,2,0,0,1,1,0,0,0,1,0,0,0,66
TXN0003884,2024-02-14T12:56:00,44,M0158,Retail,low,C00788,272,13,5066,0.0347,4355.65,upi,HDFC,551263,12,2,0,0,0,0,0,0,0,0,0,0,0,46
TXN0003885,2024-02-14T03:18:00,44,M0000,Logistics,low,C01378,23,4,818,0.0869,11616.63,upi,Axis,559363,3,2,0,0,0,0,1,0,0,0,1,1,0,72
TXN0003886,2024-02-14T10:51:00,44,M0031,Food,mid,C01372,164,10,6204,0.1709,1774.5,netbanking,Kotak,517957,10,2,0,0,0,0,0,0,0,0,0,0,0,12
TXN0003887,2024-02-14T23:06:00,44,M0147,SaaS,mid,C00547,197,17,2555,0.0928,784.89,upi,Axis,550911,23,2,0,0,0,0,0,0,0,0,0,0,0,49
TXN0003888,2024-02-14T23:33:00,44,M0192,B2B,mid,C01366,185,10,4878,0.1548,18407.76,upi,HDFC,592550,23,2,0,0,0,0,0,0,0,0,1,1,0,24
TXN0003889,2024-02-14T11:27:00,44,M0030,B2B,high,C01292,226,7,1633,0.3705,11982.45,card,Kotak,586605,11,2,0,0,0,0,0,0,0,1,1,1,0,37
TXN0003890,2024-02-14T15:11:00,44,M0033,Logistics,low,C01034,206,20,3242,0.1247,7934.13,card,Kotak,467452,15,2,0,0,0,1,0,0,0,0,0,0,0,63
TXN0003891,2024-02-14T08:42:00,44,M0111,Logistics,low,C00570,877,51,14248,0.0283,8545.75,wallet,ICICI,594849,8,2,0,0,0,0,0,0,0,0,0,0,0,19
TXN0003892,2024-02-14T17:40:00,44,M0067,Food,mid,C00781,193,11,3984,0.0716,3132.17,wallet,PNB,496908,17,2,0,0,0,1,0,0,0,0,0,0,0,44
TXN0003893,2024-02-14T04:44:00,44,M0092,Food,low,C00507,22,3,985,0.0587,401.01,wallet,PNB,597120,4,2,0,0,0,0,0,0,0,0,0,0,1,14
TXN0003894,2024-02-14T13:14:00,44,M0032,Food,low,C01176,13,4,908,0.0867,916.14,upi,Canara,568741,13,2,0,0,0,0,0,0,0,0,0,0,0,65
TXN0003895,2024-02-14T11:24:00,44,M0103,Services,low,C00465,97,20,3939,0.0191,1893.47,card,SBI,470304,11,2,0,0,0,0,0,0,0,0,0,0,0,53
TXN0003896,2024-02-14T21:36:00,44,M0048,SaaS,mid,C01403,124,18,3764,0.1493,4199.14,upi,Canara,428366,21,2,0,0,0,0,0,0,0,0,0,0,0,13
TXN0003897,2024-02-14T14:20:00,44,M0152,Retail,high,C00906,217,13,6576,0.0693,6947.81,card,Canara,596184,14,2,0,0,0,0,0,0,0,0,0,0,0,29
TXN0003898,2024-02-14T19:51:00,44,M0154,Retail,low,C00652,73,15,5382,0.1701,6743.72,upi,Axis,481904,19,2,0,0,0,0,0,0,0,1,0,0,0,30
TXN0003899,2024-02-14T11:55:00,44,M0143,Logistics,mid,C00502,12,3,819,0.0237,7668.69,wallet,Axis,469730,11,2,0,0,0,2,0,0,0,0,0,0,0,21
TXN0003900,2024-02-14T16:58:00,44,M0193,B2B,low,C01410,23,4,940,0.1409,25891.92,netbanking,Kotak,529813,16,2,0,0,0,0,0,0,0,0,1,1,0,59
TXN0003901,2024-02-15T14:25:00,45,M0061,Services,low,C01303,959,102,23671,0.0101,5278.93,card,Canara,404920,14,3,0,0,0,0,0,0,0,0,0,0,0,55
TXN0003902,2024-02-15T16:02:00,45,M0069,SaaS,high,C00409,6,2,712,0.0617,628.8,card,ICICI,578842,16,3,0,0,0,0,0,1,0,0,0,1,1,32
TXN0003903,2024-02-15T08:33:00,45,M0021,SaaS,mid,C00887,8,3,791,0.0813,538.88,card,SBI,418675,8,3,0,0,0,0,0,0,0,1,0,0,0,67
TXN0003904,2024-02-15T18:10:00,45,M0153,Food,low,C01181,195,16,4262,0.0149,1419.92,upi,HDFC,597356,18,3,0,0,0,0,0,0,0,0,0,0,0,27
TXN0003905,2024-02-15T15:02:00,45,M0123,Logistics,high,C00179,255,17,3997,0.1177,4963.98,netbanking,Yes,526904,15,3,0,0,0,1,0,0,0,0,0,0,0,20
TXN0003906,2024-02-15T12:01:00,45,M0097,Services,low,C00295,90,18,6685,0.0351,4955.09,card,SBI,568321,12,3,0,13,0,0,0,0,0,0,0,0,0,65
TXN0003907,2024-02-15T06:35:00,45,M0018,SaaS,high,C01377,16,3,1214,0.1358,1154.27,netbanking,HDFC,570816,6,3,0,0,0,0,0,0,0,0,0,0,1,27
TXN0003908,2024-02-15T12:48:00,45,M0024,B2B,mid,C01274,81,6,3286,0.0105,65414.69,netbanking,Yes,595216,12,3,0,0,0,2,0,0,0,0,1,1,0,47
TXN0003909,2024-02-15T20:25:00,45,M0114,Logistics,mid,C00860,135,18,4293,0.257,6333.49,card,Canara,409546,20,3,0,1,0,0,0,0,0,0,1,1,0,39
TXN0003910,2024-02-15T07:28:00,45,M0131,Logistics,high,C00118,24,4,1912,0.1164,14092.92,wallet,HDFC,452408,7,3,0,0,0,2,1,0,0,0,1,1,0,52
TXN0003911,2024-02-15T18:44:00,45,M0010,SaaS,high,C01487,880,97,23236,0.0125,11392.09,card,HDFC,491233,18,3,0,0,0,0,0,0,0,1,0,0,0,37
TXN0003912,2024-02-15T11:26:00,45,M0193,B2B,low,C01041,197,11,6635,0.0326,16710.79,upi,PNB,568141,11,3,0,0,0,0,0,0,0,0,0,0,0,29
TXN0003913,2024-02-15T09:14:00,45,M0153,Food,low,C00561,25,3,576,0.1278,1696.73,card,Yes,422830,9,3,0,0,0,0,0,0,0,0,0,0,0,35
TXN0003914,2024-02-15T13:16:00,45,M0109,Services,low,C00673,806,50,4239,0.0236,3309.17,upi,Yes,443050,13,3,0,0,0,0,0,0,0,0,0,0,0,50
TXN0003915,2024-02-15T10:23:00,45,M0086,Retail,high,C00186,244,6,5780,0.0759,3741.42,wallet,Kotak,445825,10,3,0,0,0,0,0,0,0,0,0,0,0,33
TXN0003916,2024-02-15T07:54:00,45,M0018,SaaS,high,C01188,22,1,1190,0.1683,1695.28,netbanking,ICICI,596236,7,3,0,0,0,0,0,0,0,0,0,0,0,52
TXN0003917,2024-02-15T08:51:00,45,M0124,Retail,low,C00836,932,88,5871,0.004,3708.24,upi,ICICI,549121,8,3,0,0,0,0,0,0,0,0,0,0,0,21
TXN0003918,2024-02-15T19:38:00,45,M0001,Retail,high,C00821,7,4,1949,0.2503,1008.34,card,PNB,496561,19,3,0,10,0,0,0,0,0,1,0,0,0,46
TXN0003919,2024-02-15T20:32:00,45,M0164,Logistics,high,C00902,20,3,575,0.048,14483.25,card,Yes,576708,20,3,0,0,0,2,0,0,0,0,0,0,1,52
TXN0003920,2024-02-15T10:05:00,45,M0145,SaaS,low,C00928,10,3,1635,0.0628,4144.57,upi,ICICI,463766,10,3,0,0,0,0,0,0,0,0,0,0,0,27
TXN0003921,2024-02-15T21:58:00,45,M0058,B2B,low,C00781,193,11,3984,0.0716,17370.52,wallet,PNB,428692,21,3,0,0,0,1,0,0,0,0,0,0,0,57
TXN0003922,2024-02-15T23:23:00,45,M0014,Logistics,high,C00181,300,16,7184,0.0367,28146.38,netbanking,ICICI,413107,23,3,0,0,0,0,0,0,0,0,1,1,0,40
TXN0003923,2024-02-15T10:01:00,45,M0080,Logistics,low,C00838,827,61,12860,0.0338,15134.45,upi,PNB,404423,10,3,0,0,0,0,0,0,0,0,0,0,0,28
TXN0003924,2024-02-15T08:11:00,45,M0178,Logistics,low,C01388,776,89,7635,0.0318,11522.06,card,PNB,441475,8,3,0,0,0,0,0,0,0,0,1,1,0,46
TXN0003925,2024-02-15T14:52:00,45,M0038,B2B,mid,C01036,209,8,7172,0.1514,27622.0,netbanking,HDFC,570337,14,3,0,0,0,1,0,0,0,1,0,0,0,49
TXN0003926,2024-02-15T07:32:00,45,M0112,Logistics,mid,C01083,194,5,2367,0.1078,17826.94,card,Axis,575870,7,3,0,0,0,1,0,0,0,1,0,0,0,30
TXN0003927,2024-02-15T04:08:00,45,M0151,Food,low,C00554,25,3,1881,0.1038,808.9,netbanking,Axis,595734,4,3,0,0,0,1,0,0,1,0,1,1,0,72
TXN0003928,2024-02-15T11:58:00,45,M0007,Food,mid,C00507,22,3,985,0.0587,570.62,wallet,Axis,416690,11,3,0,0,0,1,0,0,1,0,0,0,0,62
TXN0003929,2024-02-15T11:38:00,45,M0063,SaaS,high,C01042,11,2,1733,0.1162,1682.1,wallet,Yes,497991,11,3,0,0,0,0,0,0,0,0,0,0,1,24
TXN0003930,2024-02-15T17:32:00,45,M0120,Food,low,C01340,5,4,975,0.1102,803.51,card,ICICI,544696,17,3,0,0,0,0,0,0,0,0,0,0,0,61
TXN0003931,2024-02-15T18:38:00,45,M0035,SaaS,mid,C00232,9,1,1034,0.0886,703.57,netbanking,Canara,590558,18,3,0,9,0,0,0,0,0,0,0,0,1,35
TXN0003932,2024-02-15T13:24:00,45,M0157,SaaS,mid,C01362,246,18,2751,0.1251,5214.75,upi,SBI,554661,13,3,0,0,0,1,0,0,0,0,0,0,0,68
TXN0003933,2024-02-15T22:08:00,45,M0020,B2B,low,C01091,62,16,2796,0.1742,14980.01,upi,Canara,576002,22,3,0,0,0,2,0,0,0,0,1,1,0,35
TXN0003934,2024-02-15T19:36:00,45,M0175,Food,low,C01002,254,13,4980,0.0896,1753.35,card,SBI,407544,19,3,0,0,0,0,0,0,0,0,0,0,0,72
TXN0003935,2024-02-15T17:45:00,45,M0076,Services,high,C00579,15,4,1845,0.033,687.45,upi,Axis,405937,17,3,0,0,0,2,0,0,0,0,0,0,1,17
TXN0003936,2024-02-15T17:46:00,45,M0053,Retail,low,C00465,97,20,3939,0.0191,10475.75,card,Axis,516997,17,3,0,0,0,1,0,0,0,0,0,0,0,55
TXN0003937,2024-02-15T20:59:00,45,M0075,Retail,mid,C00106,22,3,1872,0.0279,4317.22,netbanking,PNB,551864,20,3,0,0,0,0,0,0,0,0,0,0,1,29
TXN0003938,2024-02-15T16:26:00,45,M0126,B2B,low,C00251,10,4,1419,0.1389,5087.84,netbanking,SBI,578681,16,3,0,0,0,2,0,0,0,1,0,0,0,38
TXN0003939,2024-02-15T16:40:00,45,M0046,SaaS,high,C01020,177,15,2185,0.0597,2466.53,netbanking,HDFC,518087,16,3,0,0,0,0,0,0,0,1,0,0,0,51
TXN0003940,2024-02-15T12:07:00,45,M0095,Food,low,C00698,85,12,7043,0.0717,7453.98,upi,SBI,414870,12,3,0,0,0,1,0,0,0,0,0,0,0,30
TXN0003941,2024-02-15T09:43:00,45,M0075,Retail,mid,C00829,974,88,7869,0.0713,3086.64,upi,Yes,580238,9,3,0,0,0,0,0,0,0,1,0,0,0,41
TXN0003942,2024-02-15T08:42:00,45,M0044,Logistics,low,C00634,92,8,4323,0.2108,79747.98,upi,Canara,500264,8,3,0,0,1,1,0,0,0,0,1,1,0,39
TXN0003943,2024-02-15T08:22:00,45,M0079,Retail,high,C01498,12,2,1312,0.0618,1500.78,wallet,SBI,484643,8,3,0,0,0,0,0,0,0,1,0,0,0,55
TXN0003944,2024-02-15T06:59:00,45,M0152,Retail,high,C00861,1000,68,16236,0.0134,5795.54,wallet,ICICI,534864,6,3,0,0,0,0,0,0,0,0,0,0,1,45
TXN0003945,2024-02-15T13:12:00,45,M0020,B2B,low,C00990,18,3,1979,0.06,22476.43,netbanking,ICICI,475429,13,3,0,0,0,1,0,0,0,0,1,1,0,59
TXN0003946,2024-02-15T10:44:00,45,M0181,Food,high,C01471,226,11,7159,0.0178,1737.65,wallet,SBI,524149,10,3,0,0,0,1,0,0,0,0,0,0,0,44
TXN0003947,2024-02-15T04:10:00,45,M0104,Food,low,C01363,830,106,14828,0.0184,13071.16,wallet,Kotak,566873,4,3,0,0,0,0,0,0,0,0,0,1,1,28
TXN0003948,2024-02-15T14:07:00,45,M0072,SaaS,high,C01085,162,13,2695,0.0494,4922.75,netbanking,HDFC,476689,14,3,0,0,0,0,0,0,0,0,0,0,0,32
TXN0003949,2024-02-15T21:35:00,45,M0092,Food,low,C00820,792,100,15240,0.0131,6102.26,netbanking,PNB,595975,21,3,0,0,0,2,0,0,0,0,0,0,0,32
TXN0003950,2024-02-15T10:35:00,45,M0039,Logistics,mid,C00667,24,2,1269,0.1222,16977.18,wallet,HDFC,450873,10,3,0,0,0,0,0,0,0,0,0,0,1,22
TXN0003951,2024-02-15T08:12:00,45,M0104,Food,low,C00648,18,1,1683,0.0793,1039.47,wallet,PNB,596923,8,3,0,0,0,1,0,0,0,0,1,1,0,28
TXN0003952,2024-02-15T19:53:00,45,M0080,Logistics,low,C01233,239,11,5229,0.0346,10196.86,upi,Kotak,487993,19,3,0,0,0,2,0,0,0,0,0,0,0,72
TXN0003953,2024-02-15T11:20:00,45,M0021,SaaS,mid,C00742,283,15,7773,0.2377,1455.87,netbanking,SBI,567419,11,3,0,10,0,0,0,0,0,0,0,0,0,13
TXN0003954,2024-02-15T09:59:00,45,M0160,Services,mid,C00017,816,60,12299,0.0135,8180.59,netbanking,SBI,507704,9,3,0,0,0,0,0,0,0,0,0,0,0,29
TXN0003955,2024-02-15T17:26:00,45,M0093,SaaS,mid,C00957,270,10,4400,0.043,4469.86,card,Canara,458281,17,3,0,0,0,0,0,0,0,0,0,0,0,15
TXN0003956,2024-02-15T08:13:00,45,M0182,Retail,high,C01418,16,4,1350,0.0837,1530.56,wallet,HDFC,521713,8,3,0,0,0,0,0,0,0,0,0,0,0,42
TXN0003957,2024-02-15T22:39:00,45,M0153,Food,low,C01347,944,101,3303,0.0072,3766.61,netbanking,Kotak,460343,22,3,0,0,0,0,0,0,0,0,0,0,0,40
TXN0003958,2024-02-15T05:23:00,45,M0117,SaaS,low,C01150,262,18,3152,0.0977,2097.96,card,Canara,423027,5,3,0,12,0,0,0,0,0,1,0,0,0,52
TXN0003959,2024-02-15T08:31:00,45,M0102,Retail,high,C01214,977,64,11845,0.0205,6800.49,upi,HDFC,511726,8,3,0,0,0,0,0,0,0,0,0,0,0,39
TXN0003960,2024-02-15T02:00:00,45,M0037,Retail,mid,C00089,216,12,6305,0.0219,5801.51,wallet,Yes,503237,2,3,0,0,0,2,0,0,0,1,1,1,0,56
TXN0003961,2024-02-15T11:12:00,45,M0093,SaaS,mid,C00411,20,1,1342,0.0729,3094.84,card,PNB,476850,11,3,0,0,0,0,0,1,0,1,1,1,0,58
TXN0003962,2024-02-15T21:38:00,45,M0098,Retail,mid,C01007,738,96,4499,0.0593,2158.84,upi,Kotak,528164,21,3,0,0,0,0,0,0,0,0,0,0,0,26
TXN0003963,2024-02-15T20:11:00,45,M0151,Food,low,C00089,216,12,6305,0.0219,2454.04,wallet,ICICI,464473,20,3,0,0,1,3,0,0,1,1,0,0,0,38
TXN0003964,2024-02-15T12:12:00,45,M0166,SaaS,mid,C00011,15,3,642,0.1639,508.13,card,HDFC,588178,12,3,0,0,0,0,0,0,0,0,0,0,0,30
TXN0003965,2024-02-15T17:44:00,45,M0170,Logistics,mid,C00414,216,6,1095,0.0964,8216.11,upi,Axis,487324,17,3,0,0,0,1,0,0,0,0,0,0,0,32
TXN0003966,2024-02-15T15:32:00,45,M0163,Logistics,high,C01289,145,18,6341,0.0789,6730.61,card,Kotak,526039,15,3,0,0,0,0,1,0,0,0,1,1,0,53
TXN0003967,2024-02-15T20:06:00,45,M0073,SaaS,high,C01083,194,5,2367,0.1078,2197.17,wallet,SBI,490384,20,3,0,0,1,2,0,0,0,0,0,0,0,68
TXN0003968,2024-02-15T09:05:00,45,M0165,Services,low,C00010,111,19,3864,0.0703,1034.79,wallet,PNB,464485,9,3,0,0,0,1,0,0,0,0,0,0,0,16
TXN0003969,2024-02-15T15:49:00,45,M0134,Services,low,C00055,7,2,505,0.0761,2247.59,netbanking,ICICI,421014,15,3,0,0,0,2,0,0,0,0,0,0,0,21
TXN0003970,2024-02-15T15:40:00,45,M0065,B2B,high,C00180,200,13,7760,0.0326,19506.5,wallet,PNB,495629,15,3,0,0,0,1,0,0,0,0,0,0,0,59
TXN0003971,2024-02-15T19:07:00,45,M0161,Services,mid,C01330,256,7,6365,0.0174,2228.88,upi,Yes,449569,19,3,0,0,0,1,0,0,0,0,0,0,0,62
TXN0003972,2024-02-15T22:52:00,45,M0195,Food,high,C01149,892,51,7931,0.0336,9328.98,netbanking,PNB,429704,22,3,0,0,0,1,0,0,0,1,0,0,1,68
TXN0003973,2024-02-15T14:21:00,45,M0199,SaaS,mid,C00095,835,58,21160,0.0053,23265.02,upi,SBI,595547,14,3,0,0,0,0,0,0,0,1,0,0,1,39
TXN0003974,2024-02-15T07:40:00,45,M0115,Services,high,C01297,214,12,4677,0.1462,2212.16,wallet,HDFC,534638,7,3,0,11,0,0,0,0,0,1,0,0,1,37
TXN0003975,2024-02-15T20:04:00,45,M0113,Services,high,C00696,22,2,823,0.2265,3930.02,card,PNB,423779,20,3,0,0,0,1,0,1,0,0,1,1,0,44
TXN0003976,2024-02-15T18:15:00,45,M0021,SaaS,mid,C00089,216,12,6305,0.0219,3482.11,card,SBI,427470,18,3,0,13,2,4,0,0,0,0,0,0,1,17
TXN0003977,2024-02-15T15:44:00,45,M0172,Food,mid,C01109,246,13,2185,0.0325,567.24,wallet,SBI,593407,15,3,0,0,0,0,0,0,0,1,1,1,0,54
TXN0003978,2024-02-15T09:02:00,45,M0167,SaaS,low,C00187,270,12,1258,0.1298,2333.01,wallet,ICICI,474264,9,3,0,0,0,0,0,1,0,0,1,1,0,58
TXN0003979,2024-02-15T07:09:00,45,M0065,B2B,high,C01230,22,3,609,0.1696,36209.14,card,HDFC,486974,7,3,0,0,0,0,0,0,0,1,0,1,1,16
TXN0003980,2024-02-15T21:13:00,45,M0112,Logistics,mid,C01020,177,15,2185,0.0597,21059.86,wallet,SBI,548813,21,3,0,0,1,1,0,0,0,0,0,0,0,32
TXN0003981,2024-02-15T21:54:00,45,M0143,Logistics,mid,C01356,217,20,2714,0.0307,5458.39,upi,ICICI,494774,21,3,0,0,0,0,1,0,0,1,0,1,0,13
TXN0003982,2024-02-15T12:25:00,45,M0031,Food,mid,C00726,937,113,7763,0.0556,7550.92,upi,SBI,597692,12,3,0,0,0,0,0,0,0,0,1,1,0,52
TXN0003983,2024-02-15T18:05:00,45,M0090,Logistics,mid,C00083,24,4,1086,0.0349,14103.43,upi,Yes,401717,18,3,0,0,0,1,0,1,0,0,1,1,0,17
TXN0003984,2024-02-15T23:48:00,45,M0134,Services,low,C00655,24,1,1087,0.1257,2000.78,netbanking,SBI,484366,23,3,0,0,0,0,0,0,0,1,0,0,1,58
TXN0003985,2024-02-15T07:54:00,45,M0177,Food,low,C01160,13,3,1349,0.0094,3853.46,wallet,HDFC,407451,7,3,0,0,0,0,0,0,0,0,0,0,0,51
TXN0003986,2024-02-15T14:00:00,45,M0082,B2B,high,C00035,14,1,1685,0.0108,27710.98,card,ICICI,597058,14,3,0,0,0,0,0,0,0,0,0,0,0,31
TXN0003987,2024-02-15T07:33:00,45,M0028,Retail,mid,C00189,240,9,5249,0.0397,5069.31,upi,Canara,585443,7,3,0,0,0,1,0,0,0,0,1,1,0,52
TXN0003988,2024-02-15T10:41:00,45,M0094,SaaS,high,C00862,226,19,6713,0.0589,5335.3,upi,Canara,440693,10,3,0,0,0,0,0,0,0,0,0,0,0,62
TXN0003989,2024-02-16T19:23:00,46,M0095,Food,low,C00665,272,7,1097,0.067,1435.89,wallet,Canara,485262,19,4,0,0,0,0,0,0,0,1,0,0,0,51
TXN0003990,2024-02-16T23:09:00,46,M0029,Retail,high,C00589,17,3,1307,0.109,1276.8,card,ICICI,420946,23,4,0,0,0,1,1,0,0,0,1,1,0,22
TXN0003991,2024-02-16T19:13:00,46,M0049,Services,mid,C00548,224,15,1904,0.043,8031.42,wallet,HDFC,545052,19,4,0,0,0,0,0,0,0,1,0,0,0,50
TXN0003992,2024-02-16T07:03:00,46,M0072,SaaS,high,C00827,171,18,1761,0.0162,330.07,netbanking,Canara,434936,7,4,0,0,0,1,0,0,0,0,0,0,0,72
TXN0003993,2024-02-16T16:44:00,46,M0151,Food,low,C00766,267,5,7258,0.0094,4265.46,netbanking,ICICI,557241,16,4,0,11,0,1,0,0,0,0,0,0,0,24
TXN0003994,2024-02-16T09:27:00,46,M0122,Retail,low,C00287,7,4,1555,0.1209,1707.87,card,Yes,517316,9,4,0,0,0,1,0,0,0,0,0,0,1,14
TXN0003995,2024-02-16T21:00:00,46,M0080,Logistics,low,C00393,255,7,2060,0.1223,2349.59,card,HDFC,414843,21,4,0,0,0,0,0,0,0,1,0,0,0,46
TXN0003996,2024-02-16T08:51:00,46,M0018,SaaS,high,C00971,17,3,524,0.1054,832.76,upi,Axis,560208,8,4,0,0,0,0,1,0,0,1,0,1,1,21
TXN0003997,2024-02-16T18:59:00,46,M0182,Retail,high,C01224,168,17,1803,0.2423,4528.67,upi,PNB,427850,18,4,0,0,0,1,0,0,1,0,0,0,0,27
TXN0003998,2024-02-16T07:47:00,46,M0070,Services,low,C01172,822,88,3332,0.0419,1496.82,card,Yes,591961,7,4,0,0,0,0,0,0,0,0,1,1,0,66
TXN0003999,2024-02-16T05:08:00,46,M0028,Retail,mid,C01318,11,3,1462,0.0305,2293.82,upi,Kotak,591920,5,4,0,1,0,0,0,0,0,0,1,1,0,39
TXN0004000,2024-02-16T13:14:00,46,M0069,SaaS,high,C00167,951,114,4815,0.0341,1328.82,wallet,Axis,522255,13,4,0,0,0,0,0,0,0,1,0,0,1,43
TXN0004001,2024-02-16T01:12:00,46,M0069,SaaS,high,C00953,11,2,921,0.0534,733.43,card,Yes,598795,1,4,0,0,0,1,0,0,0,0,0,0,1,37
TXN0004002,2024-02-16T20:03:00,46,M0017,B2B,low,C00121,79,10,7331,0.1149,59751.27,wallet,ICICI,407506,20,4,0,0,0,0,0,0,1,1,1,1,0,18
TXN0004003,2024-02-16T17:47:00,46,M0101,Food,low,C00926,78,16,1245,0.1055,1444.28,netbanking,ICICI,477785,17,4,0,0,0,1,0,0,0,0,0,0,0,37
TXN0004004,2024-02-16T21:54:00,46,M0095,Food,low,C01429,6,4,1564,0.0259,1187.68,wallet,HDFC,575677,21,4,0,0,0,1,0,0,0,0,0,0,0,22
TXN0004005,2024-02-16T14:27:00,46,M0191,Logistics,high,C00163,25,2,1240,0.1129,6304.63,netbanking,Canara,420086,14,4,0,0,0,0,0,0,1,0,1,1,0,12
TXN0004006,2024-02-16T11:51:00,46,M0068,B2B,low,C01254,203,9,7566,0.0232,7937.69,wallet,HDFC,520693,11,4,0,0,0,0,0,0,0,0,0,0,0,18
TXN0004007,2024-02-16T21:34:00,46,M0007,Food,mid,C00115,8,1,1518,0.0701,3807.54,upi,Kotak,457367,21,4,0,14,0,0,0,0,0,0,0,0,1,34
TXN0004008,2024-02-16T21:24:00,46,M0013,Logistics,high,C00116,766,100,4386,0.0115,8068.38,card,SBI,573827,21,4,0,0,0,0,0,0,0,1,1,1,0,17
TXN0004009,2024-02-16T18:19:00,46,M0186,B2B,mid,C00464,277,10,7203,0.1165,10665.41,netbanking,PNB,550842,18,4,0,0,0,2,0,0,0,1,1,1,0,57
TXN0004010,2024-02-16T12:57:00,46,M0120,Food,low,C01427,9,3,632,0.0787,336.26,upi,SBI,506338,12,4,0,0,0,1,0,0,0,0,0,0,0,45
TXN0004011,2024-02-16T17:15:00,46,M0106,Services,high,C00221,849,90,21922,0.0167,13868.16,wallet,Canara,477287,17,4,0,0,0,0,0,0,0,0,0,0,0,49
TXN0004012,2024-02-16T12:27:00,46,M0197,Food,low,C00731,109,20,3603,0.1668,5040.63,card,Axis,585534,12,4,0,0,0,0,0,0,0,0,0,0,0,29
TXN0004013,2024-02-16T13:10:00,46,M0004,Logistics,low,C01373,238,7,5638,0.023,4303.07,wallet,Axis,524380,13,4,0,0,0,0,0,0,0,1,0,0,0,53
TXN0004014,2024-02-16T20:27:00,46,M0075,Retail,mid,C00633,76,20,1924,0.0829,10306.95,card,HDFC,488098,20,4,0,0,0,0,0,0,0,0,1,1,0,68
TXN0004015,2024-02-16T18:13:00,46,M0099,B2B,low,C00633,76,20,1924,0.0829,12695.1,card,ICICI,591445,18,4,0,1,1,1,0,0,0,1,0,0,0,12
TXN0004016,2024-02-16T05:47:00,46,M0070,Services,low,C00003,988,112,11228,0.0464,3429.82,upi,Axis,598199,5,4,0,0,0,0,0,0,0,0,0,0,0,25
TXN0004017,2024-02-16T23:47:00,46,M0172,Food,mid,C01295,16,2,1433,0.053,728.92,netbanking,ICICI,439257,23,4,0,0,0,1,0,0,0,0,0,0,0,34
TXN0004018,2024-02-16T13:45:00,46,M0069,SaaS,high,C00180,200,13,7760,0.0326,2753.62,wallet,PNB,487957,13,4,0,0,1,2,1,0,0,1,0,1,0,15
TXN0004019,2024-02-16T18:49:00,46,M0093,SaaS,mid,C00076,287,20,5432,0.1246,1523.24,netbanking,Kotak,529914,18,4,0,0,0,2,0,0,0,0,0,0,0,41
TXN0004020,2024-02-16T21:17:00,46,M0097,Services,low,C00984,20,1,1236,0.0756,11548.84,netbanking,Kotak,430713,21,4,0,0,0,0,1,0,0,0,1,1,0,48
TXN0004021,2024-02-16T03:45:00,46,M0042,Logistics,mid,C00094,229,11,6256,0.1821,13583.76,netbanking,SBI,553223,3,4,0,0,0,0,0,0,0,0,1,1,0,67
TXN0004022,2024-02-16T07:32:00,46,M0097,Services,low,C00195,125,20,2752,0.0288,1922.81,wallet,Yes,461479,7,4,0,0,0,0,0,0,0,1,1,1,0,66
TXN0004023,2024-02-16T16:06:00,46,M0046,SaaS,high,C00804,23,1,528,0.1041,1913.93,wallet,Yes,467870,16,4,0,0,0,0,0,0,0,0,0,0,1,70
TXN0004024,2024-02-16T02:21:00,46,M0039,Logistics,mid,C01051,974,66,11488,0.0002,23278.98,wallet,HDFC,519371,2,4,0,0,0,0,0,0,0,0,1,1,0,55
TXN0004025,2024-02-16T18:38:00,46,M0067,Food,mid,C01130,848,77,24437,0.0028,24838.26,upi,Yes,554525,18,4,0,10,0,0,0,0,0,0,0,0,0,15
TXN0004026,2024-02-16T11:17:00,46,M0151,Food,low,C01101,22,3,1785,0.1531,1722.03,card,Kotak,454501,11,4,0,0,0,1,0,0,0,1,0,0,1,61
TXN0004027,2024-02-16T20:53:00,46,M0160,Services,mid,C01034,206,20,3242,0.1247,1352.74,netbanking,Axis,415513,20,4,0,0,0,2,0,0,0,1,1,1,0,53
TXN0004028,2024-02-16T08:28:00,46,M0036,Retail,low,C00017,816,60,12299,0.0135,12270.22,upi,Kotak,420917,8,4,0,0,1,1,0,0,0,0,0,0,0,14
TXN0004029,2024-02-16T14:36:00,46,M0185,Food,high,C00978,173,15,2099,0.0457,712.39,card,Yes,432659,14,4,0,13,0,0,0,0,0,1,0,0,0,63
TXN0004030,2024-02-16T12:04:00,46,M0111,Logistics,low,C00240,155,17,4760,0.1241,8289.21,upi,Kotak,593931,12,4,0,0,0,0,0,0,0,0,0,0,0,35
TXN0004031,2024-02-16T09:46:00,46,M0042,Logistics,mid,C00055,7,2,505,0.0761,13921.21,netbanking,Axis,414171,9,4,0,0,1,3,0,0,1,0,0,0,1,60
TXN0004032,2024-02-16T18:20:00,46,M0170,Logistics,mid,C00690,20,2,922,0.0354,11572.65,wallet,PNB,567015,18,4,0,0,0,0,0,0,0,1,0,0,1,47
TXN0004033,2024-02-16T16:23:00,46,M0194,Retail,mid,C00830,18,3,1664,0.0177,1330.7,wallet,Axis,400456,16,4,0,0,0,0,0,0,0,1,0,0,0,54
TXN0004034,2024-02-16T16:46:00,46,M0038,B2B,mid,C00236,165,9,7902,0.1522,46661.32,wallet,PNB,410535,16,4,0,0,0,1,0,0,1,0,1,1,0,52
TXN0004035,2024-02-16T08:59:00,46,M0076,Services,high,C00116,766,100,4386,0.0115,8346.77,card,Canara,431077,8,4,0,11,1,1,0,0,0,1,0,0,0,52
TXN0004036,2024-02-16T13:40:00,46,M0084,B2B,mid,C01147,236,10,6707,0.0762,19217.06,upi,SBI,582310,13,4,0,0,0,0,0,0,0,0,0,0,0,56
TXN0004037,2024-02-16T20:51:00,46,M0088,Food,low,C01031,20,3,1908,0.0954,1453.55,upi,HDFC,551933,20,4,0,0,0,0,0,0,0,0,0,0,0,46
TXN0004038,2024-02-16T18:12:00,46,M0160,Services,mid,C00884,81,15,4291,0.1355,2760.51,netbanking,SBI,477468,18,4,0,0,0,1,0,0,0,0,0,0,0,50
TXN0004039,2024-02-16T00:52:00,46,M0059,Logistics,mid,C01130,848,77,24437,0.0028,22082.94,netbanking,PNB,430672,0,4,0,1,1,1,0,0,0,0,1,1,0,16
TXN0004040,2024-02-16T00:18:00,46,M0080,Logistics,low,C00602,23,3,1178,0.0684,1881.1,card,SBI,478310,0,4,0,0,0,0,0,0,0,0,0,0,1,37
TXN0004041,2024-02-16T08:14:00,46,M0144,Retail,low,C00646,9,2,523,0.1528,2135.94,wallet,HDFC,409001,8,4,0,0,0,0,0,0,0,1,0,0,1,29
TXN0004042,2024-02-16T17:06:00,46,M0161,Services,mid,C00339,982,119,13127,0.0037,17146.98,netbanking,Canara,577082,17,4,0,0,0,0,0,0,0,0,0,0,0,58
TXN0004043,2024-02-16T17:00:00,46,M0079,Retail,high,C00131,144,9,6489,0.1913,3252.53,upi,Canara,504046,17,4,0,0,0,0,0,0,0,1,0,0,0,13
TXN0004044,2024-02-16T17:05:00,46,M0038,B2B,mid,C00951,107,11,1569,0.0432,25620.74,upi,PNB,438618,17,4,0,0,0,1,0,0,0,0,0,0,0,20
TXN0004045,2024-02-16T11:14:00,46,M0189,SaaS,mid,C00072,298,15,2545,0.0745,564.81,netbanking,Kotak,584894,11,4,0,0,0,1,0,1,0,0,1,1,0,45
TXN0004046,2024-02-16T14:28:00,46,M0071,Retail,low,C00269,192,10,5521,0.0392,3733.65,netbanking,HDFC,496890,14,4,0,0,0,0,0,0,0,1,0,0,0,12
TXN0004047,2024-02-16T06:01:00,46,M0157,SaaS,mid,C00905,997,85,9286,0.052,2891.38,wallet,Kotak,419119,6,4,0,0,0,1,0,0,0,0,0,0,0,45
TXN0004048,2024-02-16T08:14:00,46,M0038,B2B,mid,C00380,17,3,1440,0.0452,14384.0,card,ICICI,461612,8,4,0,0,0,0,0,0,0,1,0,0,1,24
TXN0004049,2024-02-16T19:46:00,46,M0115,Services,high,C00517,15,2,1142,0.0701,4182.06,netbanking,Axis,549991,19,4,0,0,0,0,0,0,0,1,0,0,1,28
TXN0004050,2024-02-16T10:27:00,46,M0034,Retail,high,C00374,295,16,6772,0.0438,4287.81,wallet,ICICI,474165,10,4,0,0,0,1,0,0,0,0,0,0,0,27
TXN0004051,2024-02-16T12:12:00,46,M0172,Food,mid,C01187,158,12,5721,0.2214,1828.9,card,PNB,594591,12,4,0,0,0,1,0,0,0,0,0,0,0,70
TXN0004052,2024-02-16T11:06:00,46,M0015,Services,low,C01115,113,12,1457,0.1206,2965.68,wallet,ICICI,524503,11,4,0,0,0,0,0,0,0,0,0,0,0,61
TXN0004053,2024-02-16T00:16:00,46,M0107,SaaS,mid,C00480,20,4,1217,0.0927,1825.89,netbanking,SBI,530841,0,4,0,11,0,1,0,0,0,0,0,0,1,53
TXN0004054,2024-02-16T22:27:00,46,M0097,Services,low,C01136,979,55,14910,0.0392,5971.25,upi,ICICI,529578,22,4,0,0,0,0,0,0,0,0,0,0,0,25
TXN0004055,2024-02-16T12:49:00,46,M0074,Services,high,C00428,11,3,1906,0.0571,1807.79,netbanking,SBI,565455,12,4,0,0,0,0,0,0,0,1,0,0,1,27
TXN0004056,2024-02-16T11:16:00,46,M0141,Logistics,low,C00004,9,3,830,0.1613,24827.69,wallet,Yes,479635,11,4,0,0,0,0,0,0,0,0,0,0,1,13
TXN0004057,2024-02-16T13:38:00,46,M0079,Retail,high,C00223,948,113,4536,0.0514,6534.55,card,Kotak,585748,13,4,0,0,0,1,1,0,0,0,1,1,0,26
TXN0004058,2024-02-16T00:56:00,46,M0156,Services,mid,C00263,223,7,1895,0.1805,1326.5,netbanking,HDFC,562288,0,4,0,0,0,0,1,0,0,0,1,1,0,67
TXN0004059,2024-02-16T18:31:00,46,M0067,Food,mid,C01011,969,71,17623,0.0588,18950.42,upi,ICICI,579714,18,4,0,0,0,0,0,0,0,1,0,0,0,42
TXN0004060,2024-02-16T11:40:00,46,M0044,Logistics,low,C00901,13,3,892,0.0292,13291.87,wallet,Axis,592209,11,4,0,0,0,0,0,0,0,0,0,0,1,56
TXN0004061,2024-02-16T21:21:00,46,M0156,Services,mid,C00443,854,55,13516,0.0083,11649.81,wallet,SBI,452361,21,4,0,0,0,0,0,0,0,1,0,0,0,36
TXN0004062,2024-02-16T19:06:00,46,M0126,B2B,low,C00907,756,91,17173,0.0372,23806.61,wallet,Axis,491562,19,4,0,0,0,0,0,0,0,0,0,0,0,60
TXN0004063,2024-02-16T17:14:00,46,M0154,Retail,low,C00030,17,1,671,0.1258,904.02,wallet,PNB,520246,17,4,0,0,0,0,0,0,0,1,0,0,1,14
TXN0004064,2024-02-16T09:43:00,46,M0001,Retail,high,C00478,987,65,6053,0.0157,2596.47,wallet,Canara,440498,9,4,0,0,0,1,0,0,0,0,0,0,0,13
TXN0004065,2024-02-16T11:35:00,46,M0085,SaaS,mid,C01415,250,20,2725,0.1037,2449.2,card,SBI,555528,11,4,0,0,0,0,0,0,0,0,0,0,0,24
TXN0004066,2024-02-16T07:10:00,46,M0047,Logistics,low,C00938,118,6,4811,0.096,7235.62,card,Canara,508537,7,4,0,0,0,0,0,0,0,0,0,0,0,44
TXN0004067,2024-02-16T17:21:00,46,M0110,Food,high,C00474,739,86,5809,0.0047,1931.89,upi,Kotak,431726,17,4,0,0,0,0,0,0,0,0,0,0,0,23
TXN0004068,2024-02-16T10:30:00,46,M0037,Retail,mid,C00306,139,18,6979,0.0673,2199.11,netbanking,HDFC,571571,10,4,0,0,0,0,0,0,0,1,0,0,0,36
TXN0004069,2024-02-16T16:06:00,46,M0065,B2B,high,C01451,139,19,1913,0.1121,20249.87,card,SBI,448165,16,4,0,0,0,0,0,0,0,0,1,1,0,28
TXN0004070,2024-02-16T17:33:00,46,M0057,Food,high,C00270,170,17,1239,0.1579,339.09,netbanking,SBI,529772,17,4,0,0,0,0,0,0,0,0,0,0,0,29
TXN0004071,2024-02-16T05:25:00,46,M0003,SaaS,low,C00534,238,6,3705,0.0314,4604.92,netbanking,SBI,507332,5,4,0,0,0,0,0,0,0,0,1,1,0,15
TXN0004072,2024-02-16T14:57:00,46,M0103,Services,low,C01002,254,13,4980,0.0896,5082.98,wallet,Yes,484220,14,4,0,11,1,1,0,0,0,1,0,0,0,71
TXN0004073,2024-02-16T14:07:00,46,M0102,Retail,high,C01351,889,74,9529,0.0228,9682.96,netbanking,HDFC,509131,14,4,0,0,0,0,0,0,0,0,0,0,1,25
TXN0004074,2024-02-16T11:56:00,46,M0093,SaaS,mid,C01025,160,7,5324,0.1057,4812.22,wallet,Canara,408795,11,4,0,0,0,0,0,0,0,1,0,0,0,19
TXN0004075,2024-02-16T18:41:00,46,M0002,B2B,low,C00816,19,4,737,0.0138,13684.2,card,ICICI,583485,18,4,0,0,0,0,0,0,0,1,0,0,1,70
TXN0004076,2024-02-16T19:44:00,46,M0188,Logistics,mid,C01107,127,7,7462,0.0038,8693.83,upi,SBI,569442,19,4,0,0,0,0,0,0,0,1,0,0,0,13
TXN0004077,2024-02-16T08:00:00,46,M0081,Logistics,high,C00250,152,8,1749,0.0053,2716.25,netbanking,Kotak,580360,8,4,0,0,0,0,0,0,0,1,0,0,0,65
TXN0004078,2024-02-16T16:46:00,46,M0005,Logistics,high,C00320,211,6,4563,0.1454,20893.99,wallet,Yes,468142,16,4,0,0,0,0,0,0,0,0,0,0,0,67
TXN0004079,2024-02-16T06:47:00,46,M0045,Food,high,C01220,20,3,632,0.015,919.87,netbanking,Kotak,400926,6,4,0,0,0,0,0,0,0,0,0,0,0,69
TXN0004080,2024-02-16T10:26:00,46,M0134,Services,low,C00068,788,109,6849,0.0242,3092.02,upi,HDFC,494494,10,4,0,0,0,1,0,0,0,1,0,0,0,45
TXN0004081,2024-02-16T16:54:00,46,M0196,Retail,low,C00189,240,9,5249,0.0397,1696.18,card,Yes,466928,16,4,0,0,0,1,0,0,0,1,0,0,0,67
TXN0004082,2024-02-16T10:07:00,46,M0100,Retail,low,C00918,794,115,11397,0.0088,5886.68,upi,HDFC,470419,10,4,0,0,0,0,0,0,0,0,0,0,0,60
TXN0004083,2024-02-16T10:19:00,46,M0129,Services,low,C00108,20,2,721,0.0884,942.61,card,Axis,599222,10,4,0,0,0,0,0,0,0,0,0,0,1,55
TXN0004084,2024-02-16T08:36:00,46,M0145,SaaS,low,C00744,295,10,1839,0.0357,1882.48,wallet,PNB,491136,8,4,0,0,0,1,0,0,0,0,0,0,0,37
TXN0004085,2024-02-16T19:10:00,46,M0168,Food,high,C00054,249,8,7248,0.0399,5104.97,upi,Kotak,417767,19,4,0,0,0,0,0,0,0,0,0,0,0,47
TXN0004086,2024-02-17T13:12:00,47,M0015,Services,low,C00815,98,19,1435,0.0519,8856.15,wallet,HDFC,408923,13,5,1,0,0,0,0,0,0,0,0,0,0,18
TXN0004087,2024-02-17T06:56:00,47,M0109,Services,low,C01033,8,1,749,0.0884,1441.22,netbanking,HDFC,469194,6,5,1,0,0,1,0,0,0,0,0,0,1,22
TXN0004088,2024-02-17T09:21:00,47,M0168,Food,high,C00051,7,4,1507,0.0219,1364.7,card,ICICI,425895,9,5,1,0,0,1,0,0,0,0,1,1,0,52
TXN0004089,2024-02-17T17:21:00,47,M0132,Food,mid,C00944,180,9,4256,0.0575,2166.74,upi,Axis,548766,17,5,1,0,0,0,0,0,0,0,0,0,0,41
TXN0004090,2024-02-17T18:22:00,47,M0161,Services,mid,C00175,128,19,3030,0.0547,2149.26,upi,Canara,472843,18,5,1,0,0,0,0,0,0,1,0,0,0,22
TXN0004091,2024-02-17T06:37:00,47,M0047,Logistics,low,C00465,97,20,3939,0.0191,12083.74,netbanking,Kotak,478874,6,5,1,0,0,2,0,0,0,0,0,0,0,28
TXN0004092,2024-02-17T15:32:00,47,M0199,SaaS,mid,C00230,19,3,1131,0.0522,1196.0,upi,HDFC,507956,15,5,1,0,0,0,0,0,0,0,0,0,0,36
TXN0004093,2024-02-17T18:37:00,47,M0047,Logistics,low,C00664,257,11,5259,0.0795,4930.72,upi,PNB,432271,18,5,1,13,0,0,0,0,0,1,0,0,0,44
TXN0004094,2024-02-17T18:56:00,47,M0061,Services,low,C00516,902,103,23685,0.0193,4293.83,netbanking,Yes,463601,18,5,1,0,0,0,0,0,0,1,0,0,0,21
TXN0004095,2024-02-17T20:00:00,47,M0149,Services,low,C00010,111,19,3864,0.0703,2236.88,card,ICICI,539155,20,5,1,0,0,2,0,0,0,0,0,0,0,46
TXN0004096,2024-02-17T19:53:00,47,M0017,B2B,low,C00154,270,10,5468,0.0633,15023.66,wallet,SBI,474023,19,5,1,12,0,0,0,0,0,0,0,0,0,65
TXN0004097,2024-02-17T07:50:00,47,M0043,Logistics,high,C01395,20,2,590,0.0494,3867.52,card,Kotak,554425,7,5,1,0,0,0,0,0,0,0,0,0,0,39
TXN0004098,2024-02-17T15:13:00,47,M0155,SaaS,mid,C00740,151,10,1433,0.0615,933.0,upi,Axis,484362,15,5,1,0,0,0,0,0,0,0,0,0,0,18
TXN0004099,2024-02-17T07:16:00,47,M0194,Retail,mid,C00740,151,10,1433,0.0615,4278.88,wallet,HDFC,573636,7,5,1,1,1,1,1,0,0,1,1,1,0,38
TXN0004100,2024-02-17T06:24:00,47,M0121,Food,low,C00936,11,4,980,0.0532,549.43,card,Yes,520973,6,5,1,0,0,1,0,0,0,0,0,0,0,14
TXN0004101,2024-02-17T07:28:00,47,M0118,Retail,mid,C00142,20,2,1944,0.1027,1164.12,wallet,HDFC,430891,7,5,1,0,0,0,0,0,0,0,0,0,1,43
TXN0004102,2024-02-17T09:00:00,47,M0093,SaaS,mid,C00397,20,3,885,0.0456,551.66,card,Canara,519986,9,5,1,0,0,1,1,0,0,0,1,1,0,70
TXN0004103,2024-02-17T13:56:00,47,M0131,Logistics,high,C01162,25,4,605,0.233,7414.39,wallet,HDFC,589875,13,5,1,0,0,0,0,0,0,0,0,0,0,29
TXN0004104,2024-02-17T19:18:00,47,M0103,Services,low,C00926,78,16,1245,0.1055,1073.5,wallet,HDFC,469905,19,5,1,0,0,2,0,0,0,0,0,0,0,69
TXN0004105,2024-02-17T12:32:00,47,M0113,Services,high,C00240,155,17,4760,0.1241,5485.48,upi,ICICI,579773,12,5,1,0,0,1,0,0,0,0,0,0,0,39
TXN0004106,2024-02-17T12:05:00,47,M0098,Retail,mid,C00677,22,3,664,0.2321,1508.67,netbanking,Kotak,548371,12,5,1,0,0,0,0,0,0,0,0,0,0,58
TXN0004107,2024-02-17T11:43:00,47,M0052,Logistics,mid,C00491,109,6,7422,0.1327,31417.36,wallet,Canara,421747,11,5,1,0,0,0,0,0,0,0,0,0,0,28
TXN0004108,2024-02-17T19:02:00,47,M0194,Retail,mid,C01017,211,11,7099,0.0344,7175.48,wallet,Yes,474328,19,5,1,12,0,0,0,0,0,1,0,0,0,31
TXN0004109,2024-02-17T17:45:00,47,M0010,SaaS,high,C00809,22,1,606,0.0443,272.96,netbanking,Kotak,404158,17,5,1,0,0,0,0,0,0,1,0,0,0,48
TXN0004110,2024-02-17T16:27:00,47,M0180,Food,low,C01203,13,3,700,0.0223,1290.77,upi,Kotak,416810,16,5,1,0,0,0,0,0,0,1,0,0,0,53
TXN0004111,2024-02-17T18:26:00,47,M0099,B2B,low,C01108,159,19,6909,0.148,15427.53,netbanking,HDFC,468328,18,5,1,0,0,0,0,0,0,0,0,0,0,40
TXN0004112,2024-02-17T11:18:00,47,M0098,Retail,mid,C00746,139,16,2138,0.1821,2947.58,wallet,SBI,452338,11,5,1,0,0,0,0,0,0,1,0,0,0,70
TXN0004113,2024-02-17T17:10:00,47,M0199,SaaS,mid,C01447,197,6,3612,0.0881,3325.76,wallet,Canara,429426,17,5,1,0,0,0,0,0,0,0,0,0,0,16
TXN0004114,2024-02-17T13:35:00,47,M0088,Food,low,C00249,12,1,668,0.0436,1098.88,netbanking,HDFC,458478,13,5,1,0,0,0,0,0,0,0,0,0,1,57
TXN0004115,2024-02-17T16:42:00,47,M0184,Logistics,high,C00971,17,3,524,0.1054,7342.64,upi,PNB,463053,16,5,1,0,0,1,0,0,0,0,0,0,0,41
TXN0004116,2024-02-17T16:21:00,47,M0147,SaaS,mid,C00520,972,120,4763,0.0006,1532.61,netbanking,HDFC,449669,16,5,1,0,0,0,0,0,0,0,0,0,0,20
TXN0004117,2024-02-17T21:13:00,47,M0122,Retail,low,C01027,177,10,5728,0.0384,2092.6,upi,Axis,592044,21,5,1,11,0,0,0,0,0,0,0,0,0,21
TXN0004118,2024-02-17T08:51:00,47,M0014,Logistics,high,C00873,280,8,6689,0.038,35005.44,netbanking,Kotak,436882,8,5,1,0,0,0,0,1,0,0,1,1,0,52
TXN0004119,2024-02-17T18:50:00,47,M0185,Food,high,C01022,974,77,19220,0.0059,12076.65,wallet,SBI,455153,18,5,1,0,0,0,1,0,0,0,1,1,0,31
TXN0004120,2024-02-17T04:22:00,47,M0087,Logistics,mid,C01344,11,4,1617,0.1077,11731.04,upi,Canara,573250,4,5,1,0,0,0,0,0,0,0,1,1,0,50
TXN0004121,2024-02-17T19:30:00,47,M0047,Logistics,low,C00159,9,3,1315,0.0747,8510.45,netbanking,ICICI,494074,19,5,1,0,0,0,0,0,0,1,0,0,0,68
TXN0004122,2024-02-17T06:45:00,47,M0138,Services,mid,C00026,18,3,1611,0.0667,2559.13,upi,Axis,539473,6,5,1,0,0,0,0,0,0,0,0,0,0,18
TXN0004123,2024-02-17T07:57:00,47,M0099,B2B,low,C00527,62,20,7188,0.0902,31493.55,wallet,Yes,534718,7,5,1,0,0,0,0,1,0,1,1,1,0,40
TXN0004124,2024-02-17T17:30:00,47,M0100,Retail,low,C00745,236,8,4418,0.0669,5369.72,netbanking,Canara,414540,17,5,1,0,0,1,0,0,0,0,0,0,1,40
TXN0004125,2024-02-17T12:24:00,47,M0183,Retail,mid,C00117,169,17,6812,0.1292,12130.89,netbanking,Axis,414105,12,5,1,0,0,0,0,0,0,0,0,0,0,13
TXN0004126,2024-02-17T07:35:00,47,M0141,Logistics,low,C00232,9,1,1034,0.0886,18621.18,wallet,SBI,478749,7,5,1,0,0,1,0,0,0,0,0,0,1,32
TXN0004127,2024-02-17T07:26:00,47,M0073,SaaS,high,C01055,6,1,1085,0.0767,323.94,upi,SBI,545690,7,5,1,0,0,4,0,0,0,0,0,0,0,27
TXN0004128,2024-02-17T07:49:00,47,M0174,SaaS,low,C00189,240,9,5249,0.0397,9360.86,netbanking,HDFC,456043,7,5,1,0,1,2,0,0,0,0,1,1,0,15
TXN0004129,2024-02-17T11:16:00,47,M0185,Food,high,C00815,98,19,1435,0.0519,1339.96,netbanking,PNB,523653,11,5,1,1,1,1,0,0,0,0,0,0,0,58
TXN0004130,2024-02-17T09:44:00,47,M0097,Services,low,C01082,907,96,17695,0.0238,18991.33,upi,ICICI,474988,9,5,1,0,0,1,0,0,0,1,0,0,0,50
TXN0004131,2024-02-17T20:04:00,47,M0013,Logistics,high,C01065,288,10,5394,0.1014,17488.08,netbanking,Axis,435904,20,5,1,0,0,0,0,0,0,0,0,0,0,26
TXN0004132,2024-02-17T22:21:00,47,M0049,Services,mid,C00936,11,4,980,0.0532,2787.6,wallet,Kotak,543304,22,5,1,0,1,2,0,0,0,0,0,0,0,21
TXN0004133,2024-02-17T15:36:00,47,M0037,Retail,mid,C00523,973,109,20713,0.0508,3584.61,card,HDFC,526524,15,5,1,0,0,1,0,0,0,0,0,0,0,28
TXN0004134,2024-02-17T21:34:00,47,M0037,Retail,mid,C00721,195,19,4751,0.0478,2737.64,card,SBI,419416,21,5,1,0,0,0,0,0,0,1,0,0,0,31
TXN0004135,2024-02-17T12:04:00,47,M0132,Food,mid,C00565,261,17,2212,0.0312,2834.73,netbanking,PNB,425689,12,5,1,0,0,0,0,0,0,0,0,0,0,23
TXN0004136,2024-02-17T18:19:00,47,M0064,Food,high,C00497,964,108,22229,0.0384,5884.3,wallet,HDFC,410033,18,5,1,0,0,0,0,0,0,0,0,0,0,46
TXN0004137,2024-02-17T11:22:00,47,M0085,SaaS,mid,C00399,22,1,1716,0.1464,411.39,upi,Kotak,496107,11,5,1,0,0,0,0,0,0,1,0,0,1,19
TXN0004138,2024-02-17T10:19:00,47,M0013,Logistics,high,C00310,19,3,613,0.0983,4250.87,card,SBI,541165,10,5,1,0,0,1,1,0,0,0,1,1,0,29
TXN0004139,2024-02-17T19:28:00,47,M0046,SaaS,high,C00997,227,14,7005,0.0973,11875.19,card,SBI,523631,19,5,1,0,0,0,0,0,0,1,0,0,0,50
TXN0004140,2024-02-17T07:08:00,47,M0135,Retail,low,C00988,21,3,1506,0.0789,1391.98,netbanking,Canara,589426,7,5,1,11,0,2,0,0,0,0,0,0,0,22
TXN0004141,2024-02-17T20:31:00,47,M0102,Retail,high,C00190,104,19,5367,0.0534,7817.31,netbanking,SBI,401495,20,5,1,0,0,0,0,0,0,1,1,1,0,39
TXN0004142,2024-02-17T19:31:00,47,M0058,B2B,low,C00577,64,16,6605,0.0782,66255.89,upi,Axis,432046,19,5,1,0,0,1,0,1,0,1,1,1,0,24
TXN0004143,2024-02-17T23:53:00,47,M0028,Retail,mid,C00772,10,1,1602,0.0467,1221.65,wallet,PNB,479918,23,5,1,0,0,0,0,1,0,0,1,1,0,51
TXN0004144,2024-02-17T17:46:00,47,M0174,SaaS,low,C01291,190,16,2760,0.0634,2848.39,upi,Canara,418666,17,5,1,0,0,0,0,0,0,0,0,0,0,27
TXN0004145,2024-02-17T13:01:00,47,M0031,Food,mid,C01270,194,13,3612,0.2041,1913.32,upi,Kotak,429161,13,5,1,0,0,0,0,0,0,0,0,0,0,56
TXN0004146,2024-02-17T14:56:00,47,M0174,SaaS,low,C00991,17,4,1005,0.172,1505.18,upi,SBI,584945,14,5,1,0,0,0,0,0,0,0,0,0,0,71
TXN0004147,2024-02-17T13:37:00,47,M0080,Logistics,low,C01408,162,5,2506,0.0998,7330.42,wallet,Yes,512915,13,5,1,0,0,0,1,0,0,0,1,1,0,46
TXN0004148,2024-02-17T10:38:00,47,M0102,Retail,high,C00582,21,2,1380,0.0335,1912.42,upi,ICICI,530417,10,5,1,0,0,0,0,0,0,0,0,0,1,28
TXN0004149,2024-02-17T01:34:00,47,M0057,Food,high,C00431,101,14,6598,0.0446,3507.17,wallet,Axis,482479,1,5,1,0,0,1,0,0,0,1,0,0,0,12
TXN0004150,2024-02-17T09:19:00,47,M0165,Services,low,C00520,972,120,4763,0.0006,5525.76,wallet,HDFC,503583,9,5,1,1,1,1,1,0,0,0,0,1,1,71
TXN0004151,2024-02-17T20:30:00,47,M0039,Logistics,mid,C01123,182,15,6346,0.1537,10230.91,netbanking,SBI,493590,20,5,1,0,0,0,0,0,0,1,0,0,0,44
TXN0004152,2024-02-17T11:46:00,47,M0105,SaaS,high,C01409,11,3,1120,0.0956,1095.67,netbanking,PNB,500967,11,5,1,9,0,0,0,0,0,0,0,0,1,58
TXN0004153,2024-02-17T11:10:00,47,M0049,Services,mid,C00995,165,7,1895,0.1327,3819.49,netbanking,Kotak,593104,11,5,1,0,0,0,0,1,0,1,1,1,0,50
TXN0004154,2024-02-17T03:25:00,47,M0153,Food,low,C01086,992,108,19509,0.0238,14480.24,card,ICICI,472753,3,5,1,0,0,0,0,0,0,0,1,1,0,38
TXN0004155,2024-02-17T13:29:00,47,M0106,Services,high,C00594,111,19,1738,0.0355,1135.08,upi,Kotak,493255,13,5,1,0,0,0,1,0,0,0,1,1,0,21
TXN0004156,2024-02-17T14:38:00,47,M0128,B2B,high,C00687,211,10,3748,0.0173,16997.54,wallet,HDFC,419890,14,5,1,0,0,1,0,0,0,0,0,0,0,31
TXN0004157,2024-02-17T09:39:00,47,M0173,Food,high,C01485,738,85,24212,0.0582,31436.61,wallet,SBI,428146,9,5,1,0,0,0,0,0,0,0,0,0,0,63
TXN0004158,2024-02-17T11:49:00,47,M0123,Logistics,high,C01063,16,2,1323,0.0664,4626.79,netbanking,Axis,440307,11,5,1,0,0,0,0,0,0,0,0,0,0,44
TXN0004159,2024-02-17T07:52:00,47,M0141,Logistics,low,C00382,183,7,3754,0.1617,8886.59,wallet,Canara,509098,7,5,1,0,0,0,0,0,0,0,0,0,0,70
TXN0004160,2024-02-17T13:23:00,47,M0136,Logistics,mid,C00107,756,86,22674,0.0092,33506.46,upi,Yes,408406,13,5,1,0,0,1,0,0,0,1,1,1,0,48
TXN0004161,2024-02-17T19:34:00,47,M0022,Retail,low,C01283,80,13,5999,0.1048,3158.93,card,Yes,580250,19,5,1,0,0,0,0,0,0,0,0,0,0,49
TXN0004162,2024-02-17T12:21:00,47,M0072,SaaS,high,C00512,25,1,1421,0.169,1680.75,netbanking,HDFC,445849,12,5,1,0,0,0,0,0,0,0,0,0,0,58
TXN0004163,2024-02-17T09:52:00,47,M0176,SaaS,low,C01219,19,3,1090,0.1517,903.23,upi,SBI,438376,9,5,1,0,0,0,0,0,0,1,0,0,0,20
TXN0004164,2024-02-17T17:23:00,47,M0040,SaaS,mid,C00074,19,1,1979,0.0283,3173.74,upi,Canara,545258,17,5,1,0,0,0,0,0,0,1,0,0,1,59
TXN0004165,2024-02-17T03:50:00,47,M0170,Logistics,mid,C00163,25,2,1240,0.1129,4052.88,upi,Yes,499576,3,5,1,0,1,1,0,0,0,1,0,0,1,31
TXN0004166,2024-02-17T16:12:00,47,M0052,Logistics,mid,C00571,11,2,917,0.0974,9844.77,card,HDFC,440575,16,5,1,0,0,0,0,0,0,0,0,0,1,67
TXN0004167,2024-02-17T13:05:00,47,M0180,Food,low,C00441,144,16,3404,0.0449,1973.03,wallet,Axis,488764,13,5,1,0,0,0,0,0,0,0,0,0,0,21
TXN0004168,2024-02-17T05:12:00,47,M0079,Retail,high,C00589,17,3,1307,0.109,2290.39,upi,Canara,503732,5,5,1,0,1,2,0,0,0,0,1,1,0,51
TXN0004169,2024-02-17T14:14:00,47,M0077,Services,high,C00140,942,56,15991,0.0155,8881.44,netbanking,Canara,469714,14,5,1,12,0,0,0,0,0,0,0,0,0,69
TXN0004170,2024-02-17T11:48:00,47,M0073,SaaS,high,C01423,8,4,1688,0.1325,1095.1,card,Canara,521759,11,5,1,0,0,0,0,0,0,1,0,0,0,59
TXN0004171,2024-02-17T22:04:00,47,M0152,Retail,high,C01317,274,6,6197,0.1133,15026.69,wallet,Kotak,574647,22,5,1,0,0,0,0,0,0,0,0,0,1,24
TXN0004172,2024-02-17T18:34:00,47,M0124,Retail,low,C00515,925,86,18196,0.0233,13075.39,netbanking,Yes,515004,18,5,1,0,0,0,0,0,0,0,0,0,0,59
TXN0004173,2024-02-18T13:12:00,48,M0053,Retail,low,C00657,266,10,3140,0.067,1409.02,wallet,Canara,427703,13,6,1,0,0,0,0,0,0,0,0,0,0,41
TXN0004174,2024-02-18T18:11:00,48,M0026,Retail,high,C01479,922,53,17547,0.0327,12302.33,card,Axis,443899,18,6,1,0,0,0,0,0,0,0,0,0,0,68
TXN0004175,2024-02-18T13:35:00,48,M0001,Retail,high,C00944,180,9,4256,0.0575,1802.98,upi,HDFC,427060,13,6,1,0,1,1,0,0,0,1,0,0,0,16
TXN0004176,2024-02-18T21:03:00,48,M0006,Food,low,C01251,171,11,1704,0.0976,1525.78,upi,Axis,514030,21,6,1,0,0,0,0,0,0,0,0,0,0,69
TXN0004177,2024-02-18T15:02:00,48,M0195,Food,high,C00256,145,18,7680,0.1863,2258.41,netbanking,PNB,406221,15,6,1,0,0,0,0,0,0,1,0,0,0,35
TXN0004178,2024-02-18T11:32:00,48,M0090,Logistics,mid,C00241,746,61,16280,0.0092,57975.62,upi,PNB,498140,11,6,1,0,0,1,1,0,1,0,1,1,0,71
TXN0004179,2024-02-18T14:49:00,48,M0099,B2B,low,C00748,7,4,1914,0.0105,9841.22,upi,HDFC,549643,14,6,1,0,0,1,0,0,0,0,0,0,0,67
TXN0004180,2024-02-18T05:17:00,48,M0054,Retail,mid,C01174,13,1,894,0.1125,2719.7,card,Canara,566353,5,6,1,0,0,1,0,0,0,0,0,0,1,32
TXN0004181,2024-02-18T19:11:00,48,M0131,Logistics,high,C00867,176,15,2934,0.1788,16509.05,upi,Canara,503230,19,6,1,0,0,0,0,0,0,0,0,0,0,43
TXN0004182,2024-02-18T18:52:00,48,M0039,Logistics,mid,C01223,878,78,4053,0.0134,4608.85,card,Canara,404996,18,6,1,0,0,0,0,0,0,0,0,0,0,44
TXN0004183,2024-02-18T22:41:00,48,M0050,Logistics,high,C00926,78,16,1245,0.1055,2986.31,netbanking,Yes,577447,22,6,1,0,0,3,0,0,0,1,0,0,0,56
TXN0004184,2024-02-18T13:20:00,48,M0133,SaaS,mid,C00700,833,92,7168,0.0006,9484.61,card,PNB,505305,13,6,1,0,0,1,0,0,0,0,0,0,0,54
TXN0004185,2024-02-18T21:36:00,48,M0162,Services,high,C00393,255,7,2060,0.1223,2454.71,wallet,Kotak,438750,21,6,1,0,0,1,0,0,0,0,0,0,0,65
TXN0004186,2024-02-18T16:46:00,48,M0134,Services,low,C01189,130,15,7174,0.0537,3938.35,wallet,ICICI,557032,16,6,1,0,0,0,0,0,0,0,0,0,0,24
TXN0004187,2024-02-18T01:10:00,48,M0196,Retail,low,C01116,73,8,6429,0.1022,5853.49,wallet,Axis,489091,1,6,1,0,0,0,0,0,0,0,1,1,0,58
TXN0004188,2024-02-18T14:28:00,48,M0052,Logistics,mid,C01343,14,3,808,0.014,2714.31,card,Yes,492981,14,6,1,0,0,0,0,0,0,0,0,0,0,59
TXN0004189,2024-02-18T08:58:00,48,M0043,Logistics,high,C01269,294,12,4633,0.1214,21380.97,netbanking,Axis,591791,8,6,1,0,0,0,1,0,0,0,1,1,0,39
TXN0004190,2024-02-18T02:56:00,48,M0134,Services,low,C00533,246,5,2907,0.0373,4980.69,card,PNB,552220,2,6,1,0,0,1,1,0,0,1,1,1,0,67
TXN0004191,2024-02-18T11:27:00,48,M0029,Retail,high,C01418,16,4,1350,0.0837,2746.68,netbanking,Axis,569908,11,6,1,0,0,1,0,0,1,0,0,0,0,24
TXN0004192,2024-02-18T21:28:00,48,M0137,B2B,mid,C00610,941,55,13937,0.0074,35446.67,card,Yes,440070,21,6,1,0,0,0,0,0,0,1,1,1,0,14
TXN0004193,2024-02-18T13:00:00,48,M0045,Food,high,C00183,101,17,6050,0.1691,3044.14,netbanking,Kotak,415116,13,6,1,0,0,0,0,0,0,0,0,0,0,15
TXN0004194,2024-02-18T05:11:00,48,M0024,B2B,mid,C00104,84,15,4496,0.0376,15941.63,wallet,SBI,433025,5,6,1,0,0,0,0,0,0,0,1,1,0,53
TXN0004195,2024-02-18T14:15:00,48,M0059,Logistics,mid,C00099,24,1,1989,0.1715,5244.69,card,Kotak,550546,14,6,1,0,0,0,0,0,0,1,0,0,1,21
TXN0004196,2024-02-18T22:41:00,48,M0140,Logistics,high,C01388,776,89,7635,0.0318,7263.75,wallet,Canara,545011,22,6,1,9,0,1,0,0,0,0,0,0,0,70
TXN0004197,2024-02-18T07:15:00,48,M0153,Food,low,C00866,21,3,753,0.0237,2635.14,upi,PNB,458181,7,6,1,0,0,0,0,1,0,0,1,1,0,16
TXN0004198,2024-02-18T11:37:00,48,M0186,B2B,mid,C00542,75,16,6280,0.0499,64001.62,upi,HDFC,487513,11,6,1,0,0,0,0,0,0,0,1,1,0,39
TXN0004199,2024-02-18T14:05:00,48,M0195,Food,high,C01163,818,101,13424,0.0147,9959.36,wallet,Yes,536121,14,6,1,0,0,0,0,0,0,1,0,0,0,60
TXN0004200,2024-02-18T18:40:00,48,M0023,Services,low,C01073,216,10,2545,0.126,2985.48,card,HDFC,570229,18,6,1,0,0,0,0,0,0,0,0,0,0,42
TXN0004201,2024-02-18T03:23:00,48,M0109,Services,low,C00222,96,12,4387,0.0371,10877.55,card,Axis,524201,3,6,1,0,0,1,0,0,0,0,0,1,0,54
TXN0004202,2024-02-18T21:27:00,48,M0175,Food,low,C00523,973,109,20713,0.0508,18861.84,upi,Canara,579406,21,6,1,12,0,2,0,0,0,1,0,0,0,20
TXN0004203,2024-02-18T20:59:00,48,M0039,Logistics,mid,C01131,246,15,4665,0.1882,4984.29,netbanking,Yes,528100,20,6,1,0,0,0,0,1,0,0,0,1,1,62
TXN0004204,2024-02-18T07:30:00,48,M0057,Food,high,C00605,13,3,1579,0.0919,1786.91,netbanking,HDFC,401223,7,6,1,0,0,1,0,0,1,1,0,0,1,50
TXN0004205,2024-02-18T19:26:00,48,M0007,Food,mid,C01180,289,7,4681,0.1057,7544.86,wallet,Axis,566973,19,6,1,0,0,0,0,0,0,0,0,0,0,35
TXN0004206,2024-02-18T18:46:00,48,M0168,Food,high,C00463,23,3,774,0.0897,3074.7,wallet,Axis,597494,18,6,1,0,0,0,0,0,0,1,0,0,0,65
TXN0004207,2024-02-18T09:42:00,48,M0151,Food,low,C00007,283,18,6084,0.1851,1516.48,card,HDFC,599383,9,6,1,0,0,0,0,0,0,0,0,0,0,50
TXN0004208,2024-02-18T19:02:00,48,M0151,Food,low,C00685,24,2,629,0.1519,685.75,upi,SBI,418681,19,6,1,0,0,1,0,0,0,0,0,0,1,29
TXN0004209,2024-02-18T14:43:00,48,M0180,Food,low,C00014,91,14,5154,0.0628,3434.59,upi,Axis,578034,14,6,1,1,0,0,0,0,0,0,1,1,0,57
TXN0004210,2024-02-18T21:36:00,48,M0191,Logistics,high,C00739,126,20,6687,0.0675,15333.6,wallet,HDFC,563806,21,6,1,0,0,0,1,0,0,0,1,1,0,44
TXN0004211,2024-02-18T10:12:00,48,M0092,Food,low,C00290,20,3,1897,0.2062,654.98,upi,Axis,469345,10,6,1,0,0,0,0,1,0,0,0,1,1,59
TXN0004212,2024-02-18T23:23:00,48,M0037,Retail,mid,C00687,211,10,3748,0.0173,2191.97,upi,SBI,543558,23,6,1,0,0,2,0,0,0,0,0,0,0,35
TXN0004213,2024-02-18T15:29:00,48,M0117,SaaS,low,C00389,144,16,3134,0.1005,1957.66,upi,Axis,506608,15,6,1,0,0,0,0,0,0,1,0,0,0,61
TXN0004214,2024-02-18T15:12:00,48,M0144,Retail,low,C01455,10,2,1166,0.1054,1615.37,card,HDFC,476447,15,6,1,0,0,0,0,0,0,1,0,0,0,56
TXN0004215,2024-02-18T04:07:00,48,M0059,Logistics,mid,C00067,25,2,1953,0.0356,15898.84,netbanking,ICICI,538016,4,6,1,0,0,0,0,0,0,0,1,1,0,28
TXN0004216,2024-02-18T18:35:00,48,M0038,B2B,mid,C01235,111,8,1550,0.0381,6849.58,upi,PNB,581652,18,6,1,0,0,0,0,0,0,0,0,0,0,29
TXN0004217,2024-02-18T23:38:00,48,M0060,Services,high,C00613,294,20,7531,0.0191,16457.17,netbanking,PNB,432959,23,6,1,0,0,0,0,0,0,0,0,0,1,42
TXN0004218,2024-02-18T16:51:00,48,M0036,Retail,low,C00001,266,5,6471,0.1662,4714.65,upi,PNB,472343,16,6,1,12,0,0,0,0,0,1,0,0,0,56
TXN0004219,2024-02-18T08:57:00,48,M0006,Food,low,C01162,25,4,605,0.233,2047.07,upi,PNB,403665,8,6,1,0,1,1,0,0,0,0,0,0,0,48
TXN0004220,2024-02-18T15:01:00,48,M0152,Retail,high,C01123,182,15,6346,0.1537,11624.25,upi,Yes,451434,15,6,1,0,1,1,0,0,0,0,0,0,0,17
TXN0004221,2024-02-18T12:29:00,48,M0157,SaaS,mid,C00178,20,4,1085,0.1022,1407.88,upi,SBI,522891,12,6,1,0,0,1,0,0,0,1,0,0,1,56
TXN0004222,2024-02-18T17:03:00,48,M0078,B2B,high,C00615,233,15,5548,0.0875,37395.44,upi,PNB,577069,17,6,1,6,0,0,0,0,0,1,0,1,0,42
TXN0004223,2024-02-18T18:33:00,48,M0032,Food,low,C01470,7,1,1589,0.028,3708.32,wallet,HDFC,518649,18,6,1,0,0,0,0,0,0,0,0,0,1,43
TXN0004224,2024-02-18T08:13:00,48,M0016,Services,high,C00979,877,53,10504,0.0387,4982.92,wallet,Axis,451069,8,6,1,0,0,0,0,0,0,0,0,0,0,28
TXN0004225,2024-02-18T05:38:00,48,M0119,Retail,high,C00289,838,113,11799,0.0085,10403.36,wallet,ICICI,486421,5,6,1,0,0,0,0,0,0,0,1,1,0,62
TXN0004226,2024-02-18T14:55:00,48,M0049,Services,mid,C00647,25,4,1433,0.0659,1070.0,wallet,Yes,596183,14,6,1,0,0,1,0,0,0,0,0,0,1,55
TXN0004227,2024-02-18T08:17:00,48,M0161,Services,mid,C00794,294,13,3464,0.0308,7576.35,netbanking,Canara,407906,8,6,1,0,0,0,0,0,0,1,0,0,0,49
TXN0004228,2024-02-18T10:37:00,48,M0019,Services,mid,C00425,783,99,24545,0.0148,10886.25,card,HDFC,402958,10,6,1,12,0,1,0,0,0,0,0,0,0,49
TXN0004229,2024-02-18T18:28:00,48,M0137,B2B,mid,C00913,120,7,7354,0.1533,38420.4,upi,ICICI,400384,18,6,1,0,0,0,0,0,0,0,1,1,0,69
TXN0004230,2024-02-18T14:52:00,48,M0015,Services,low,C00536,12,4,1407,0.0616,2585.56,wallet,Kotak,437199,14,6,1,0,0,1,0,0,0,1,0,0,1,68
TXN0004231,2024-02-18T15:14:00,48,M0092,Food,low,C00073,293,17,4162,0.1695,1677.86,upi,Kotak,548836,15,6,1,0,0,0,1,0,0,1,1,1,0,25
TXN0004232,2024-02-18T14:52:00,48,M0022,Retail,low,C00084,95,8,6140,0.1283,3902.97,upi,Yes,499201,14,6,1,0,0,0,1,0,0,0,1,1,0,65
TXN0004233,2024-02-18T10:25:00,48,M0051,Food,low,C01302,271,15,5845,0.0997,8679.83,upi,PNB,486386,10,6,1,0,0,0,0,1,0,0,1,1,0,23
TXN0004234,2024-02-18T15:06:00,48,M0138,Services,mid,C00369,128,16,1165,0.0715,1559.29,card,Kotak,518888,15,6,1,0,0,0,0,0,0,0,0,0,0,18
TXN0004235,2024-02-18T09:51:00,48,M0104,Food,low,C01200,782,68,18104,0.0362,3986.46,wallet,ICICI,507998,9,6,1,0,0,0,0,0,0,0,0,0,0,36
TXN0004236,2024-02-18T07:23:00,48,M0039,Logistics,mid,C00773,866,52,18391,0.0182,15970.66,card,ICICI,408396,7,6,1,0,0,0,0,0,0,0,0,0,1,55
TXN0004237,2024-02-18T20:25:00,48,M0044,Logistics,low,C00390,180,11,5099,0.0301,12818.57,upi,Axis,514160,20,6,1,0,0,1,0,0,0,0,0,0,0,66
TXN0004238,2024-02-18T16:41:00,48,M0040,SaaS,mid,C00539,88,12,6184,0.0646,7868.13,netbanking,Kotak,460366,16,6,1,0,0,0,1,0,0,0,1,1,0,55
TXN0004239,2024-02-18T18:40:00,48,M0030,B2B,high,C00629,174,16,3559,0.0527,74086.57,upi,HDFC,502063,18,6,1,0,0,1,0,0,0,1,1,1,0,43
TXN0004240,2024-02-18T10:45:00,48,M0021,SaaS,mid,C01413,15,2,630,0.1079,3014.86,netbanking,Yes,471341,10,6,1,0,0,0,0,0,0,1,0,0,0,23
TXN0004241,2024-02-18T21:48:00,48,M0194,Retail,mid,C00689,20,1,513,0.005,858.19,card,ICICI,431764,21,6,1,0,0,0,0,0,0,0,0,0,0,27
TXN0004242,2024-02-18T14:41:00,48,M0093,SaaS,mid,C01449,25,4,501,0.0588,1227.01,upi,SBI,426788,14,6,1,0,0,0,0,0,0,0,0,0,0,59
TXN0004243,2024-02-18T00:01:00,48,M0182,Retail,high,C00658,808,113,16531,0.032,7341.42,netbanking,Axis,588878,0,6,1,0,0,0,0,0,0,0,0,0,1,47
TXN0004244,2024-02-18T08:28:00,48,M0037,Retail,mid,C00057,299,11,4482,0.0391,3183.11,wallet,ICICI,450141,8,6,1,0,0,1,0,0,0,0,0,0,0,28
TXN0004245,2024-02-18T11:30:00,48,M0086,Retail,high,C00065,198,19,4385,0.0174,2929.87,wallet,ICICI,475422,11,6,1,0,0,0,0,0,0,1,0,0,0,22
TXN0004246,2024-02-18T11:09:00,48,M0080,Logistics,low,C00566,81,17,5110,0.0665,19038.06,card,Canara,471532,11,6,1,0,0,1,0,0,0,0,0,0,0,32
TXN0004247,2024-02-18T02:37:00,48,M0055,Services,mid,C01180,289,7,4681,0.1057,1759.74,wallet,Kotak,518635,2,6,1,1,1,1,0,0,0,0,1,1,0,20
TXN0004248,2024-02-18T20:12:00,48,M0134,Services,low,C00816,19,4,737,0.0138,2532.21,upi,PNB,537498,20,6,1,9,0,1,0,0,0,0,0,0,1,29
TXN0004249,2024-02-18T16:29:00,48,M0075,Retail,mid,C01379,877,76,14212,0.0235,1832.21,upi,Canara,562680,16,6,1,0,0,0,0,0,0,0,0,0,1,23
TXN0004250,2024-02-18T07:50:00,48,M0016,Services,high,C00897,64,9,6295,0.0343,6955.65,netbanking,Kotak,558408,7,6,1,0,0,0,0,0,0,0,0,0,0,43
TXN0004251,2024-02-18T19:56:00,48,M0095,Food,low,C01103,926,64,19115,0.0046,8184.71,upi,SBI,587755,19,6,1,0,0,0,1,0,0,0,0,1,0,32
TXN0004252,2024-02-18T05:26:00,48,M0199,SaaS,mid,C00673,806,50,4239,0.0236,4365.58,netbanking,Yes,548693,5,6,1,0,0,1,0,0,0,0,1,1,0,50
TXN0004253,2024-02-18T04:18:00,48,M0143,Logistics,mid,C00490,819,113,17384,0.0002,11845.48,card,Canara,468871,4,6,1,0,0,2,1,0,0,1,1,1,0,64
TXN0004254,2024-02-18T12:01:00,48,M0122,Retail,low,C00156,171,13,6238,0.025,1503.18,card,Canara,413673,12,6,1,0,0,0,1,0,0,0,1,1,0,48
TXN0004255,2024-02-18T18:44:00,48,M0180,Food,low,C01387,998,75,21611,0.0326,7560.07,wallet,Axis,530108,18,6,1,0,0,0,0,0,0,0,0,0,0,22
TXN0004256,2024-02-18T17:46:00,48,M0026,Retail,high,C01121,100,13,1753,0.1255,1395.51,upi,HDFC,585837,17,6,1,0,0,0,0,0,0,1,0,0,0,70
TXN0004257,2024-02-18T16:31:00,48,M0173,Food,high,C00882,253,6,5671,0.095,1841.77,card,PNB,594755,16,6,1,0,0,0,1,0,0,0,0,1,0,32
TXN0004258,2024-02-19T13:46:00,49,M0142,Retail,mid,C00072,298,15,2545,0.0745,2643.01,card,Yes,446574,13,0,0,0,0,2,0,0,0,0,0,0,0,30
TXN0004259,2024-02-19T03:41:00,49,M0162,Services,high,C00136,918,106,18128,0.0252,22865.93,upi,ICICI,420581,3,0,0,0,0,0,0,0,0,0,1,1,0,41
TXN0004260,2024-02-19T05:38:00,49,M0066,Food,mid,C01012,10,1,716,0.1008,377.0,netbanking,Canara,558987,5,0,0,0,0,0,0,0,0,0,0,0,0,63
TXN0004261,2024-02-19T10:32:00,49,M0102,Retail,high,C00216,198,9,6353,0.0248,4838.65,upi,Yes,462886,10,0,0,0,0,0,0,0,0,0,0,0,0,28
TXN0004262,2024-02-19T19:17:00,49,M0062,B2B,low,C01149,892,51,7931,0.0336,33679.16,netbanking,ICICI,581333,19,0,0,0,0,1,1,0,0,0,1,1,0,63
TXN0004263,2024-02-19T10:15:00,49,M0194,Retail,mid,C01436,16,3,1961,0.0725,2814.35,wallet,HDFC,432411,10,0,0,9,0,0,0,0,0,0,0,0,0,16
TXN0004264,2024-02-19T08:10:00,49,M0138,Services,mid,C00929,9,4,1841,0.0442,3708.49,card,Kotak,551093,8,0,0,0,0,1,0,1,0,0,1,1,0,18
TXN0004265,2024-02-19T14:37:00,49,M0049,Services,mid,C01294,194,19,3596,0.0608,1178.17,upi,Canara,417166,14,0,0,0,0,0,0,0,0,1,0,0,0,13
TXN0004266,2024-02-19T03:06:00,49,M0170,Logistics,mid,C00374,295,16,6772,0.0438,5324.99,upi,HDFC,571339,3,0,0,0,0,2,0,0,0,0,0,0,0,39
TXN0004267,2024-02-19T12:12:00,49,M0137,B2B,mid,C00246,158,9,7475,0.1369,44589.35,wallet,ICICI,582448,12,0,0,0,0,0,0,0,0,0,1,1,0,69
TXN0004268,2024-02-19T05:30:00,49,M0005,Logistics,high,C01469,18,1,1532,0.1089,5783.94,card,Canara,435038,5,0,0,9,0,0,0,0,0,0,0,0,0,19
TXN0004269,2024-02-19T08:58:00,49,M0142,Retail,mid,C01004,144,8,1025,0.0719,1544.88,wallet,Kotak,542864,8,0,0,9,0,0,0,0,0,0,0,0,0,20
TXN0004270,2024-02-19T11:18:00,49,M0170,Logistics,mid,C00167,951,114,4815,0.0341,5941.89,card,Axis,413435,11,0,0,0,0,1,0,0,0,0,0,0,0,25
TXN0004271,2024-02-19T14:49:00,49,M0016,Services,high,C00275,197,10,5545,0.0476,6598.86,wallet,PNB,569006,14,0,0,0,0,1,0,0,0,0,0,0,0,69
TXN0004272,2024-02-19T17:13:00,49,M0080,Logistics,low,C00469,906,112,18797,0.0674,8038.38,netbanking,Canara,481428,17,0,0,0,0,0,0,0,0,0,0,0,0,20
TXN0004273,2024-02-19T10:25:00,49,M0141,Logistics,low,C01081,245,20,7234,0.042,16345.1,card,SBI,572969,10,0,0,0,0,0,0,0,0,1,1,1,0,61
TXN0004274,2024-02-19T16:31:00,49,M0020,B2B,low,C00847,82,20,2057,0.0392,14712.72,netbanking,Axis,561165,16,0,0,0,0,0,0,0,0,0,0,0,0,60
TXN0004275,2024-02-19T19:43:00,49,M0170,Logistics,mid,C00576,741,55,11106,0.0526,26020.43,wallet,Kotak,423329,19,0,0,0,0,0,0,0,0,0,0,0,0,47
TXN0004276,2024-02-19T09:06:00,49,M0086,Retail,high,C00753,245,8,2753,0.1068,6440.56,netbanking,PNB,565663,9,0,0,0,0,0,0,0,0,1,1,1,0,63
TXN0004277,2024-02-19T10:15:00,49,M0136,Logistics,mid,C00044,254,12,6657,0.0891,7200.75,wallet,Canara,492418,10,0,0,0,0,0,0,0,0,0,0,0,0,72
TXN0004278,2024-02-19T17:46:00,49,M0111,Logistics,low,C00625,9,2,1060,0.0287,6009.15,wallet,HDFC,437676,17,0,0,0,0,0,0,0,1,1,0,0,0,33
TXN0004279,2024-02-19T16:54:00,49,M0164,Logistics,high,C01073,216,10,2545,0.126,6677.28,card,ICICI,400313,16,0,0,0,1,1,0,0,0,0,0,0,0,15
TXN0004280,2024-02-19T14:07:00,49,M0165,Services,low,C00809,22,1,606,0.0443,4326.31,upi,HDFC,574742,14,0,0,0,0,1,0,0,0,1,0,0,0,61
TXN0004281,2024-02-19T12:44:00,49,M0033,Logistics,low,C00763,20,4,972,0.1707,16753.25,netbanking,ICICI,450320,12,0,0,0,0,0,0,0,0,0,1,1,0,68
TXN0004282,2024-02-19T10:23:00,49,M0006,Food,low,C00743,196,16,7744,0.0398,2934.77,netbanking,HDFC,547391,10,0,0,7,0,0,0,0,0,0,0,0,0,63
TXN0004283,2024-02-19T07:24:00,49,M0196,Retail,low,C00099,24,1,1989,0.1715,572.73,wallet,ICICI,409236,7,0,0,0,1,1,0,0,0,1,0,0,1,61
TXN0004284,2024-02-19T19:53:00,49,M0145,SaaS,low,C00569,66,14,2386,0.1049,1380.58,upi,Yes,527634,19,0,0,0,0,1,0,0,0,1,0,0,0,67
TXN0004285,2024-02-19T09:44:00,49,M0035,SaaS,mid,C01209,15,4,790,0.0451,470.4,upi,HDFC,470461,9,0,0,0,0,0,0,0,0,0,0,0,0,49
TXN0004286,2024-02-19T07:27:00,49,M0111,Logistics,low,C01193,262,17,3211,0.1334,4561.08,wallet,HDFC,448733,7,0,0,0,0,0,0,0,0,1,0,0,0,39
TXN0004287,2024-02-19T11:31:00,49,M0155,SaaS,mid,C00781,193,11,3984,0.0716,2284.14,card,Kotak,425614,11,0,0,0,0,2,0,0,0,0,0,0,0,25
TXN0004288,2024-02-19T09:38:00,49,M0035,SaaS,mid,C01142,239,20,1936,0.0703,906.04,upi,PNB,440346,9,0,0,0,0,0,0,0,0,0,0,0,0,22
TXN0004289,2024-02-19T19:41:00,49,M0115,Services,high,C00083,24,4,1086,0.0349,2250.36,upi,PNB,452715,19,0,0,0,0,1,0,0,0,0,0,0,0,65
TXN0004290,2024-02-19T08:41:00,49,M0107,SaaS,mid,C01001,6,3,514,0.1072,758.86,upi,Canara,583417,8,0,0,0,0,0,0,0,0,1,0,0,1,43
TXN0004291,2024-02-19T19:26:00,49,M0018,SaaS,high,C01165,811,91,9676,0.0017,7746.66,upi,PNB,474329,19,0,0,0,0,0,0,0,0,1,0,0,0,26
TXN0004292,2024-02-19T23:39:00,49,M0006,Food,low,C00700,833,92,7168,0.0006,11739.51,card,Yes,571497,23,0,0,0,0,1,0,0,0,0,1,1,0,47
TXN0004293,2024-02-19T19:13:00,49,M0157,SaaS,mid,C00011,15,3,642,0.1639,876.45,wallet,Kotak,413212,19,0,0,0,0,1,0,0,0,0,0,0,0,59
TXN0004294,2024-02-19T20:43:00,49,M0143,Logistics,mid,C01029,18,2,615,0.0338,29425.65,netbanking,Kotak,541313,20,0,0,0,0,0,0,0,0,0,1,1,0,17
TXN0004295,2024-02-19T06:09:00,49,M0144,Retail,low,C01385,233,17,3459,0.019,3313.66,card,PNB,574046,6,0,0,0,0,0,0,0,1,0,1,1,0,22
TXN0004296,2024-02-19T18:54:00,49,M0068,B2B,low,C01130,848,77,24437,0.0028,24868.3,card,Axis,576712,18,0,0,0,0,2,0,0,0,0,0,0,0,67
TXN0004297,2024-02-19T11:05:00,49,M0176,SaaS,low,C00452,881,68,12766,0.0175,5318.64,wallet,PNB,567700,11,0,0,0,0,0,0,0,0,0,0,0,0,45
TXN0004298,2024-02-19T19:50:00,49,M0185,Food,high,C01239,20,3,1092,0.1306,1539.1,card,SBI,528393,19,0,0,0,0,0,1,0,0,1,1,1,0,37
TXN0004299,2024-02-19T21:00:00,49,M0111,Logistics,low,C00511,261,20,3457,0.0646,6061.11,netbanking,Axis,459633,21,0,0,0,0,0,0,0,0,0,0,0,0,64
TXN0004300,2024-02-19T17:51:00,49,M0197,Food,low,C00611,236,14,3084,0.1764,1100.99,netbanking,PNB,550915,17,0,0,0,0,0,0,0,0,0,0,0,0,18
TXN0004301,2024-02-19T19:52:00,49,M0002,B2B,low,C01448,213,20,3457,0.0779,11908.23,wallet,ICICI,460675,19,0,0,0,0,0,0,0,0,0,0,0,1,52
TXN0004302,2024-02-19T18:52:00,49,M0067,Food,mid,C00445,21,1,696,0.0372,334.7,wallet,PNB,549035,18,0,0,0,0,0,0,0,0,1,0,0,0,56
TXN0004303,2024-02-19T07:56:00,49,M0045,Food,high,C00094,229,11,6256,0.1821,3571.45,netbanking,Yes,537687,7,0,0,0,0,1,0,0,0,0,0,0,0,24
TXN0004304,2024-02-19T12:36:00,49,M0110,Food,high,C00261,18,4,651,0.0777,1672.07,netbanking,PNB,440219,12,0,0,9,0,0,0,0,0,0,0,0,0,55
TXN0004305,2024-02-19T00:00:00,49,M0104,Food,low,C01295,16,2,1433,0.053,543.59,wallet,Axis,555943,0,0,0,0,0,2,1,0,0,0,1,1,0,66
TXN0004306,2024-02-19T07:49:00,49,M0103,Services,low,C01292,226,7,1633,0.3705,3104.12,upi,ICICI,455083,7,0,0,0,0,1,1,0,0,0,0,1,0,29
TXN0004307,2024-02-19T07:19:00,49,M0067,Food,mid,C01239,20,3,1092,0.1306,900.95,upi,Kotak,463859,7,0,0,1,1,1,0,0,0,0,0,0,0,58
TXN0004308,2024-02-19T20:06:00,49,M0197,Food,low,C00743,196,16,7744,0.0398,4063.48,card,HDFC,563337,20,0,0,0,1,1,0,0,0,0,0,0,0,56
TXN0004309,2024-02-19T02:22:00,49,M0033,Logistics,low,C00075,161,7,7977,0.0608,5489.24,upi,Axis,443677,2,0,0,0,0,1,0,0,0,0,0,0,0,45
TXN0004310,2024-02-19T12:46:00,49,M0046,SaaS,high,C01088,872,67,11861,0.0525,3869.4,card,Kotak,475268,12,0,0,0,0,0,0,1,0,0,1,1,0,66
TXN0004311,2024-02-19T15:02:00,49,M0037,Retail,mid,C00116,766,100,4386,0.0115,3199.99,upi,ICICI,468411,15,0,0,0,0,2,0,1,0,1,0,1,0,23
TXN0004312,2024-02-19T22:45:00,49,M0176,SaaS,low,C00309,5,3,1379,0.0467,1657.17,wallet,Canara,586610,22,0,0,0,0,0,0,0,0,0,0,0,1,19
TXN0004313,2024-02-19T16:47:00,49,M0015,Services,low,C00093,16,3,624,0.0975,1271.69,wallet,ICICI,518243,16,0,0,0,0,0,0,0,0,1,0,0,0,65
TXN0004314,2024-02-19T07:29:00,49,M0117,SaaS,low,C01397,17,1,1452,0.16,1603.32,wallet,ICICI,555784,7,0,0,0,0,0,0,0,0,0,0,0,0,34
TXN0004315,2024-02-19T19:02:00,49,M0199,SaaS,mid,C00971,17,3,524,0.1054,765.34,card,Axis,512094,19,0,0,0,0,2,0,0,0,0,0,0,0,25
TXN0004316,2024-02-19T12:15:00,49,M0173,Food,high,C01065,288,10,5394,0.1014,5416.66,upi,PNB,467664,12,0,0,0,0,1,0,0,0,0,0,0,0,25
TXN0004317,2024-02-19T12:35:00,49,M0039,Logistics,mid,C00708,95,17,2515,0.1802,27689.98,card,Yes,567927,12,0,0,0,0,0,1,0,0,0,1,1,0,60
TXN0004318,2024-02-19T17:13:00,49,M0149,Services,low,C00331,24,2,1825,0.0553,3231.46,netbanking,Yes,527473,17,0,0,0,0,0,1,0,0,0,1,1,0,24
TXN0004319,2024-02-19T11:48:00,49,M0183,Retail,mid,C00306,139,18,6979,0.0673,13438.7,card,Yes,496573,11,0,0,0,0,1,0,0,0,0,1,1,0,17
TXN0004320,2024-02-19T17:53:00,49,M0067,Food,mid,C00351,767,93,8574,0.0491,2940.13,card,Kotak,589251,17,0,0,0,0,0,0,0,0,0,0,0,0,26
TXN0004321,2024-02-19T19:44:00,49,M0093,SaaS,mid,C00915,220,18,1538,0.0196,2572.24,netbanking,ICICI,457651,19,0,0,11,0,0,0,0,0,1,0,0,0,31
TXN0004322,2024-02-19T19:54:00,49,M0184,Logistics,high,C00731,109,20,3603,0.1668,11347.08,netbanking,PNB,444711,19,0,0,0,0,1,0,0,0,0,0,0,0,33
TXN0004323,2024-02-19T10:42:00,49,M0146,Food,mid,C00795,954,90,24116,0.0144,31711.94,card,Kotak,421021,10,0,0,0,0,0,0,1,0,0,1,1,0,16
TXN0004324,2024-02-19T09:38:00,49,M0114,Logistics,mid,C01368,758,106,23888,0.0261,6029.64,wallet,Canara,592305,9,0,0,0,0,1,0,1,0,0,1,1,0,62
TXN0004325,2024-02-19T11:29:00,49,M0087,Logistics,mid,C00524,820,108,23678,0.0222,28695.67,netbanking,SBI,468765,11,0,0,0,0,0,0,0,0,0,0,0,0,60
TXN0004326,2024-02-19T04:05:00,49,M0182,Retail,high,C01374,5,2,1806,0.0599,3170.18,upi,HDFC,579674,4,0,0,0,0,1,0,0,0,0,0,0,1,16
TXN0004327,2024-02-19T07:36:00,49,M0004,Logistics,low,C01069,740,66,8096,0.0128,11705.22,card,HDFC,581185,7,0,0,0,0,1,0,0,0,1,0,0,0,12
TXN0004328,2024-02-19T13:32:00,49,M0088,Food,low,C00175,128,19,3030,0.0547,3542.41,upi,Yes,535764,13,0,0,0,0,1,0,0,0,0,0,0,0,22
TXN0004329,2024-02-19T08:48:00,49,M0084,B2B,mid,C00096,97,5,3271,0.041,23407.81,card,ICICI,480200,8,0,0,0,0,1,0,0,0,0,0,0,0,41
TXN0004330,2024-02-19T17:02:00,49,M0013,Logistics,high,C00945,201,19,6918,0.026,10165.95,netbanking,PNB,437266,17,0,0,0,0,0,0,0,0,0,0,0,1,38
TXN0004331,2024-02-19T12:58:00,49,M0188,Logistics,mid,C00423,297,8,7325,0.0946,14372.48,upi,Yes,431282,12,0,0,0,0,0,0,0,0,0,1,1,0,22
TXN0004332,2024-02-19T08:25:00,49,M0125,Retail,low,C01472,807,92,5392,0.0039,3259.36,wallet,Yes,494514,8,0,0,0,0,0,0,0,0,1,0,0,0,64
TXN0004333,2024-02-19T20:27:00,49,M0033,Logistics,low,C01039,730,81,12850,0.0007,10658.44,upi,Canara,452486,20,0,0,0,0,0,0,0,0,1,0,0,0,29
TXN0004334,2024-02-19T19:52:00,49,M0096,Food,mid,C00590,749,116,6582,0.0124,9964.07,netbanking,SBI,562574,19,0,0,14,0,0,0,0,0,0,0,0,0,19
TXN0004335,2024-02-19T07:34:00,49,M0041,B2B,low,C00288,208,5,7341,0.1152,27166.86,netbanking,PNB,400530,7,0,0,0,0,0,0,0,0,0,1,1,0,47
TXN0004336,2024-02-19T12:31:00,49,M0166,SaaS,mid,C00677,22,3,664,0.2321,1636.05,card,Axis,551166,12,0,0,0,0,1,0,0,0,0,0,0,0,72
TXN0004337,2024-02-19T09:07:00,49,M0123,Logistics,high,C01373,238,7,5638,0.023,6376.43,card,HDFC,590039,9,0,0,0,0,1,0,0,0,0,0,0,0,22
TXN0004338,2024-02-19T06:47:00,49,M0060,Services,high,C01048,91,10,5312,0.1216,9330.56,netbanking,HDFC,596059,6,0,0,0,0,1,0,0,0,0,0,0,1,15
TXN0004339,2024-02-19T12:06:00,49,M0137,B2B,mid,C01492,24,1,1137,0.1009,18270.97,wallet,HDFC,455901,12,0,0,0,0,0,0,0,0,1,0,0,0,72
TXN0004340,2024-02-19T12:33:00,49,M0198,Food,mid,C01191,67,12,1391,0.2025,1008.76,netbanking,PNB,530303,12,0,0,0,0,0,0,0,0,0,0,0,0,46
TXN0004341,2024-02-19T19:38:00,49,M0142,Retail,mid,C00862,226,19,6713,0.0589,2343.3,upi,ICICI,566240,19,0,0,0,0,1,0,0,0,0,0,0,0,15
TXN0004342,2024-02-19T12:41:00,49,M0164,Logistics,high,C00093,16,3,624,0.0975,8906.5,upi,HDFC,582171,12,0,0,1,1,1,1,0,0,0,1,1,0,50
TXN0004343,2024-02-19T19:15:00,49,M0189,SaaS,mid,C01142,239,20,1936,0.0703,1801.89,card,HDFC,419682,19,0,0,0,1,1,0,0,0,0,0,0,0,23
TXN0004344,2024-02-19T06:07:00,49,M0141,Logistics,low,C01003,891,80,14836,0.0225,17445.03,netbanking,HDFC,531443,6,0,0,0,0,0,0,0,0,1,1,1,0,69
TXN0004345,2024-02-19T18:42:00,49,M0179,Services,low,C01402,178,14,1326,0.0337,2748.68,netbanking,PNB,575316,18,0,0,0,0,0,0,0,0,0,1,1,0,50
TXN0004346,2024-02-19T17:08:00,49,M0063,SaaS,high,C00244,71,7,6606,0.0884,1875.66,card,PNB,425532,17,0,0,0,0,0,0,0,0,0,0,0,0,25
TXN0004347,2024-02-19T14:43:00,49,M0056,Retail,low,C00511,261,20,3457,0.0646,7113.32,netbanking,PNB,584333,14,0,0,1,1,1,0,1,0,0,1,1,0,53
TXN0004348,2024-02-19T13:21:00,49,M0025,Food,mid,C00281,123,14,1264,0.0655,742.51,card,HDFC,517932,13,0,0,0,0,0,0,0,0,0,0,0,0,22
TXN0004349,2024-02-20T19:55:00,50,M0044,Logistics,low,C00241,746,61,16280,0.0092,9153.47,wallet,SBI,438774,19,1,0,0,0,2,0,0,0,0,0,0,0,53
TXN0004350,2024-02-20T05:20:00,50,M0023,Services,low,C00665,272,7,1097,0.067,1986.36,card,HDFC,585355,5,1,0,0,0,1,0,0,0,0,0,0,0,29
TXN0004351,2024-02-20T06:29:00,50,M0147,SaaS,mid,C00334,142,17,3215,0.0486,3202.63,card,Axis,401386,6,1,0,0,0,0,0,0,0,0,0,0,0,30
TXN0004352,2024-02-20T14:59:00,50,M0106,Services,high,C00927,914,55,3972,0.0048,3660.12,wallet,SBI,537035,14,1,0,0,0,0,0,0,0,0,0,0,0,45
TXN0004353,2024-02-20T17:11:00,50,M0050,Logistics,high,C00978,173,15,2099,0.0457,32908.3,netbanking,SBI,466621,17,1,0,0,0,1,0,0,0,1,1,1,0,61
TXN0004354,2024-02-20T09:22:00,50,M0099,B2B,low,C00497,964,108,22229,0.0384,33703.65,wallet,Canara,569490,9,1,0,0,0,1,0,0,0,1,0,1,0,30
TXN0004355,2024-02-20T19:40:00,50,M0031,Food,mid,C00861,1000,68,16236,0.0134,9195.94,card,SBI,407948,19,1,0,0,0,1,0,0,0,0,0,0,0,26
TXN0004356,2024-02-20T18:05:00,50,M0059,Logistics,mid,C00228,23,2,1481,0.0503,3014.19,card,Axis,553574,18,1,0,0,0,0,0,0,0,0,0,0,0,22
TXN0004357,2024-02-20T13:24:00,50,M0088,Food,low,C00657,266,10,3140,0.067,1026.98,upi,Axis,444033,13,1,0,0,0,1,0,0,0,0,0,0,0,29
TXN0004358,2024-02-20T15:00:00,50,M0059,Logistics,mid,C00217,967,119,16897,0.0128,5005.8,netbanking,Axis,509224,15,1,0,0,0,0,0,0,0,1,0,0,0,56
TXN0004359,2024-02-20T08:39:00,50,M0004,Logistics,low,C00687,211,10,3748,0.0173,5691.48,upi,PNB,424555,8,1,0,0,0,3,0,0,0,0,0,0,0,70
TXN0004360,2024-02-20T11:07:00,50,M0060,Services,high,C00395,123,12,6681,0.0316,15895.46,card,SBI,570752,11,1,0,0,0,0,0,0,0,1,0,0,0,63
TXN0004361,2024-02-20T05:27:00,50,M0071,Retail,low,C01117,9,1,1001,0.0185,1135.79,wallet,Kotak,554045,5,1,0,0,0,0,0,1,0,0,1,1,0,61
TXN0004362,2024-02-20T16:43:00,50,M0043,Logistics,high,C01018,211,11,7939,0.0595,13497.55,netbanking,Kotak,447098,16,1,0,0,0,0,0,0,0,0,0,0,0,52
TXN0004363,2024-02-20T07:12:00,50,M0186,B2B,mid,C00740,151,10,1433,0.0615,20243.65,wallet,HDFC,472733,7,1,0,0,0,2,0,1,0,1,1,1,0,12
TXN0004364,2024-02-20T09:50:00,50,M0158,Retail,low,C00897,64,9,6295,0.0343,8230.02,netbanking,ICICI,512639,9,1,0,0,0,1,0,0,0,0,0,0,0,28
TXN0004365,2024-02-20T14:54:00,50,M0101,Food,low,C00670,6,4,1295,0.065,1451.74,wallet,Axis,483406,14,1,0,0,0,0,0,0,0,0,0,0,1,42
TXN0004366,2024-02-20T19:02:00,50,M0180,Food,low,C00166,192,16,2051,0.2218,373.3,wallet,Yes,472613,19,1,0,0,0,0,0,0,0,0,0,0,0,41
TXN0004367,2024-02-20T16:31:00,50,M0176,SaaS,low,C00025,771,67,7942,0.0048,7422.39,wallet,Axis,533135,16,1,0,0,0,0,0,0,0,0,1,1,0,62
TXN0004368,2024-02-20T09:07:00,50,M0014,Logistics,high,C00488,73,10,4187,0.0391,5291.89,upi,Kotak,558974,9,1,0,0,0,1,0,0,0,1,0,0,0,13
TXN0004369,2024-02-20T19:23:00,50,M0136,Logistics,mid,C01232,24,1,1095,0.0993,12831.63,wallet,Kotak,595204,19,1,0,0,0,0,0,0,0,1,0,0,0,42
TXN0004370,2024-02-20T06:58:00,50,M0037,Retail,mid,C00765,193,20,7494,0.0847,5832.21,card,PNB,487334,6,1,0,0,0,0,0,0,0,1,0,0,0,40
TXN0004371,2024-02-20T10:03:00,50,M0180,Food,low,C00813,914,105,12270,0.0492,8464.34,netbanking,Yes,421118,10,1,0,0,0,0,0,0,0,0,0,0,0,30
TXN0004372,2024-02-20T08:35:00,50,M0173,Food,high,C00420,243,19,1934,0.0247,1747.32,netbanking,Yes,572843,8,1,0,0,0,0,1,0,0,0,1,1,0,71
TXN0004373,2024-02-20T14:31:00,50,M0027,Services,high,C01297,214,12,4677,0.1462,6830.8,card,SBI,515665,14,1,0,0,0,1,0,0,0,0,0,0,0,59
TXN0004374,2024-02-20T19:11:00,50,M0170,Logistics,mid,C01008,20,4,1754,0.1233,5845.58,wallet,PNB,572061,19,1,0,0,0,0,0,0,0,1,0,0,0,32
TXN0004375,2024-02-20T19:52:00,50,M0072,SaaS,high,C01382,8,3,516,0.0408,1573.84,netbanking,Canara,467948,19,1,0,0,0,0,0,0,0,0,0,0,1,62
TXN0004376,2024-02-20T12:29:00,50,M0028,Retail,mid,C00854,25,3,1185,0.0337,1843.65,wallet,Kotak,493895,12,1,0,8,0,0,0,0,0,0,0,0,1,47
TXN0004377,2024-02-20T18:08:00,50,M0101,Food,low,C00042,186,15,2489,0.1032,4187.29,netbanking,HDFC,471480,18,1,0,0,0,0,0,0,0,0,0,0,0,15
TXN0004378,2024-02-20T08:54:00,50,M0103,Services,low,C01376,15,4,962,0.0503,1584.05,upi,ICICI,594134,8,1,0,12,0,0,0,0,0,0,0,0,0,72
TXN0004379,2024-02-20T17:59:00,50,M0084,B2B,mid,C00981,173,5,1529,0.0551,15655.47,netbanking,SBI,529337,17,1,0,0,0,0,0,0,0,0,0,0,0,70
TXN0004380,2024-02-20T15:51:00,50,M0165,Services,low,C00980,292,12,7565,0.1281,13286.5,wallet,Axis,418673,15,1,0,0,0,0,0,0,0,1,0,0,0,22
TXN0004381,2024-02-20T07:49:00,50,M0126,B2B,low,C00773,866,52,18391,0.0182,49225.68,netbanking,HDFC,515875,7,1,0,0,0,1,0,0,0,0,1,1,0,50
TXN0004382,2024-02-20T13:23:00,50,M0084,B2B,mid,C00834,17,1,527,0.0342,11124.13,upi,Canara,597754,13,1,0,0,0,0,0,0,1,0,0,0,0,33
TXN0004383,2024-02-20T06:51:00,50,M0046,SaaS,high,C01082,907,96,17695,0.0238,9238.46,card,ICICI,584246,6,1,0,0,0,1,0,0,0,0,0,0,0,46
TXN0004384,2024-02-20T08:10:00,50,M0183,Retail,mid,C01127,140,17,6944,0.0594,4827.63,wallet,Yes,474592,8,1,0,0,0,0,1,0,0,0,1,1,0,43
TXN0004385,2024-02-20T15:15:00,50,M0197,Food,low,C00877,943,111,21778,0.0075,8418.86,wallet,ICICI,516784,15,1,0,0,0,0,0,0,0,0,0,0,0,42
TXN0004386,2024-02-20T18:57:00,50,M0093,SaaS,mid,C00367,165,13,4137,0.1283,4495.41,upi,PNB,502535,18,1,0,12,0,0,0,0,0,0,0,0,0,12
TXN0004387,2024-02-20T17:07:00,50,M0106,Services,high,C00475,116,18,5922,0.0285,9811.15,wallet,Kotak,556033,17,1,0,0,0,2,0,0,0,0,0,0,0,53
TXN0004388,2024-02-20T21:15:00,50,M0112,Logistics,mid,C00135,132,19,2916,0.0791,20493.83,netbanking,Kotak,412319,21,1,0,0,0,0,0,0,0,0,0,0,1,25
TXN0004389,2024-02-20T14:42:00,50,M0089,Food,low,C00180,200,13,7760,0.0326,1894.98,netbanking,SBI,564781,14,1,0,0,0,2,0,0,0,0,0,0,0,56
TXN0004390,2024-02-20T13:41:00,50,M0015,Services,low,C01224,168,17,1803,0.2423,1212.4,upi,Yes,572335,13,1,0,0,0,1,0,0,0,0,0,0,0,53
TXN0004391,2024-02-20T21:53:00,50,M0049,Services,mid,C00915,220,18,1538,0.0196,2188.56,card,HDFC,458544,21,1,0,0,0,1,0,0,0,1,0,0,0,62
TXN0004392,2024-02-20T11:47:00,50,M0176,SaaS,low,C01145,19,4,1574,0.0565,2007.11,upi,SBI,574789,11,1,0,0,0,1,0,0,0,0,0,0,1,46
TXN0004393,2024-02-20T17:32:00,50,M0033,Logistics,low,C01048,91,10,5312,0.1216,3194.62,card,SBI,420961,17,1,0,0,0,2,0,0,0,0,0,0,0,48
TXN0004394,2024-02-20T11:44:00,50,M0017,B2B,low,C00046,899,95,17868,0.007,56159.63,wallet,ICICI,583104,11,1,0,0,0,0,0,0,0,0,1,1,0,45
TXN0004395,2024-02-20T08:05:00,50,M0151,Food,low,C00817,276,9,2012,0.075,1624.1,card,Axis,431789,8,1,0,0,0,1,0,0,0,0,0,0,0,44
TXN0004396,2024-02-20T10:45:00,50,M0073,SaaS,high,C00835,979,88,23266,0.031,10385.2,wallet,Canara,592933,10,1,0,0,0,0,0,0,0,1,0,0,0,27
TXN0004397,2024-02-20T06:53:00,50,M0144,Retail,low,C01335,21,4,541,0.0082,1890.81,netbanking,Yes,573751,6,1,0,0,0,0,0,0,0,1,0,0,0,51
TXN0004398,2024-02-20T02:27:00,50,M0079,Retail,high,C00566,81,17,5110,0.0665,2392.49,upi,Canara,503998,2,1,0,1,0,2,0,0,0,1,1,1,0,30
TXN0004399,2024-02-20T11:35:00,50,M0166,SaaS,mid,C00726,937,113,7763,0.0556,4096.0,netbanking,Canara,580799,11,1,0,0,0,1,0,0,1,1,0,0,0,55
TXN0004400,2024-02-20T23:13:00,50,M0091,Logistics,high,C00076,287,20,5432,0.1246,10533.07,card,SBI,490340,23,1,0,0,0,2,0,0,0,0,0,0,0,33
TXN0004401,2024-02-20T16:28:00,50,M0138,Services,mid,C01158,19,4,734,0.057,3084.19,upi,HDFC,578184,16,1,0,0,0,0,0,0,0,0,0,0,0,17
TXN0004402,2024-02-20T12:10:00,50,M0093,SaaS,mid,C00697,211,15,4432,0.0478,2144.32,netbanking,Canara,472268,12,1,0,9,0,0,0,0,0,0,0,0,0,67
TXN0004403,2024-02-20T19:11:00,50,M0054,Retail,mid,C00190,104,19,5367,0.0534,3542.6,netbanking,Kotak,492813,19,1,0,0,0,1,0,0,0,0,0,0,0,48
TXN0004404,2024-02-20T18:35:00,50,M0151,Food,low,C01143,141,6,5924,0.2209,4263.3,upi,Canara,515056,18,1,0,1,0,0,0,0,0,0,1,1,0,68
TXN0004405,2024-02-20T12:16:00,50,M0089,Food,low,C00751,13,3,1221,0.0318,794.05,netbanking,HDFC,494287,12,1,0,0,0,1,0,0,0,0,0,0,1,34
TXN0004406,2024-02-20T07:31:00,50,M0196,Retail,low,C00142,20,2,1944,0.1027,7001.72,upi,Yes,583368,7,1,0,0,0,1,0,0,0,0,1,1,0,46
TXN0004407,2024-02-20T17:47:00,50,M0124,Retail,low,C00096,97,5,3271,0.041,1666.79,upi,SBI,500213,17,1,0,0,0,2,0,0,0,1,0,0,0,16
TXN0004408,2024-02-20T10:01:00,50,M0153,Food,low,C01143,141,6,5924,0.2209,25190.65,card,PNB,480966,10,1,0,1,1,1,0,0,0,0,1,1,0,51
TXN0004409,2024-02-20T22:01:00,50,M0080,Logistics,low,C00553,21,2,1667,0.1014,13441.38,upi,Axis,432754,22,1,0,0,0,0,1,0,0,0,1,1,0,33
TXN0004410,2024-02-20T18:00:00,50,M0007,Food,mid,C01413,15,2,630,0.1079,775.75,wallet,HDFC,466020,18,1,0,0,0,1,0,0,1,0,0,0,1,58
TXN0004411,2024-02-20T09:26:00,50,M0157,SaaS,mid,C01295,16,2,1433,0.053,2314.68,upi,Canara,551771,9,1,0,0,0,2,0,0,0,1,0,0,0,61
TXN0004412,2024-02-20T13:26:00,50,M0197,Food,low,C00613,294,20,7531,0.0191,3957.18,card,ICICI,448195,13,1,0,0,0,1,0,0,0,0,0,0,0,48
TXN0004413,2024-02-20T18:51:00,50,M0078,B2B,high,C00538,22,1,1018,0.095,6080.43,netbanking,Axis,415987,18,1,0,0,0,0,0,0,1,1,0,0,0,44
TXN0004414,2024-02-20T11:33:00,50,M0188,Logistics,mid,C00434,17,4,1353,0.0554,12060.93,card,Kotak,429276,11,1,0,0,0,0,0,0,0,0,0,0,1,60
TXN0004415,2024-02-20T13:28:00,50,M0026,Retail,high,C00469,906,112,18797,0.0674,8782.17,upi,PNB,528326,13,1,0,0,1,1,0,0,0,0,0,0,0,66
TXN0004416,2024-02-20T17:05:00,50,M0078,B2B,high,C00333,64,17,7405,0.1213,26004.09,wallet,SBI,428808,17,1,0,0,0,0,0,0,0,0,0,0,0,24
TXN0004417,2024-02-20T10:57:00,50,M0085,SaaS,mid,C00325,126,10,1254,0.1405,2011.38,upi,Canara,515476,10,1,0,0,0,0,0,0,0,0,0,0,0,37
TXN0004418,2024-02-20T20:18:00,50,M0156,Services,mid,C00149,178,20,6175,0.035,6158.46,upi,Kotak,467880,20,1,0,0,0,0,0,0,0,0,0,0,0,36
TXN0004419,2024-02-20T13:18:00,50,M0097,Services,low,C00307,10,1,525,0.1779,1921.67,upi,Axis,437839,13,1,0,0,0,0,0,0,0,0,0,0,0,18
TXN0004420,2024-02-20T09:18:00,50,M0143,Logistics,mid,C01399,25,1,1736,0.1858,14096.05,wallet,Kotak,558923,9,1,0,0,0,0,0,0,0,0,0,0,0,72
TXN0004421,2024-02-20T12:56:00,50,M0090,Logistics,mid,C01169,23,1,727,0.1133,10299.04,upi,ICICI,426141,12,1,0,0,0,0,0,0,0,1,0,0,1,50
TXN0004422,2024-02-20T10:20:00,50,M0177,Food,low,C01289,145,18,6341,0.0789,2305.96,card,HDFC,589623,10,1,0,0,0,1,1,0,0,0,1,1,0,33
TXN0004423,2024-02-20T13:12:00,50,M0011,Food,low,C00956,207,6,7039,0.0199,4244.19,wallet,HDFC,456163,13,1,0,0,0,0,0,0,0,0,0,0,0,72
TXN0004424,2024-02-20T14:19:00,50,M0041,B2B,low,C01383,16,3,833,0.1456,55462.92,upi,Yes,464972,14,1,0,0,0,0,0,0,0,0,1,1,0,22
TXN0004425,2024-02-20T17:53:00,50,M0092,Food,low,C00745,236,8,4418,0.0669,1802.03,upi,Yes,590304,17,1,0,0,0,1,1,0,0,0,1,1,0,43
TXN0004426,2024-02-20T18:59:00,50,M0041,B2B,low,C00748,7,4,1914,0.0105,13223.94,card,ICICI,552739,18,1,0,0,0,1,0,0,0,0,0,0,1,59
TXN0004427,2024-02-20T15:16:00,50,M0000,Logistics,low,C00136,918,106,18128,0.0252,8850.28,upi,Kotak,552480,15,1,0,0,0,1,0,0,0,1,0,0,0,23
TXN0004428,2024-02-20T08:26:00,50,M0151,Food,low,C00543,202,16,7598,0.0093,5604.18,card,SBI,507365,8,1,0,0,0,0,0,0,0,0,0,0,0,14
TXN0004429,2024-02-20T13:33:00,50,M0168,Food,high,C01156,783,61,24286,0.0003,3331.49,wallet,Kotak,571036,13,1,0,0,0,0,0,0,0,0,0,0,0,23
TXN0004430,2024-02-20T11:43:00,50,M0171,Retail,low,C00140,942,56,15991,0.0155,8635.0,netbanking,SBI,589259,11,1,0,0,0,1,0,0,0,0,1,1,0,17
TXN0004431,2024-02-20T13:04:00,50,M0057,Food,high,C00520,972,120,4763,0.0006,6370.75,wallet,ICICI,404518,13,1,0,0,0,2,0,0,0,0,0,0,0,13
TXN0004432,2024-02-20T20:00:00,50,M0172,Food,mid,C01060,157,10,4057,0.1045,2392.42,card,SBI,451995,20,1,0,0,0,0,0,0,0,0,0,0,0,24
